{
    "gen": 29,
    "enemies": [
        1,
        2,
        3,
        4,
        5,
        6,
        7,
        8
    ],
    "results": [
        {
            "gain": -386.7999999999999,
            "fitness": -7.471464958220636,
            "fitness_balanced": 89.29173230259885,
            "gains": [
                -100,
                4,
                -80.0,
                -80.0,
                -20.0,
                -100,
                -100,
                89.2000000000001
            ],
            "wins": [
                false,
                true,
                false,
                false,
                false,
                false,
                false,
                true
            ]
        },
        {
            "gain": -386.7999999999999,
            "fitness": -7.471464958220636,
            "fitness_balanced": 89.29173230259885,
            "gains": [
                -100,
                4,
                -80.0,
                -80.0,
                -20.0,
                -100,
                -100,
                89.2000000000001
            ],
            "wins": [
                false,
                true,
                false,
                false,
                false,
                false,
                false,
                true
            ]
        },
        {
            "gain": -386.7999999999999,
            "fitness": -7.471464958220636,
            "fitness_balanced": 89.29173230259885,
            "gains": [
                -100,
                4,
                -80.0,
                -80.0,
                -20.0,
                -100,
                -100,
                89.2000000000001
            ],
            "wins": [
                false,
                true,
                false,
                false,
                false,
                false,
                false,
                true
            ]
        },
        {
            "gain": -386.7999999999999,
            "fitness": -7.471464958220636,
            "fitness_balanced": 89.29173230259885,
            "gains": [
                -100,
                4,
                -80.0,
                -80.0,
                -20.0,
                -100,
                -100,
                89.2000000000001
            ],
            "wins": [
                false,
                true,
                false,
                false,
                false,
                false,
                false,
                true
            ]
        },
        {
            "gain": -386.7999999999999,
            "fitness": -7.471464958220636,
            "fitness_balanced": 89.29173230259885,
            "gains": [
                -100,
                4,
                -80.0,
                -80.0,
                -20.0,
                -100,
                -100,
                89.2000000000001
            ],
            "wins": [
                false,
                true,
                false,
                false,
                false,
                false,
                false,
                true
            ]
        }
    ]
}