{
    "gen": 29,
    "enemies": [
        1,
        2,
        3,
        4,
        5,
        6,
        7,
        8
    ],
    "results": [
        {
            "gain": -235.59999999999937,
            "fitness": 17.19726201207097,
            "fitness_balanced": 73.07959913428301,
            "gains": [
                -70.0,
                -60.0,
                -40.0,
                67.00000000000031,
                -50.0,
                -60.0,
                -80.0,
                57.400000000000325
            ],
            "wins": [
                false,
                false,
                false,
                true,
                false,
                false,
                false,
                true
            ]
        },
        {
            "gain": -235.59999999999937,
            "fitness": 17.19726201207097,
            "fitness_balanced": 73.07959913428301,
            "gains": [
                -70.0,
                -60.0,
                -40.0,
                67.00000000000031,
                -50.0,
                -60.0,
                -80.0,
                57.400000000000325
            ],
            "wins": [
                false,
                false,
                false,
                true,
                false,
                false,
                false,
                true
            ]
        },
        {
            "gain": -235.59999999999937,
            "fitness": 17.19726201207097,
            "fitness_balanced": 73.07959913428301,
            "gains": [
                -70.0,
                -60.0,
                -40.0,
                67.00000000000031,
                -50.0,
                -60.0,
                -80.0,
                57.400000000000325
            ],
            "wins": [
                false,
                false,
                false,
                true,
                false,
                false,
                false,
                true
            ]
        },
        {
            "gain": -235.59999999999937,
            "fitness": 17.19726201207097,
            "fitness_balanced": 73.07959913428301,
            "gains": [
                -70.0,
                -60.0,
                -40.0,
                67.00000000000031,
                -50.0,
                -60.0,
                -80.0,
                57.400000000000325
            ],
            "wins": [
                false,
                false,
                false,
                true,
                false,
                false,
                false,
                true
            ]
        },
        {
            "gain": -235.59999999999937,
            "fitness": 17.19726201207097,
            "fitness_balanced": 73.07959913428301,
            "gains": [
                -70.0,
                -60.0,
                -40.0,
                67.00000000000031,
                -50.0,
                -60.0,
                -80.0,
                57.400000000000325
            ],
            "wins": [
                false,
                false,
                false,
                true,
                false,
                false,
                false,
                true
            ]
        }
    ]
}