{
    "gen": 29,
    "enemies": [
        1
    ],
    "results": [
        {
            "gain": -37.5,
            "fitness": 50.42153319853999,
            "fitness_balanced": 33.976552407038966,
            "wins": [
                0.0
            ]
        }
    ]
}