{
    "gen": 29,
    "enemies": [
        5
    ],
    "results": [
        {
            "gain": 80.65000000000016,
            "fitness": 92.77274858846074,
            "fitness_balanced": 84.28254710353539,
            "wins": [
                1.0
            ]
        }
    ]
}