{
    "gen": 29,
    "enemies": [
        8
    ],
    "results": [
        {
            "gain": 88.60000000000011,
            "fitness": 93.4528282285399,
            "fitness_balanced": 88.88835394814501,
            "wins": [
                true
            ]
        }
    ]
}