{
    "gen": 29,
    "enemies": [
        1,
        2,
        3,
        4,
        5,
        6,
        7,
        8
    ],
    "results": [
        {
            "gain": -199.59999999999948,
            "fitness": 21.825868429340808,
            "fitness_balanced": 9.356144264454276,
            "gains": [
                -90.0,
                8,
                -70.0,
                -80.0,
                42.40000000000029,
                10.000000000000231,
                -10.0,
                -10.0
            ],
            "wins": [
                false,
                true,
                false,
                false,
                true,
                true,
                false,
                false
            ]
        },
        {
            "gain": -199.59999999999948,
            "fitness": 21.825868429340808,
            "fitness_balanced": 9.356144264454276,
            "gains": [
                -90.0,
                8,
                -70.0,
                -80.0,
                42.40000000000029,
                10.000000000000231,
                -10.0,
                -10.0
            ],
            "wins": [
                false,
                true,
                false,
                false,
                true,
                true,
                false,
                false
            ]
        },
        {
            "gain": -199.59999999999948,
            "fitness": 21.825868429340808,
            "fitness_balanced": 9.356144264454276,
            "gains": [
                -90.0,
                8,
                -70.0,
                -80.0,
                42.40000000000029,
                10.000000000000231,
                -10.0,
                -10.0
            ],
            "wins": [
                false,
                true,
                false,
                false,
                true,
                true,
                false,
                false
            ]
        },
        {
            "gain": -199.59999999999948,
            "fitness": 21.825868429340808,
            "fitness_balanced": 9.356144264454276,
            "gains": [
                -90.0,
                8,
                -70.0,
                -80.0,
                42.40000000000029,
                10.000000000000231,
                -10.0,
                -10.0
            ],
            "wins": [
                false,
                true,
                false,
                false,
                true,
                true,
                false,
                false
            ]
        },
        {
            "gain": -199.59999999999948,
            "fitness": 21.825868429340808,
            "fitness_balanced": 9.356144264454276,
            "gains": [
                -90.0,
                8,
                -70.0,
                -80.0,
                42.40000000000029,
                10.000000000000231,
                -10.0,
                -10.0
            ],
            "wins": [
                false,
                true,
                false,
                false,
                true,
                true,
                false,
                false
            ]
        }
    ]
}