{
    "gen": 29,
    "enemies": [
        7
    ],
    "results": [
        {
            "gain": 34.92000000000022,
            "fitness": 81.54879693105883,
            "fitness_balanced": 80.28679402095835,
            "wins": [
                0.8
            ]
        }
    ]
}