{
    "gen": 29,
    "enemies": [
        7
    ],
    "results": [
        {
            "gain": 70.60000000000028,
            "fitness": 91.75173230259882,
            "fitness_balanced": 79.98679402095836,
            "wins": [
                true
            ]
        }
    ]
}