{
    "gen": 29,
    "enemies": [
        5
    ],
    "results": [
        {
            "gain": 53.55000000000013,
            "fitness": 83.64141239263955,
            "fitness_balanced": 79.61642023266145,
            "wins": [
                0.75
            ]
        }
    ]
}