{
    "gen": 29,
    "enemies": [
        1,
        2,
        3,
        4,
        5,
        6,
        7,
        8
    ],
    "results": [
        {
            "gain": -561.2,
            "fitness": -20.30792448722585,
            "fitness_balanced": -22.60082042202628,
            "gains": [
                -100,
                -80.0,
                -90.0,
                -90.0,
                98.80000000000001,
                -100,
                -100,
                -100
            ],
            "wins": [
                false,
                false,
                false,
                false,
                true,
                false,
                false,
                false
            ]
        },
        {
            "gain": -561.2,
            "fitness": -20.30792448722585,
            "fitness_balanced": -22.60082042202628,
            "gains": [
                -100,
                -80.0,
                -90.0,
                -90.0,
                98.80000000000001,
                -100,
                -100,
                -100
            ],
            "wins": [
                false,
                false,
                false,
                false,
                true,
                false,
                false,
                false
            ]
        },
        {
            "gain": -561.2,
            "fitness": -20.30792448722585,
            "fitness_balanced": -22.60082042202628,
            "gains": [
                -100,
                -80.0,
                -90.0,
                -90.0,
                98.80000000000001,
                -100,
                -100,
                -100
            ],
            "wins": [
                false,
                false,
                false,
                false,
                true,
                false,
                false,
                false
            ]
        },
        {
            "gain": -561.2,
            "fitness": -20.30792448722585,
            "fitness_balanced": -22.60082042202628,
            "gains": [
                -100,
                -80.0,
                -90.0,
                -90.0,
                98.80000000000001,
                -100,
                -100,
                -100
            ],
            "wins": [
                false,
                false,
                false,
                false,
                true,
                false,
                false,
                false
            ]
        },
        {
            "gain": -561.2,
            "fitness": -20.30792448722585,
            "fitness_balanced": -22.60082042202628,
            "gains": [
                -100,
                -80.0,
                -90.0,
                -90.0,
                98.80000000000001,
                -100,
                -100,
                -100
            ],
            "wins": [
                false,
                false,
                false,
                false,
                true,
                false,
                false,
                false
            ]
        }
    ]
}