{
    "gen": 29,
    "enemies": [
        1,
        2,
        3,
        4,
        5,
        6,
        7,
        8
    ],
    "results": [
        {
            "gain": -137.1999999999996,
            "fitness": 10.30361480187856,
            "fitness_balanced": 0.22439183956744557,
            "gains": [
                -70.0,
                74,
                -30.0,
                -90.0,
                50.20000000000031,
                -90.0,
                88.60000000000011,
                -70.0
            ],
            "wins": [
                false,
                true,
                false,
                false,
                true,
                false,
                true,
                false
            ]
        },
        {
            "gain": -137.1999999999996,
            "fitness": 10.30361480187856,
            "fitness_balanced": 0.22439183956744557,
            "gains": [
                -70.0,
                74,
                -30.0,
                -90.0,
                50.20000000000031,
                -90.0,
                88.60000000000011,
                -70.0
            ],
            "wins": [
                false,
                true,
                false,
                false,
                true,
                false,
                true,
                false
            ]
        },
        {
            "gain": -137.1999999999996,
            "fitness": 10.30361480187856,
            "fitness_balanced": 0.22439183956744557,
            "gains": [
                -70.0,
                74,
                -30.0,
                -90.0,
                50.20000000000031,
                -90.0,
                88.60000000000011,
                -70.0
            ],
            "wins": [
                false,
                true,
                false,
                false,
                true,
                false,
                true,
                false
            ]
        },
        {
            "gain": -137.1999999999996,
            "fitness": 10.30361480187856,
            "fitness_balanced": 0.22439183956744557,
            "gains": [
                -70.0,
                74,
                -30.0,
                -90.0,
                50.20000000000031,
                -90.0,
                88.60000000000011,
                -70.0
            ],
            "wins": [
                false,
                true,
                false,
                false,
                true,
                false,
                true,
                false
            ]
        },
        {
            "gain": -137.1999999999996,
            "fitness": 10.30361480187856,
            "fitness_balanced": 0.22439183956744557,
            "gains": [
                -70.0,
                74,
                -30.0,
                -90.0,
                50.20000000000031,
                -90.0,
                88.60000000000011,
                -70.0
            ],
            "wins": [
                false,
                true,
                false,
                false,
                true,
                false,
                true,
                false
            ]
        }
    ]
}