{
    "gen": 29,
    "enemies": [
        7
    ],
    "results": [
        {
            "gain": 7.880000000000058,
            "fitness": 64.98612145645224,
            "fitness_balanced": 39.86420156294974,
            "wins": [
                0.4
            ]
        }
    ]
}