{
    "gen": 29,
    "enemies": [
        8
    ],
    "results": [
        {
            "gain": 4.6400000000000885,
            "fitness": 63.75835161482286,
            "fitness_balanced": 82.86627799644587,
            "wins": [
                0.4
            ]
        }
    ]
}