{
    "gen": 999,
    "enemies": [
        1,
        2,
        3,
        4,
        5,
        6,
        7,
        8
    ],
    "results": [
        {
            "gain": 30.400000000000603,
            "fitness": 56.80740946452444,
            "fitness_balanced": 26.272303744443178,
            "gains": [
                -30.0,
                -10.0,
                10,
                -10.0,
                70.60000000000028,
                -50.0,
                -10.0,
                59.80000000000033
            ],
            "wins": [
                false,
                false,
                true,
                false,
                true,
                false,
                false,
                true
            ]
        },
        {
            "gain": 30.400000000000603,
            "fitness": 56.80740946452444,
            "fitness_balanced": 26.272303744443178,
            "gains": [
                -30.0,
                -10.0,
                10,
                -10.0,
                70.60000000000028,
                -50.0,
                -10.0,
                59.80000000000033
            ],
            "wins": [
                false,
                false,
                true,
                false,
                true,
                false,
                false,
                true
            ]
        },
        {
            "gain": 30.400000000000603,
            "fitness": 56.80740946452444,
            "fitness_balanced": 26.272303744443178,
            "gains": [
                -30.0,
                -10.0,
                10,
                -10.0,
                70.60000000000028,
                -50.0,
                -10.0,
                59.80000000000033
            ],
            "wins": [
                false,
                false,
                true,
                false,
                true,
                false,
                false,
                true
            ]
        },
        {
            "gain": 30.400000000000603,
            "fitness": 56.80740946452444,
            "fitness_balanced": 26.272303744443178,
            "gains": [
                -30.0,
                -10.0,
                10,
                -10.0,
                70.60000000000028,
                -50.0,
                -10.0,
                59.80000000000033
            ],
            "wins": [
                false,
                false,
                true,
                false,
                true,
                false,
                false,
                true
            ]
        },
        {
            "gain": 30.400000000000603,
            "fitness": 56.80740946452444,
            "fitness_balanced": 26.272303744443178,
            "gains": [
                -30.0,
                -10.0,
                10,
                -10.0,
                70.60000000000028,
                -50.0,
                -10.0,
                59.80000000000033
            ],
            "wins": [
                false,
                false,
                true,
                false,
                true,
                false,
                false,
                true
            ]
        }
    ]
}