{
    "gen": 29,
    "enemies": [
        1,
        2,
        3,
        4,
        5,
        6,
        7,
        8
    ],
    "results": [
        {
            "gain": -353.1999999999994,
            "fitness": 7.409453559265465,
            "fitness_balanced": 9.250607014091747,
            "gains": [
                -50.0,
                -20.0,
                -40.0,
                59.20000000000033,
                -32.399999999999764,
                -100,
                -100,
                -70.0
            ],
            "wins": [
                false,
                false,
                false,
                true,
                false,
                false,
                false,
                false
            ]
        },
        {
            "gain": -353.1999999999994,
            "fitness": 7.409453559265465,
            "fitness_balanced": 9.250607014091747,
            "gains": [
                -50.0,
                -20.0,
                -40.0,
                59.20000000000033,
                -32.399999999999764,
                -100,
                -100,
                -70.0
            ],
            "wins": [
                false,
                false,
                false,
                true,
                false,
                false,
                false,
                false
            ]
        },
        {
            "gain": -353.1999999999994,
            "fitness": 7.409453559265465,
            "fitness_balanced": 9.250607014091747,
            "gains": [
                -50.0,
                -20.0,
                -40.0,
                59.20000000000033,
                -32.399999999999764,
                -100,
                -100,
                -70.0
            ],
            "wins": [
                false,
                false,
                false,
                true,
                false,
                false,
                false,
                false
            ]
        },
        {
            "gain": -353.1999999999994,
            "fitness": 7.409453559265465,
            "fitness_balanced": 9.250607014091747,
            "gains": [
                -50.0,
                -20.0,
                -40.0,
                59.20000000000033,
                -32.399999999999764,
                -100,
                -100,
                -70.0
            ],
            "wins": [
                false,
                false,
                false,
                true,
                false,
                false,
                false,
                false
            ]
        },
        {
            "gain": -353.1999999999994,
            "fitness": 7.409453559265465,
            "fitness_balanced": 9.250607014091747,
            "gains": [
                -50.0,
                -20.0,
                -40.0,
                59.20000000000033,
                -32.399999999999764,
                -100,
                -100,
                -70.0
            ],
            "wins": [
                false,
                false,
                false,
                true,
                false,
                false,
                false,
                false
            ]
        }
    ]
}