{
    "gen": 29,
    "enemies": [
        3
    ],
    "results": [
        {
            "gain": -0.4,
            "fitness": 66.38966750119305,
            "fitness_balanced": 63.83248350911166,
            "wins": [
                0.4
            ]
        }
    ]
}