{
    "gen": 29,
    "enemies": [
        7
    ],
    "results": [
        {
            "gain": 67.00000000000031,
            "fitness": 91.34814186652396,
            "fitness_balanced": 78.14341372532814,
            "wins": [
                true
            ]
        }
    ]
}