{
    "gen": 29,
    "enemies": [
        7
    ],
    "results": [
        {
            "gain": 22.00000000000024,
            "fitness": 86.85289246928255,
            "fitness_balanced": 55.64814186652406,
            "wins": [
                true
            ]
        }
    ]
}