{
    "gen": 149,
    "enemies": [
        1,
        2,
        3,
        4,
        5,
        6,
        7,
        8
    ],
    "results": [
        {
            "gain": 253.80000000000092,
            "fitness": 56.70322702177478,
            "fitness_balanced": 73.79486503108367,
            "gains": [
                -70.0,
                70,
                30,
                14.800000000000228,
                68.8000000000003,
                -10.0,
                91.00000000000009,
                59.20000000000033
            ],
            "wins": [
                false,
                true,
                true,
                true,
                true,
                false,
                true,
                true
            ]
        },
        {
            "gain": 253.80000000000092,
            "fitness": 56.70322702177478,
            "fitness_balanced": 73.79486503108367,
            "gains": [
                -70.0,
                70,
                30,
                14.800000000000228,
                68.8000000000003,
                -10.0,
                91.00000000000009,
                59.20000000000033
            ],
            "wins": [
                false,
                true,
                true,
                true,
                true,
                false,
                true,
                true
            ]
        },
        {
            "gain": 253.80000000000092,
            "fitness": 56.70322702177478,
            "fitness_balanced": 73.79486503108367,
            "gains": [
                -70.0,
                70,
                30,
                14.800000000000228,
                68.8000000000003,
                -10.0,
                91.00000000000009,
                59.20000000000033
            ],
            "wins": [
                false,
                true,
                true,
                true,
                true,
                false,
                true,
                true
            ]
        },
        {
            "gain": 253.80000000000092,
            "fitness": 56.70322702177478,
            "fitness_balanced": 73.79486503108367,
            "gains": [
                -70.0,
                70,
                30,
                14.800000000000228,
                68.8000000000003,
                -10.0,
                91.00000000000009,
                59.20000000000033
            ],
            "wins": [
                false,
                true,
                true,
                true,
                true,
                false,
                true,
                true
            ]
        },
        {
            "gain": 253.80000000000092,
            "fitness": 56.70322702177478,
            "fitness_balanced": 73.79486503108367,
            "gains": [
                -70.0,
                70,
                30,
                14.800000000000228,
                68.8000000000003,
                -10.0,
                91.00000000000009,
                59.20000000000033
            ],
            "wins": [
                false,
                true,
                true,
                true,
                true,
                false,
                true,
                true
            ]
        }
    ]
}