{
    "gen": 29,
    "enemies": [
        1
    ],
    "results": [
        {
            "gain": 34.5,
            "fitness": 74.46102625369195,
            "fitness_balanced": 94.77964417492167,
            "wins": [
                0.75
            ]
        }
    ]
}