{
    "gen": 29,
    "enemies": [
        1,
        2,
        3,
        4,
        5,
        6,
        7,
        8
    ],
    "results": [
        {
            "gain": -191.9999999999991,
            "fitness": 17.164161150816522,
            "fitness_balanced": 4.238122671555676,
            "gains": [
                -60.0,
                -50.0,
                -70.0,
                62.80000000000034,
                64.60000000000034,
                -60.0,
                -90.0,
                10.60000000000023
            ],
            "wins": [
                false,
                false,
                false,
                true,
                true,
                false,
                false,
                true
            ]
        },
        {
            "gain": -191.9999999999991,
            "fitness": 17.164161150816522,
            "fitness_balanced": 4.238122671555676,
            "gains": [
                -60.0,
                -50.0,
                -70.0,
                62.80000000000034,
                64.60000000000034,
                -60.0,
                -90.0,
                10.60000000000023
            ],
            "wins": [
                false,
                false,
                false,
                true,
                true,
                false,
                false,
                true
            ]
        },
        {
            "gain": -191.9999999999991,
            "fitness": 17.164161150816522,
            "fitness_balanced": 4.238122671555676,
            "gains": [
                -60.0,
                -50.0,
                -70.0,
                62.80000000000034,
                64.60000000000034,
                -60.0,
                -90.0,
                10.60000000000023
            ],
            "wins": [
                false,
                false,
                false,
                true,
                true,
                false,
                false,
                true
            ]
        },
        {
            "gain": -191.9999999999991,
            "fitness": 17.164161150816522,
            "fitness_balanced": 4.238122671555676,
            "gains": [
                -60.0,
                -50.0,
                -70.0,
                62.80000000000034,
                64.60000000000034,
                -60.0,
                -90.0,
                10.60000000000023
            ],
            "wins": [
                false,
                false,
                false,
                true,
                true,
                false,
                false,
                true
            ]
        },
        {
            "gain": -191.9999999999991,
            "fitness": 17.164161150816522,
            "fitness_balanced": 4.238122671555676,
            "gains": [
                -60.0,
                -50.0,
                -70.0,
                62.80000000000034,
                64.60000000000034,
                -60.0,
                -90.0,
                10.60000000000023
            ],
            "wins": [
                false,
                false,
                false,
                true,
                true,
                false,
                false,
                true
            ]
        }
    ]
}