{
    "gen": 29,
    "enemies": [
        1,
        2,
        3,
        4,
        5,
        6,
        7,
        8
    ],
    "results": [
        {
            "gain": -175.79999999999947,
            "fitness": 14.935859976179692,
            "fitness_balanced": 59.05645558296877,
            "gains": [
                -100,
                84,
                -60.0,
                -70.0,
                -20.0,
                -70.0,
                30.40000000000026,
                29.80000000000026
            ],
            "wins": [
                false,
                true,
                false,
                false,
                false,
                false,
                true,
                true
            ]
        },
        {
            "gain": -175.79999999999947,
            "fitness": 14.935859976179692,
            "fitness_balanced": 59.05645558296877,
            "gains": [
                -100,
                84,
                -60.0,
                -70.0,
                -20.0,
                -70.0,
                30.40000000000026,
                29.80000000000026
            ],
            "wins": [
                false,
                true,
                false,
                false,
                false,
                false,
                true,
                true
            ]
        },
        {
            "gain": -175.79999999999947,
            "fitness": 14.935859976179692,
            "fitness_balanced": 59.05645558296877,
            "gains": [
                -100,
                84,
                -60.0,
                -70.0,
                -20.0,
                -70.0,
                30.40000000000026,
                29.80000000000026
            ],
            "wins": [
                false,
                true,
                false,
                false,
                false,
                false,
                true,
                true
            ]
        },
        {
            "gain": -175.79999999999947,
            "fitness": 14.935859976179692,
            "fitness_balanced": 59.05645558296877,
            "gains": [
                -100,
                84,
                -60.0,
                -70.0,
                -20.0,
                -70.0,
                30.40000000000026,
                29.80000000000026
            ],
            "wins": [
                false,
                true,
                false,
                false,
                false,
                false,
                true,
                true
            ]
        },
        {
            "gain": -175.79999999999947,
            "fitness": 14.935859976179692,
            "fitness_balanced": 59.05645558296877,
            "gains": [
                -100,
                84,
                -60.0,
                -70.0,
                -20.0,
                -70.0,
                30.40000000000026,
                29.80000000000026
            ],
            "wins": [
                false,
                true,
                false,
                false,
                false,
                false,
                true,
                true
            ]
        }
    ]
}