{
    "gen": 29,
    "enemies": [
        1,
        2,
        3,
        4,
        5,
        6,
        7,
        8
    ],
    "results": [
        {
            "gain": -261.5999999999997,
            "fitness": 7.07779015733076,
            "fitness_balanced": 4.58389959779558,
            "gains": [
                -70.0,
                88,
                -90.0,
                -70.0,
                60.40000000000033,
                -70.0,
                -30.0,
                -80.0
            ],
            "wins": [
                false,
                true,
                false,
                false,
                true,
                false,
                false,
                false
            ]
        },
        {
            "gain": -261.5999999999997,
            "fitness": 7.07779015733076,
            "fitness_balanced": 4.58389959779558,
            "gains": [
                -70.0,
                88,
                -90.0,
                -70.0,
                60.40000000000033,
                -70.0,
                -30.0,
                -80.0
            ],
            "wins": [
                false,
                true,
                false,
                false,
                true,
                false,
                false,
                false
            ]
        },
        {
            "gain": -261.5999999999997,
            "fitness": 7.07779015733076,
            "fitness_balanced": 4.58389959779558,
            "gains": [
                -70.0,
                88,
                -90.0,
                -70.0,
                60.40000000000033,
                -70.0,
                -30.0,
                -80.0
            ],
            "wins": [
                false,
                true,
                false,
                false,
                true,
                false,
                false,
                false
            ]
        },
        {
            "gain": -261.5999999999997,
            "fitness": 7.07779015733076,
            "fitness_balanced": 4.58389959779558,
            "gains": [
                -70.0,
                88,
                -90.0,
                -70.0,
                60.40000000000033,
                -70.0,
                -30.0,
                -80.0
            ],
            "wins": [
                false,
                true,
                false,
                false,
                true,
                false,
                false,
                false
            ]
        },
        {
            "gain": -261.5999999999997,
            "fitness": 7.07779015733076,
            "fitness_balanced": 4.58389959779558,
            "gains": [
                -70.0,
                88,
                -90.0,
                -70.0,
                60.40000000000033,
                -70.0,
                -30.0,
                -80.0
            ],
            "wins": [
                false,
                true,
                false,
                false,
                true,
                false,
                false,
                false
            ]
        }
    ]
}