{
    "gen": 29,
    "enemies": [
        1,
        2,
        3,
        4,
        5,
        6,
        7,
        8
    ],
    "results": [
        {
            "gain": -299.79999999999984,
            "fitness": 7.0335325812226515,
            "fitness_balanced": 19.21925648420767,
            "gains": [
                -40.0,
                -60.0,
                30,
                -70.0,
                80.20000000000019,
                -90.0,
                -100,
                -50.0
            ],
            "wins": [
                false,
                false,
                true,
                false,
                true,
                false,
                false,
                false
            ]
        },
        {
            "gain": -299.79999999999984,
            "fitness": 7.0335325812226515,
            "fitness_balanced": 19.21925648420767,
            "gains": [
                -40.0,
                -60.0,
                30,
                -70.0,
                80.20000000000019,
                -90.0,
                -100,
                -50.0
            ],
            "wins": [
                false,
                false,
                true,
                false,
                true,
                false,
                false,
                false
            ]
        },
        {
            "gain": -299.79999999999984,
            "fitness": 7.0335325812226515,
            "fitness_balanced": 19.21925648420767,
            "gains": [
                -40.0,
                -60.0,
                30,
                -70.0,
                80.20000000000019,
                -90.0,
                -100,
                -50.0
            ],
            "wins": [
                false,
                false,
                true,
                false,
                true,
                false,
                false,
                false
            ]
        },
        {
            "gain": -299.79999999999984,
            "fitness": 7.0335325812226515,
            "fitness_balanced": 19.21925648420767,
            "gains": [
                -40.0,
                -60.0,
                30,
                -70.0,
                80.20000000000019,
                -90.0,
                -100,
                -50.0
            ],
            "wins": [
                false,
                false,
                true,
                false,
                true,
                false,
                false,
                false
            ]
        },
        {
            "gain": -299.79999999999984,
            "fitness": 7.0335325812226515,
            "fitness_balanced": 19.21925648420767,
            "gains": [
                -40.0,
                -60.0,
                30,
                -70.0,
                80.20000000000019,
                -90.0,
                -100,
                -50.0
            ],
            "wins": [
                false,
                false,
                true,
                false,
                true,
                false,
                false,
                false
            ]
        }
    ]
}