{
    "gen": 29,
    "enemies": [
        7
    ],
    "results": [
        {
            "gain": -9.839999999999964,
            "fitness": 63.21556353799692,
            "fitness_balanced": 39.657665748035186,
            "wins": [
                0.2
            ]
        }
    ]
}