{
    "gen": 29,
    "enemies": [
        1,
        2,
        3,
        4,
        5,
        6,
        7,
        8
    ],
    "results": [
        {
            "gain": -283.5999999999995,
            "fitness": 8.636954836464177,
            "fitness_balanced": -1.526996002547918,
            "gains": [
                -100,
                -20.0,
                -70.0,
                -70.0,
                -70.0,
                -60.0,
                76.60000000000022,
                29.80000000000026
            ],
            "wins": [
                false,
                false,
                false,
                false,
                false,
                false,
                true,
                true
            ]
        },
        {
            "gain": -283.5999999999995,
            "fitness": 8.636954836464177,
            "fitness_balanced": -1.526996002547918,
            "gains": [
                -100,
                -20.0,
                -70.0,
                -70.0,
                -70.0,
                -60.0,
                76.60000000000022,
                29.80000000000026
            ],
            "wins": [
                false,
                false,
                false,
                false,
                false,
                false,
                true,
                true
            ]
        },
        {
            "gain": -283.5999999999995,
            "fitness": 8.636954836464177,
            "fitness_balanced": -1.526996002547918,
            "gains": [
                -100,
                -20.0,
                -70.0,
                -70.0,
                -70.0,
                -60.0,
                76.60000000000022,
                29.80000000000026
            ],
            "wins": [
                false,
                false,
                false,
                false,
                false,
                false,
                true,
                true
            ]
        },
        {
            "gain": -283.5999999999995,
            "fitness": 8.636954836464177,
            "fitness_balanced": -1.526996002547918,
            "gains": [
                -100,
                -20.0,
                -70.0,
                -70.0,
                -70.0,
                -60.0,
                76.60000000000022,
                29.80000000000026
            ],
            "wins": [
                false,
                false,
                false,
                false,
                false,
                false,
                true,
                true
            ]
        },
        {
            "gain": -283.5999999999995,
            "fitness": 8.636954836464177,
            "fitness_balanced": -1.526996002547918,
            "gains": [
                -100,
                -20.0,
                -70.0,
                -70.0,
                -70.0,
                -60.0,
                76.60000000000022,
                29.80000000000026
            ],
            "wins": [
                false,
                false,
                false,
                false,
                false,
                false,
                true,
                true
            ]
        }
    ]
}