{
    "gen": 29,
    "enemies": [
        1,
        2,
        3,
        4,
        5,
        6,
        7,
        8
    ],
    "results": [
        {
            "gain": -396.5999999999999,
            "fitness": -2.2964603183021843,
            "fitness_balanced": -10.217214990179293,
            "gains": [
                -20.0,
                -80.0,
                -50.0,
                -80.0,
                93.40000000000006,
                -100,
                -100,
                -60.0
            ],
            "wins": [
                false,
                false,
                false,
                false,
                true,
                false,
                false,
                false
            ]
        },
        {
            "gain": -396.5999999999999,
            "fitness": -2.2964603183021843,
            "fitness_balanced": -10.217214990179293,
            "gains": [
                -20.0,
                -80.0,
                -50.0,
                -80.0,
                93.40000000000006,
                -100,
                -100,
                -60.0
            ],
            "wins": [
                false,
                false,
                false,
                false,
                true,
                false,
                false,
                false
            ]
        },
        {
            "gain": -396.5999999999999,
            "fitness": -2.2964603183021843,
            "fitness_balanced": -10.217214990179293,
            "gains": [
                -20.0,
                -80.0,
                -50.0,
                -80.0,
                93.40000000000006,
                -100,
                -100,
                -60.0
            ],
            "wins": [
                false,
                false,
                false,
                false,
                true,
                false,
                false,
                false
            ]
        },
        {
            "gain": -396.5999999999999,
            "fitness": -2.2964603183021843,
            "fitness_balanced": -10.217214990179293,
            "gains": [
                -20.0,
                -80.0,
                -50.0,
                -80.0,
                93.40000000000006,
                -100,
                -100,
                -60.0
            ],
            "wins": [
                false,
                false,
                false,
                false,
                true,
                false,
                false,
                false
            ]
        },
        {
            "gain": -396.5999999999999,
            "fitness": -2.2964603183021843,
            "fitness_balanced": -10.217214990179293,
            "gains": [
                -20.0,
                -80.0,
                -50.0,
                -80.0,
                93.40000000000006,
                -100,
                -100,
                -60.0
            ],
            "wins": [
                false,
                false,
                false,
                false,
                true,
                false,
                false,
                false
            ]
        }
    ]
}