{
    "gen": 29,
    "enemies": [
        1
    ],
    "results": [
        {
            "gain": -30.0,
            "fitness": 57.25586715733346,
            "fitness_balanced": 34.25379680945985,
            "wins": [
                0.0
            ]
        }
    ]
}