{
    "gen": 29,
    "enemies": [
        1,
        2,
        3,
        4,
        5,
        6,
        7,
        8
    ],
    "results": [
        {
            "gain": -188.79999999999941,
            "fitness": 27.78501600468681,
            "fitness_balanced": 8.897226881283341,
            "gains": [
                -60.0,
                -20.0,
                -60.0,
                -60.0,
                41.80000000000029,
                -50.0,
                -50.0,
                69.40000000000029
            ],
            "wins": [
                false,
                false,
                false,
                false,
                true,
                false,
                false,
                true
            ]
        },
        {
            "gain": -188.79999999999941,
            "fitness": 27.78501600468681,
            "fitness_balanced": 8.897226881283341,
            "gains": [
                -60.0,
                -20.0,
                -60.0,
                -60.0,
                41.80000000000029,
                -50.0,
                -50.0,
                69.40000000000029
            ],
            "wins": [
                false,
                false,
                false,
                false,
                true,
                false,
                false,
                true
            ]
        },
        {
            "gain": -188.79999999999941,
            "fitness": 27.78501600468681,
            "fitness_balanced": 8.897226881283341,
            "gains": [
                -60.0,
                -20.0,
                -60.0,
                -60.0,
                41.80000000000029,
                -50.0,
                -50.0,
                69.40000000000029
            ],
            "wins": [
                false,
                false,
                false,
                false,
                true,
                false,
                false,
                true
            ]
        },
        {
            "gain": -188.79999999999941,
            "fitness": 27.78501600468681,
            "fitness_balanced": 8.897226881283341,
            "gains": [
                -60.0,
                -20.0,
                -60.0,
                -60.0,
                41.80000000000029,
                -50.0,
                -50.0,
                69.40000000000029
            ],
            "wins": [
                false,
                false,
                false,
                false,
                true,
                false,
                false,
                true
            ]
        },
        {
            "gain": -188.79999999999941,
            "fitness": 27.78501600468681,
            "fitness_balanced": 8.897226881283341,
            "gains": [
                -60.0,
                -20.0,
                -60.0,
                -60.0,
                41.80000000000029,
                -50.0,
                -50.0,
                69.40000000000029
            ],
            "wins": [
                false,
                false,
                false,
                false,
                true,
                false,
                false,
                true
            ]
        }
    ]
}