{
    "gen": 29,
    "enemies": [
        2
    ],
    "results": [
        {
            "gain": 82.0,
            "fitness": 92.90608953869784,
            "fitness_balanced": 88.72700044143625,
            "wins": [
                1.0
            ]
        }
    ]
}