{
    "gen": 29,
    "enemies": [
        1,
        2,
        3,
        4,
        5,
        6,
        7,
        8
    ],
    "results": [
        {
            "gain": -175.1999999999995,
            "fitness": 6.46377600415876,
            "fitness_balanced": 67.4324835091118,
            "gains": [
                -50.0,
                -70.0,
                78,
                -80.0,
                79.6000000000002,
                -80.0,
                -100,
                47.2000000000003
            ],
            "wins": [
                false,
                false,
                true,
                false,
                true,
                false,
                false,
                true
            ]
        },
        {
            "gain": -175.1999999999995,
            "fitness": 6.46377600415876,
            "fitness_balanced": 67.4324835091118,
            "gains": [
                -50.0,
                -70.0,
                78,
                -80.0,
                79.6000000000002,
                -80.0,
                -100,
                47.2000000000003
            ],
            "wins": [
                false,
                false,
                true,
                false,
                true,
                false,
                false,
                true
            ]
        },
        {
            "gain": -175.1999999999995,
            "fitness": 6.46377600415876,
            "fitness_balanced": 67.4324835091118,
            "gains": [
                -50.0,
                -70.0,
                78,
                -80.0,
                79.6000000000002,
                -80.0,
                -100,
                47.2000000000003
            ],
            "wins": [
                false,
                false,
                true,
                false,
                true,
                false,
                false,
                true
            ]
        },
        {
            "gain": -175.1999999999995,
            "fitness": 6.46377600415876,
            "fitness_balanced": 67.4324835091118,
            "gains": [
                -50.0,
                -70.0,
                78,
                -80.0,
                79.6000000000002,
                -80.0,
                -100,
                47.2000000000003
            ],
            "wins": [
                false,
                false,
                true,
                false,
                true,
                false,
                false,
                true
            ]
        },
        {
            "gain": -175.1999999999995,
            "fitness": 6.46377600415876,
            "fitness_balanced": 67.4324835091118,
            "gains": [
                -50.0,
                -70.0,
                78,
                -80.0,
                79.6000000000002,
                -80.0,
                -100,
                47.2000000000003
            ],
            "wins": [
                false,
                false,
                true,
                false,
                true,
                false,
                false,
                true
            ]
        }
    ]
}