{
    "gen": 29,
    "enemies": [
        1,
        2,
        3,
        4,
        5,
        6,
        7,
        8
    ],
    "results": [
        {
            "gain": -250.9999999999998,
            "fitness": 4.805373743108163,
            "fitness_balanced": -6.965083282688905,
            "gains": [
                100,
                -50.0,
                -70.0,
                -70.0,
                79.0000000000002,
                -90.0,
                -80.0,
                -70.0
            ],
            "wins": [
                true,
                false,
                false,
                false,
                true,
                false,
                false,
                false
            ]
        },
        {
            "gain": -250.9999999999998,
            "fitness": 4.805373743108163,
            "fitness_balanced": -6.965083282688905,
            "gains": [
                100,
                -50.0,
                -70.0,
                -70.0,
                79.0000000000002,
                -90.0,
                -80.0,
                -70.0
            ],
            "wins": [
                true,
                false,
                false,
                false,
                true,
                false,
                false,
                false
            ]
        },
        {
            "gain": -250.9999999999998,
            "fitness": 4.805373743108163,
            "fitness_balanced": -6.965083282688905,
            "gains": [
                100,
                -50.0,
                -70.0,
                -70.0,
                79.0000000000002,
                -90.0,
                -80.0,
                -70.0
            ],
            "wins": [
                true,
                false,
                false,
                false,
                true,
                false,
                false,
                false
            ]
        },
        {
            "gain": -250.9999999999998,
            "fitness": 4.805373743108163,
            "fitness_balanced": -6.965083282688905,
            "gains": [
                100,
                -50.0,
                -70.0,
                -70.0,
                79.0000000000002,
                -90.0,
                -80.0,
                -70.0
            ],
            "wins": [
                true,
                false,
                false,
                false,
                true,
                false,
                false,
                false
            ]
        },
        {
            "gain": -250.9999999999998,
            "fitness": 4.805373743108163,
            "fitness_balanced": -6.965083282688905,
            "gains": [
                100,
                -50.0,
                -70.0,
                -70.0,
                79.0000000000002,
                -90.0,
                -80.0,
                -70.0
            ],
            "wins": [
                true,
                false,
                false,
                false,
                true,
                false,
                false,
                false
            ]
        }
    ]
}