{
    "gen": 29,
    "enemies": [
        1,
        2,
        3,
        4,
        5,
        6,
        7,
        8
    ],
    "results": [
        {
            "gain": -313.7999999999996,
            "fitness": -2.1447824984456645,
            "fitness_balanced": 79.00290651349474,
            "gains": [
                -90.0,
                -10.0,
                -70.0,
                -90.0,
                -3.199999999999875,
                -100,
                -20.0,
                69.40000000000029
            ],
            "wins": [
                false,
                false,
                false,
                false,
                false,
                false,
                false,
                true
            ]
        },
        {
            "gain": -313.7999999999996,
            "fitness": -2.1447824984456645,
            "fitness_balanced": 79.00290651349474,
            "gains": [
                -90.0,
                -10.0,
                -70.0,
                -90.0,
                -3.199999999999875,
                -100,
                -20.0,
                69.40000000000029
            ],
            "wins": [
                false,
                false,
                false,
                false,
                false,
                false,
                false,
                true
            ]
        },
        {
            "gain": -313.7999999999996,
            "fitness": -2.1447824984456645,
            "fitness_balanced": 79.00290651349474,
            "gains": [
                -90.0,
                -10.0,
                -70.0,
                -90.0,
                -3.199999999999875,
                -100,
                -20.0,
                69.40000000000029
            ],
            "wins": [
                false,
                false,
                false,
                false,
                false,
                false,
                false,
                true
            ]
        },
        {
            "gain": -313.7999999999996,
            "fitness": -2.1447824984456645,
            "fitness_balanced": 79.00290651349474,
            "gains": [
                -90.0,
                -10.0,
                -70.0,
                -90.0,
                -3.199999999999875,
                -100,
                -20.0,
                69.40000000000029
            ],
            "wins": [
                false,
                false,
                false,
                false,
                false,
                false,
                false,
                true
            ]
        },
        {
            "gain": -313.7999999999996,
            "fitness": -2.1447824984456645,
            "fitness_balanced": 79.00290651349474,
            "gains": [
                -90.0,
                -10.0,
                -70.0,
                -90.0,
                -3.199999999999875,
                -100,
                -20.0,
                69.40000000000029
            ],
            "wins": [
                false,
                false,
                false,
                false,
                false,
                false,
                false,
                true
            ]
        }
    ]
}