{
    "gen": 29,
    "enemies": [
        5
    ],
    "results": [
        {
            "gain": 57.70000000000023,
            "fitness": 90.17367092825901,
            "fitness_balanced": 75.4832289023336,
            "wins": [
                1.0
            ]
        }
    ]
}