{
    "gen": 29,
    "enemies": [
        1
    ],
    "results": [
        {
            "gain": -7.5,
            "fitness": 58.19557560774136,
            "fitness_balanced": 94.84670840550223,
            "wins": [
                0.25
            ]
        }
    ]
}