{
    "gen": 29,
    "enemies": [
        1,
        2,
        3,
        4,
        5,
        6,
        7,
        8
    ],
    "results": [
        {
            "gain": -381.7999999999997,
            "fitness": 0.1783408923417369,
            "fitness_balanced": -6.305099079681018,
            "gains": [
                -90.0,
                -20.0,
                -50.0,
                -90.0,
                -20.0,
                -100,
                68.2000000000003,
                -80.0
            ],
            "wins": [
                false,
                false,
                false,
                false,
                false,
                false,
                true,
                false
            ]
        },
        {
            "gain": -381.7999999999997,
            "fitness": 0.1783408923417369,
            "fitness_balanced": -6.305099079681018,
            "gains": [
                -90.0,
                -20.0,
                -50.0,
                -90.0,
                -20.0,
                -100,
                68.2000000000003,
                -80.0
            ],
            "wins": [
                false,
                false,
                false,
                false,
                false,
                false,
                true,
                false
            ]
        },
        {
            "gain": -381.7999999999997,
            "fitness": 0.1783408923417369,
            "fitness_balanced": -6.305099079681018,
            "gains": [
                -90.0,
                -20.0,
                -50.0,
                -90.0,
                -20.0,
                -100,
                68.2000000000003,
                -80.0
            ],
            "wins": [
                false,
                false,
                false,
                false,
                false,
                false,
                true,
                false
            ]
        },
        {
            "gain": -381.7999999999997,
            "fitness": 0.1783408923417369,
            "fitness_balanced": -6.305099079681018,
            "gains": [
                -90.0,
                -20.0,
                -50.0,
                -90.0,
                -20.0,
                -100,
                68.2000000000003,
                -80.0
            ],
            "wins": [
                false,
                false,
                false,
                false,
                false,
                false,
                true,
                false
            ]
        },
        {
            "gain": -381.7999999999997,
            "fitness": 0.1783408923417369,
            "fitness_balanced": -6.305099079681018,
            "gains": [
                -90.0,
                -20.0,
                -50.0,
                -90.0,
                -20.0,
                -100,
                68.2000000000003,
                -80.0
            ],
            "wins": [
                false,
                false,
                false,
                false,
                false,
                false,
                true,
                false
            ]
        }
    ]
}