{
    "gen": 29,
    "enemies": [
        7
    ],
    "results": [
        {
            "gain": 33.8000000000001,
            "fitness": 75.68751036989417,
            "fitness_balanced": 90.57274631484283,
            "wins": [
                0.6
            ]
        }
    ]
}