{
    "gen": 29,
    "enemies": [
        6
    ],
    "results": [
        {
            "gain": 6.400000000000233,
            "fitness": 84.84394224923466,
            "fitness_balanced": 47.40090734553959,
            "wins": [
                true
            ]
        }
    ]
}