{
    "gen": 29,
    "enemies": [
        5
    ],
    "results": [
        {
            "gain": 97.00000000000003,
            "fitness": 94.41173296930546,
            "fitness_balanced": 93.20669517527553,
            "wins": [
                true
            ]
        }
    ]
}