{
    "gen": 99,
    "enemies": [
        1,
        2,
        3,
        4,
        5,
        6,
        7,
        8
    ],
    "results": [
        {
            "gain": -57.00999999999947,
            "fitness": 44.91456352796453,
            "fitness_balanced": 76.71667761151188,
            "wins": [
                0.25,
                0.4,
                0.2,
                0.0,
                0.75,
                0.0,
                0.0,
                1.0
            ]
        }
    ]
}