{
    "gen": 29,
    "enemies": [
        6
    ],
    "results": [
        {
            "gain": 12.40000000000023,
            "fitness": 85.20212908007788,
            "fitness_balanced": 50.1597452887227,
            "wins": [
                true
            ]
        }
    ]
}