{
    "gen": 29,
    "enemies": [
        1,
        2,
        3,
        4,
        5,
        6,
        7,
        8
    ],
    "results": [
        {
            "gain": -339.1999999999995,
            "fitness": 2.774189066970635,
            "fitness_balanced": 28.73469878726229,
            "gains": [
                -100,
                -10.0,
                -80.0,
                -90.0,
                48.400000000000304,
                12.40000000000023,
                -90.0,
                -30.0
            ],
            "wins": [
                false,
                false,
                false,
                false,
                true,
                true,
                false,
                false
            ]
        },
        {
            "gain": -339.1999999999995,
            "fitness": 2.774189066970635,
            "fitness_balanced": 28.73469878726229,
            "gains": [
                -100,
                -10.0,
                -80.0,
                -90.0,
                48.400000000000304,
                12.40000000000023,
                -90.0,
                -30.0
            ],
            "wins": [
                false,
                false,
                false,
                false,
                true,
                true,
                false,
                false
            ]
        },
        {
            "gain": -339.1999999999995,
            "fitness": 2.774189066970635,
            "fitness_balanced": 28.73469878726229,
            "gains": [
                -100,
                -10.0,
                -80.0,
                -90.0,
                48.400000000000304,
                12.40000000000023,
                -90.0,
                -30.0
            ],
            "wins": [
                false,
                false,
                false,
                false,
                true,
                true,
                false,
                false
            ]
        },
        {
            "gain": -339.1999999999995,
            "fitness": 2.774189066970635,
            "fitness_balanced": 28.73469878726229,
            "gains": [
                -100,
                -10.0,
                -80.0,
                -90.0,
                48.400000000000304,
                12.40000000000023,
                -90.0,
                -30.0
            ],
            "wins": [
                false,
                false,
                false,
                false,
                true,
                true,
                false,
                false
            ]
        },
        {
            "gain": -339.1999999999995,
            "fitness": 2.774189066970635,
            "fitness_balanced": 28.73469878726229,
            "gains": [
                -100,
                -10.0,
                -80.0,
                -90.0,
                48.400000000000304,
                12.40000000000023,
                -90.0,
                -30.0
            ],
            "wins": [
                false,
                false,
                false,
                false,
                true,
                true,
                false,
                false
            ]
        }
    ]
}