{
    "gen": 29,
    "enemies": [
        1,
        2,
        3,
        4,
        5,
        6,
        7,
        8
    ],
    "results": [
        {
            "gain": -221.59999999999934,
            "fitness": 15.964126005303367,
            "fitness_balanced": 3.1731633592386856,
            "gains": [
                -50.0,
                -90.0,
                -50.0,
                65.20000000000033,
                53.200000000000315,
                -80.0,
                -10.0,
                -60.0
            ],
            "wins": [
                false,
                false,
                false,
                true,
                true,
                false,
                false,
                false
            ]
        },
        {
            "gain": -221.59999999999934,
            "fitness": 15.964126005303367,
            "fitness_balanced": 3.1731633592386856,
            "gains": [
                -50.0,
                -90.0,
                -50.0,
                65.20000000000033,
                53.200000000000315,
                -80.0,
                -10.0,
                -60.0
            ],
            "wins": [
                false,
                false,
                false,
                true,
                true,
                false,
                false,
                false
            ]
        },
        {
            "gain": -221.59999999999934,
            "fitness": 15.964126005303367,
            "fitness_balanced": 3.1731633592386856,
            "gains": [
                -50.0,
                -90.0,
                -50.0,
                65.20000000000033,
                53.200000000000315,
                -80.0,
                -10.0,
                -60.0
            ],
            "wins": [
                false,
                false,
                false,
                true,
                true,
                false,
                false,
                false
            ]
        },
        {
            "gain": -221.59999999999934,
            "fitness": 15.964126005303367,
            "fitness_balanced": 3.1731633592386856,
            "gains": [
                -50.0,
                -90.0,
                -50.0,
                65.20000000000033,
                53.200000000000315,
                -80.0,
                -10.0,
                -60.0
            ],
            "wins": [
                false,
                false,
                false,
                true,
                true,
                false,
                false,
                false
            ]
        },
        {
            "gain": -221.59999999999934,
            "fitness": 15.964126005303367,
            "fitness_balanced": 3.1731633592386856,
            "gains": [
                -50.0,
                -90.0,
                -50.0,
                65.20000000000033,
                53.200000000000315,
                -80.0,
                -10.0,
                -60.0
            ],
            "wins": [
                false,
                false,
                false,
                true,
                true,
                false,
                false,
                false
            ]
        }
    ]
}