{
    "gen": 29,
    "enemies": [
        5
    ],
    "results": [
        {
            "gain": 71.35000000000015,
            "fitness": 91.50665709510298,
            "fitness_balanced": 87.63616819497446,
            "wins": [
                1.0
            ]
        }
    ]
}