{
    "gen": 29,
    "enemies": [
        1,
        2,
        3,
        4,
        5,
        6,
        7,
        8
    ],
    "results": [
        {
            "gain": -378.3999999999999,
            "fitness": 4.7428129546259115,
            "fitness_balanced": -6.823903170338763,
            "gains": [
                -50.0,
                -70.0,
                -40.0,
                -80.0,
                91.60000000000008,
                -80.0,
                -100,
                -50.0
            ],
            "wins": [
                false,
                false,
                false,
                false,
                true,
                false,
                false,
                false
            ]
        },
        {
            "gain": -378.3999999999999,
            "fitness": 4.7428129546259115,
            "fitness_balanced": -6.823903170338763,
            "gains": [
                -50.0,
                -70.0,
                -40.0,
                -80.0,
                91.60000000000008,
                -80.0,
                -100,
                -50.0
            ],
            "wins": [
                false,
                false,
                false,
                false,
                true,
                false,
                false,
                false
            ]
        },
        {
            "gain": -378.3999999999999,
            "fitness": 4.7428129546259115,
            "fitness_balanced": -6.823903170338763,
            "gains": [
                -50.0,
                -70.0,
                -40.0,
                -80.0,
                91.60000000000008,
                -80.0,
                -100,
                -50.0
            ],
            "wins": [
                false,
                false,
                false,
                false,
                true,
                false,
                false,
                false
            ]
        },
        {
            "gain": -378.3999999999999,
            "fitness": 4.7428129546259115,
            "fitness_balanced": -6.823903170338763,
            "gains": [
                -50.0,
                -70.0,
                -40.0,
                -80.0,
                91.60000000000008,
                -80.0,
                -100,
                -50.0
            ],
            "wins": [
                false,
                false,
                false,
                false,
                true,
                false,
                false,
                false
            ]
        },
        {
            "gain": -378.3999999999999,
            "fitness": 4.7428129546259115,
            "fitness_balanced": -6.823903170338763,
            "gains": [
                -50.0,
                -70.0,
                -40.0,
                -80.0,
                91.60000000000008,
                -80.0,
                -100,
                -50.0
            ],
            "wins": [
                false,
                false,
                false,
                false,
                true,
                false,
                false,
                false
            ]
        }
    ]
}