{
    "gen": 29,
    "enemies": [
        1,
        2,
        3,
        4,
        5,
        6,
        7,
        8
    ],
    "results": [
        {
            "gain": -84.99999999999966,
            "fitness": 18.780675020135,
            "fitness_balanced": 5.664902090175502,
            "gains": [
                -70.0,
                82,
                72,
                -70.0,
                61.000000000000334,
                -70.0,
                -10.0,
                -80.0
            ],
            "wins": [
                false,
                true,
                true,
                false,
                true,
                false,
                false,
                false
            ]
        },
        {
            "gain": -84.99999999999966,
            "fitness": 18.780675020135,
            "fitness_balanced": 5.664902090175502,
            "gains": [
                -70.0,
                82,
                72,
                -70.0,
                61.000000000000334,
                -70.0,
                -10.0,
                -80.0
            ],
            "wins": [
                false,
                true,
                true,
                false,
                true,
                false,
                false,
                false
            ]
        },
        {
            "gain": -84.99999999999966,
            "fitness": 18.780675020135,
            "fitness_balanced": 5.664902090175502,
            "gains": [
                -70.0,
                82,
                72,
                -70.0,
                61.000000000000334,
                -70.0,
                -10.0,
                -80.0
            ],
            "wins": [
                false,
                true,
                true,
                false,
                true,
                false,
                false,
                false
            ]
        },
        {
            "gain": -84.99999999999966,
            "fitness": 18.780675020135,
            "fitness_balanced": 5.664902090175502,
            "gains": [
                -70.0,
                82,
                72,
                -70.0,
                61.000000000000334,
                -70.0,
                -10.0,
                -80.0
            ],
            "wins": [
                false,
                true,
                true,
                false,
                true,
                false,
                false,
                false
            ]
        },
        {
            "gain": -84.99999999999966,
            "fitness": 18.780675020135,
            "fitness_balanced": 5.664902090175502,
            "gains": [
                -70.0,
                82,
                72,
                -70.0,
                61.000000000000334,
                -70.0,
                -10.0,
                -80.0
            ],
            "wins": [
                false,
                true,
                true,
                false,
                true,
                false,
                false,
                false
            ]
        }
    ]
}