{
    "gen": 29,
    "enemies": [
        1,
        2,
        3,
        4,
        5,
        6,
        7,
        8
    ],
    "results": [
        {
            "gain": -309.59999999999974,
            "fitness": 1.462621290333658,
            "fitness_balanced": 59.39486503108364,
            "gains": [
                -90.0,
                90,
                -70.0,
                -80.0,
                -80.0,
                -90.0,
                -20.0,
                30.40000000000026
            ],
            "wins": [
                false,
                true,
                false,
                false,
                false,
                false,
                false,
                true
            ]
        },
        {
            "gain": -309.59999999999974,
            "fitness": 1.462621290333658,
            "fitness_balanced": 59.39486503108364,
            "gains": [
                -90.0,
                90,
                -70.0,
                -80.0,
                -80.0,
                -90.0,
                -20.0,
                30.40000000000026
            ],
            "wins": [
                false,
                true,
                false,
                false,
                false,
                false,
                false,
                true
            ]
        },
        {
            "gain": -309.59999999999974,
            "fitness": 1.462621290333658,
            "fitness_balanced": 59.39486503108364,
            "gains": [
                -90.0,
                90,
                -70.0,
                -80.0,
                -80.0,
                -90.0,
                -20.0,
                30.40000000000026
            ],
            "wins": [
                false,
                true,
                false,
                false,
                false,
                false,
                false,
                true
            ]
        },
        {
            "gain": -309.59999999999974,
            "fitness": 1.462621290333658,
            "fitness_balanced": 59.39486503108364,
            "gains": [
                -90.0,
                90,
                -70.0,
                -80.0,
                -80.0,
                -90.0,
                -20.0,
                30.40000000000026
            ],
            "wins": [
                false,
                true,
                false,
                false,
                false,
                false,
                false,
                true
            ]
        },
        {
            "gain": -309.59999999999974,
            "fitness": 1.462621290333658,
            "fitness_balanced": 59.39486503108364,
            "gains": [
                -90.0,
                90,
                -70.0,
                -80.0,
                -80.0,
                -90.0,
                -20.0,
                30.40000000000026
            ],
            "wins": [
                false,
                true,
                false,
                false,
                false,
                false,
                false,
                true
            ]
        }
    ]
}