{
    "gen": 29,
    "enemies": [
        1,
        2,
        3,
        4,
        5,
        6,
        7,
        8
    ],
    "results": [
        {
            "gain": -552.9999999999997,
            "fitness": -14.504328975488045,
            "fitness_balanced": -16.563316093335654,
            "gains": [
                -100,
                -70.0,
                -90.0,
                -90.0,
                -80.0,
                -100,
                67.00000000000031,
                -90.0
            ],
            "wins": [
                false,
                false,
                false,
                false,
                false,
                false,
                true,
                false
            ]
        },
        {
            "gain": -552.9999999999997,
            "fitness": -14.504328975488045,
            "fitness_balanced": -16.563316093335654,
            "gains": [
                -100,
                -70.0,
                -90.0,
                -90.0,
                -80.0,
                -100,
                67.00000000000031,
                -90.0
            ],
            "wins": [
                false,
                false,
                false,
                false,
                false,
                false,
                true,
                false
            ]
        },
        {
            "gain": -552.9999999999997,
            "fitness": -14.504328975488045,
            "fitness_balanced": -16.563316093335654,
            "gains": [
                -100,
                -70.0,
                -90.0,
                -90.0,
                -80.0,
                -100,
                67.00000000000031,
                -90.0
            ],
            "wins": [
                false,
                false,
                false,
                false,
                false,
                false,
                true,
                false
            ]
        },
        {
            "gain": -552.9999999999997,
            "fitness": -14.504328975488045,
            "fitness_balanced": -16.563316093335654,
            "gains": [
                -100,
                -70.0,
                -90.0,
                -90.0,
                -80.0,
                -100,
                67.00000000000031,
                -90.0
            ],
            "wins": [
                false,
                false,
                false,
                false,
                false,
                false,
                true,
                false
            ]
        },
        {
            "gain": -552.9999999999997,
            "fitness": -14.504328975488045,
            "fitness_balanced": -16.563316093335654,
            "gains": [
                -100,
                -70.0,
                -90.0,
                -90.0,
                -80.0,
                -100,
                67.00000000000031,
                -90.0
            ],
            "wins": [
                false,
                false,
                false,
                false,
                false,
                false,
                true,
                false
            ]
        }
    ]
}