{
    "gen": 29,
    "enemies": [
        1,
        2,
        3,
        4,
        5,
        6,
        7,
        8
    ],
    "results": [
        {
            "gain": -348.1999999999997,
            "fitness": -3.547400528934169,
            "fitness_balanced": 14.33011907701948,
            "gains": [
                -90.0,
                84,
                -70.0,
                -90.0,
                -70.0,
                -100,
                47.8000000000003,
                -60.0
            ],
            "wins": [
                false,
                true,
                false,
                false,
                false,
                false,
                true,
                false
            ]
        },
        {
            "gain": -348.1999999999997,
            "fitness": -3.547400528934169,
            "fitness_balanced": 14.33011907701948,
            "gains": [
                -90.0,
                84,
                -70.0,
                -90.0,
                -70.0,
                -100,
                47.8000000000003,
                -60.0
            ],
            "wins": [
                false,
                true,
                false,
                false,
                false,
                false,
                true,
                false
            ]
        },
        {
            "gain": -348.1999999999997,
            "fitness": -3.547400528934169,
            "fitness_balanced": 14.33011907701948,
            "gains": [
                -90.0,
                84,
                -70.0,
                -90.0,
                -70.0,
                -100,
                47.8000000000003,
                -60.0
            ],
            "wins": [
                false,
                true,
                false,
                false,
                false,
                false,
                true,
                false
            ]
        },
        {
            "gain": -348.1999999999997,
            "fitness": -3.547400528934169,
            "fitness_balanced": 14.33011907701948,
            "gains": [
                -90.0,
                84,
                -70.0,
                -90.0,
                -70.0,
                -100,
                47.8000000000003,
                -60.0
            ],
            "wins": [
                false,
                true,
                false,
                false,
                false,
                false,
                true,
                false
            ]
        },
        {
            "gain": -348.1999999999997,
            "fitness": -3.547400528934169,
            "fitness_balanced": 14.33011907701948,
            "gains": [
                -90.0,
                84,
                -70.0,
                -90.0,
                -70.0,
                -100,
                47.8000000000003,
                -60.0
            ],
            "wins": [
                false,
                true,
                false,
                false,
                false,
                false,
                true,
                false
            ]
        }
    ]
}