{
    "gen": 29,
    "enemies": [
        4
    ],
    "results": [
        {
            "gain": 8.800000000000232,
            "fitness": 83.63007446328204,
            "fitness_balanced": 47.14936448810144,
            "wins": [
                true
            ]
        }
    ]
}