{
    "gen": 29,
    "enemies": [
        3
    ],
    "results": [
        {
            "gain": -7.2,
            "fitness": 59.31077860150043,
            "fitness_balanced": 63.76558927428163,
            "wins": [
                0.4
            ]
        }
    ]
}