{
    "gen": 29,
    "enemies": [
        1,
        2,
        3,
        4,
        5,
        6,
        7,
        8
    ],
    "results": [
        {
            "gain": -318.1999999999996,
            "fitness": -0.5619286535809351,
            "fitness_balanced": 88.39173230259885,
            "gains": [
                -100,
                -60.0,
                -60.0,
                -60.0,
                54.40000000000032,
                -80.0,
                -100,
                87.40000000000012
            ],
            "wins": [
                false,
                false,
                false,
                false,
                true,
                false,
                false,
                true
            ]
        },
        {
            "gain": -318.1999999999996,
            "fitness": -0.5619286535809351,
            "fitness_balanced": 88.39173230259885,
            "gains": [
                -100,
                -60.0,
                -60.0,
                -60.0,
                54.40000000000032,
                -80.0,
                -100,
                87.40000000000012
            ],
            "wins": [
                false,
                false,
                false,
                false,
                true,
                false,
                false,
                true
            ]
        },
        {
            "gain": -318.1999999999996,
            "fitness": -0.5619286535809351,
            "fitness_balanced": 88.39173230259885,
            "gains": [
                -100,
                -60.0,
                -60.0,
                -60.0,
                54.40000000000032,
                -80.0,
                -100,
                87.40000000000012
            ],
            "wins": [
                false,
                false,
                false,
                false,
                true,
                false,
                false,
                true
            ]
        },
        {
            "gain": -318.1999999999996,
            "fitness": -0.5619286535809351,
            "fitness_balanced": 88.39173230259885,
            "gains": [
                -100,
                -60.0,
                -60.0,
                -60.0,
                54.40000000000032,
                -80.0,
                -100,
                87.40000000000012
            ],
            "wins": [
                false,
                false,
                false,
                false,
                true,
                false,
                false,
                true
            ]
        },
        {
            "gain": -318.1999999999996,
            "fitness": -0.5619286535809351,
            "fitness_balanced": 88.39173230259885,
            "gains": [
                -100,
                -60.0,
                -60.0,
                -60.0,
                54.40000000000032,
                -80.0,
                -100,
                87.40000000000012
            ],
            "wins": [
                false,
                false,
                false,
                false,
                true,
                false,
                false,
                true
            ]
        }
    ]
}