{
    "gen": 29,
    "enemies": [
        8
    ],
    "results": [
        {
            "gain": 25.720000000000216,
            "fitness": 86.71841495730374,
            "fitness_balanced": 54.03157441175601,
            "wins": [
                1.0
            ]
        }
    ]
}