{
    "gen": 299,
    "enemies": [
        1,
        2,
        3,
        4,
        5,
        6,
        7,
        8
    ],
    "results": [
        {
            "gain": -98.19999999999897,
            "fitness": 21.270997911131445,
            "fitness_balanced": 57.594865031083636,
            "gains": [
                -100,
                22,
                -50.0,
                -90.0,
                38.20000000000028,
                26.20000000000025,
                28.600000000000257,
                26.800000000000253
            ],
            "wins": [
                false,
                true,
                false,
                false,
                true,
                true,
                true,
                true
            ]
        },
        {
            "gain": -98.19999999999897,
            "fitness": 21.270997911131445,
            "fitness_balanced": 57.594865031083636,
            "gains": [
                -100,
                22,
                -50.0,
                -90.0,
                38.20000000000028,
                26.20000000000025,
                28.600000000000257,
                26.800000000000253
            ],
            "wins": [
                false,
                true,
                false,
                false,
                true,
                true,
                true,
                true
            ]
        },
        {
            "gain": -98.19999999999897,
            "fitness": 21.270997911131445,
            "fitness_balanced": 57.594865031083636,
            "gains": [
                -100,
                22,
                -50.0,
                -90.0,
                38.20000000000028,
                26.20000000000025,
                28.600000000000257,
                26.800000000000253
            ],
            "wins": [
                false,
                true,
                false,
                false,
                true,
                true,
                true,
                true
            ]
        },
        {
            "gain": -98.19999999999897,
            "fitness": 21.270997911131445,
            "fitness_balanced": 57.594865031083636,
            "gains": [
                -100,
                22,
                -50.0,
                -90.0,
                38.20000000000028,
                26.20000000000025,
                28.600000000000257,
                26.800000000000253
            ],
            "wins": [
                false,
                true,
                false,
                false,
                true,
                true,
                true,
                true
            ]
        },
        {
            "gain": -98.19999999999897,
            "fitness": 21.270997911131445,
            "fitness_balanced": 57.594865031083636,
            "gains": [
                -100,
                22,
                -50.0,
                -90.0,
                38.20000000000028,
                26.20000000000025,
                28.600000000000257,
                26.800000000000253
            ],
            "wins": [
                false,
                true,
                false,
                false,
                true,
                true,
                true,
                true
            ]
        }
    ]
}