{
    "gen": 19,
    "enemies": [
        1
    ],
    "results": [
        {
            "gain": -50.0,
            "fitness": 39.013547994715566,
            "fitness_balanced": 19.011038583110135,
            "wins": [
                false
            ]
        }
    ]
}