{
    "gen": 29,
    "enemies": [
        8
    ],
    "results": [
        {
            "gain": 57.760000000000296,
            "fitness": 90.07881325329562,
            "fitness_balanced": 68.96661051127263,
            "wins": [
                1.0
            ]
        }
    ]
}