{
    "gen": 29,
    "enemies": [
        1,
        2,
        3,
        4,
        5,
        6,
        7,
        8
    ],
    "results": [
        {
            "gain": -197.39999999999955,
            "fitness": 12.73931465428349,
            "fitness_balanced": 28.31413905293164,
            "gains": [
                -30.0,
                -70.0,
                -30.0,
                70.60000000000028,
                82.00000000000017,
                -90.0,
                -100,
                -30.0
            ],
            "wins": [
                false,
                false,
                false,
                true,
                true,
                false,
                false,
                false
            ]
        },
        {
            "gain": -197.39999999999955,
            "fitness": 12.73931465428349,
            "fitness_balanced": 28.31413905293164,
            "gains": [
                -30.0,
                -70.0,
                -30.0,
                70.60000000000028,
                82.00000000000017,
                -90.0,
                -100,
                -30.0
            ],
            "wins": [
                false,
                false,
                false,
                true,
                true,
                false,
                false,
                false
            ]
        },
        {
            "gain": -197.39999999999955,
            "fitness": 12.73931465428349,
            "fitness_balanced": 28.31413905293164,
            "gains": [
                -30.0,
                -70.0,
                -30.0,
                70.60000000000028,
                82.00000000000017,
                -90.0,
                -100,
                -30.0
            ],
            "wins": [
                false,
                false,
                false,
                true,
                true,
                false,
                false,
                false
            ]
        },
        {
            "gain": -197.39999999999955,
            "fitness": 12.73931465428349,
            "fitness_balanced": 28.31413905293164,
            "gains": [
                -30.0,
                -70.0,
                -30.0,
                70.60000000000028,
                82.00000000000017,
                -90.0,
                -100,
                -30.0
            ],
            "wins": [
                false,
                false,
                false,
                true,
                true,
                false,
                false,
                false
            ]
        },
        {
            "gain": -197.39999999999955,
            "fitness": 12.73931465428349,
            "fitness_balanced": 28.31413905293164,
            "gains": [
                -30.0,
                -70.0,
                -30.0,
                70.60000000000028,
                82.00000000000017,
                -90.0,
                -100,
                -30.0
            ],
            "wins": [
                false,
                false,
                false,
                true,
                true,
                false,
                false,
                false
            ]
        }
    ]
}