{
    "gen": 29,
    "enemies": [
        4
    ],
    "results": [
        {
            "gain": 71.20000000000027,
            "fitness": 90.29562632995695,
            "fitness_balanced": 78.77453996374483,
            "wins": [
                true
            ]
        }
    ]
}