{
    "gen": 29,
    "enemies": [
        1
    ],
    "results": [
        {
            "gain": -37.5,
            "fitness": 50.76813617914907,
            "fitness_balanced": 34.19185751001956,
            "wins": [
                0.0
            ]
        }
    ]
}