{
    "gen": 29,
    "enemies": [
        1,
        2,
        3,
        4,
        5,
        6,
        7,
        8
    ],
    "results": [
        {
            "gain": -485.5999999999997,
            "fitness": -10.482818828471679,
            "fitness_balanced": 4.511062273843313,
            "gains": [
                -100,
                -10.0,
                -70.0,
                -100,
                -90.0,
                -90.0,
                54.40000000000032,
                -80.0
            ],
            "wins": [
                false,
                false,
                false,
                false,
                false,
                false,
                true,
                false
            ]
        },
        {
            "gain": -485.5999999999997,
            "fitness": -10.482818828471679,
            "fitness_balanced": 4.511062273843313,
            "gains": [
                -100,
                -10.0,
                -70.0,
                -100,
                -90.0,
                -90.0,
                54.40000000000032,
                -80.0
            ],
            "wins": [
                false,
                false,
                false,
                false,
                false,
                false,
                true,
                false
            ]
        },
        {
            "gain": -485.5999999999997,
            "fitness": -10.482818828471679,
            "fitness_balanced": 4.511062273843313,
            "gains": [
                -100,
                -10.0,
                -70.0,
                -100,
                -90.0,
                -90.0,
                54.40000000000032,
                -80.0
            ],
            "wins": [
                false,
                false,
                false,
                false,
                false,
                false,
                true,
                false
            ]
        },
        {
            "gain": -485.5999999999997,
            "fitness": -10.482818828471679,
            "fitness_balanced": 4.511062273843313,
            "gains": [
                -100,
                -10.0,
                -70.0,
                -100,
                -90.0,
                -90.0,
                54.40000000000032,
                -80.0
            ],
            "wins": [
                false,
                false,
                false,
                false,
                false,
                false,
                true,
                false
            ]
        },
        {
            "gain": -485.5999999999997,
            "fitness": -10.482818828471679,
            "fitness_balanced": 4.511062273843313,
            "gains": [
                -100,
                -10.0,
                -70.0,
                -100,
                -90.0,
                -90.0,
                54.40000000000032,
                -80.0
            ],
            "wins": [
                false,
                false,
                false,
                false,
                false,
                false,
                true,
                false
            ]
        }
    ]
}