{
    "gen": 29,
    "enemies": [
        1
    ],
    "results": [
        {
            "gain": -32.5,
            "fitness": 54.98900429274654,
            "fitness_balanced": 39.00603857269343,
            "wins": [
                0.0
            ]
        }
    ]
}