{
    "gen": 19,
    "enemies": [
        8
    ],
    "results": [
        {
            "gain": -10.0,
            "fitness": 74.57513097609461,
            "fitness_balanced": 38.573511542542306,
            "wins": [
                false
            ]
        }
    ]
}