{
    "gen": 14,
    "enemies": [
        5
    ],
    "results": [
        {
            "gain": 82.60000000000016,
            "fitness": 92.88936197187236,
            "fitness_balanced": 85.92472159231592,
            "wins": [
                true
            ]
        }
    ]
}