{
    "gen": 29,
    "enemies": [
        1,
        2,
        3,
        4,
        5,
        6,
        7,
        8
    ],
    "results": [
        {
            "gain": -505.99999999999994,
            "fitness": -14.737745200750226,
            "fitness_balanced": -18.115016114545835,
            "gains": [
                -50.0,
                -100,
                -60.0,
                -90.0,
                94.00000000000006,
                -100,
                -100,
                -100
            ],
            "wins": [
                false,
                false,
                false,
                false,
                true,
                false,
                false,
                false
            ]
        },
        {
            "gain": -505.99999999999994,
            "fitness": -14.737745200750226,
            "fitness_balanced": -18.115016114545835,
            "gains": [
                -50.0,
                -100,
                -60.0,
                -90.0,
                94.00000000000006,
                -100,
                -100,
                -100
            ],
            "wins": [
                false,
                false,
                false,
                false,
                true,
                false,
                false,
                false
            ]
        },
        {
            "gain": -505.99999999999994,
            "fitness": -14.737745200750226,
            "fitness_balanced": -18.115016114545835,
            "gains": [
                -50.0,
                -100,
                -60.0,
                -90.0,
                94.00000000000006,
                -100,
                -100,
                -100
            ],
            "wins": [
                false,
                false,
                false,
                false,
                true,
                false,
                false,
                false
            ]
        },
        {
            "gain": -505.99999999999994,
            "fitness": -14.737745200750226,
            "fitness_balanced": -18.115016114545835,
            "gains": [
                -50.0,
                -100,
                -60.0,
                -90.0,
                94.00000000000006,
                -100,
                -100,
                -100
            ],
            "wins": [
                false,
                false,
                false,
                false,
                true,
                false,
                false,
                false
            ]
        },
        {
            "gain": -505.99999999999994,
            "fitness": -14.737745200750226,
            "fitness_balanced": -18.115016114545835,
            "gains": [
                -50.0,
                -100,
                -60.0,
                -90.0,
                94.00000000000006,
                -100,
                -100,
                -100
            ],
            "wins": [
                false,
                false,
                false,
                false,
                true,
                false,
                false,
                false
            ]
        }
    ]
}