{
    "gen": 29,
    "enemies": [
        4
    ],
    "results": [
        {
            "gain": -26.199999999999868,
            "fitness": 40.996900281959846,
            "fitness_balanced": -5.857933154483459,
            "wins": [
                0.4
            ]
        }
    ]
}