{
    "gen": 29,
    "enemies": [
        4
    ],
    "results": [
        {
            "gain": 61.600000000000335,
            "fitness": 89.22657697426932,
            "fitness_balanced": 73.8656027900716,
            "wins": [
                true
            ]
        }
    ]
}