{
    "gen": 29,
    "enemies": [
        1,
        2,
        3,
        4,
        5,
        6,
        7,
        8
    ],
    "results": [
        {
            "gain": -236.19999999999942,
            "fitness": 11.888806061980084,
            "fitness_balanced": 24.046756665712216,
            "gains": [
                -70.0,
                -10.0,
                -90.0,
                -70.0,
                52.600000000000314,
                -80.0,
                71.20000000000027,
                -40.0
            ],
            "wins": [
                false,
                false,
                false,
                false,
                true,
                false,
                true,
                false
            ]
        },
        {
            "gain": -236.19999999999942,
            "fitness": 11.888806061980084,
            "fitness_balanced": 24.046756665712216,
            "gains": [
                -70.0,
                -10.0,
                -90.0,
                -70.0,
                52.600000000000314,
                -80.0,
                71.20000000000027,
                -40.0
            ],
            "wins": [
                false,
                false,
                false,
                false,
                true,
                false,
                true,
                false
            ]
        },
        {
            "gain": -236.19999999999942,
            "fitness": 11.888806061980084,
            "fitness_balanced": 24.046756665712216,
            "gains": [
                -70.0,
                -10.0,
                -90.0,
                -70.0,
                52.600000000000314,
                -80.0,
                71.20000000000027,
                -40.0
            ],
            "wins": [
                false,
                false,
                false,
                false,
                true,
                false,
                true,
                false
            ]
        },
        {
            "gain": -236.19999999999942,
            "fitness": 11.888806061980084,
            "fitness_balanced": 24.046756665712216,
            "gains": [
                -70.0,
                -10.0,
                -90.0,
                -70.0,
                52.600000000000314,
                -80.0,
                71.20000000000027,
                -40.0
            ],
            "wins": [
                false,
                false,
                false,
                false,
                true,
                false,
                true,
                false
            ]
        },
        {
            "gain": -236.19999999999942,
            "fitness": 11.888806061980084,
            "fitness_balanced": 24.046756665712216,
            "gains": [
                -70.0,
                -10.0,
                -90.0,
                -70.0,
                52.600000000000314,
                -80.0,
                71.20000000000027,
                -40.0
            ],
            "wins": [
                false,
                false,
                false,
                false,
                true,
                false,
                true,
                false
            ]
        }
    ]
}