{
    "gen": 29,
    "enemies": [
        7
    ],
    "results": [
        {
            "gain": 53.92000000000028,
            "fitness": 90.0619685477284,
            "fitness_balanced": 80.37964417492181,
            "wins": [
                1.0
            ]
        }
    ]
}