{
    "gen": 29,
    "enemies": [
        1,
        2,
        3,
        4,
        5,
        6,
        7,
        8
    ],
    "results": [
        {
            "gain": -348.3999999999995,
            "fitness": -2.969010345481223,
            "fitness_balanced": 19.01606371931281,
            "gains": [
                -90.0,
                -80.0,
                -80.0,
                -80.0,
                80.20000000000019,
                51.40000000000031,
                -100,
                -50.0
            ],
            "wins": [
                false,
                false,
                false,
                false,
                true,
                true,
                false,
                false
            ]
        },
        {
            "gain": -348.3999999999995,
            "fitness": -2.969010345481223,
            "fitness_balanced": 19.01606371931281,
            "gains": [
                -90.0,
                -80.0,
                -80.0,
                -80.0,
                80.20000000000019,
                51.40000000000031,
                -100,
                -50.0
            ],
            "wins": [
                false,
                false,
                false,
                false,
                true,
                true,
                false,
                false
            ]
        },
        {
            "gain": -348.3999999999995,
            "fitness": -2.969010345481223,
            "fitness_balanced": 19.01606371931281,
            "gains": [
                -90.0,
                -80.0,
                -80.0,
                -80.0,
                80.20000000000019,
                51.40000000000031,
                -100,
                -50.0
            ],
            "wins": [
                false,
                false,
                false,
                false,
                true,
                true,
                false,
                false
            ]
        },
        {
            "gain": -348.3999999999995,
            "fitness": -2.969010345481223,
            "fitness_balanced": 19.01606371931281,
            "gains": [
                -90.0,
                -80.0,
                -80.0,
                -80.0,
                80.20000000000019,
                51.40000000000031,
                -100,
                -50.0
            ],
            "wins": [
                false,
                false,
                false,
                false,
                true,
                true,
                false,
                false
            ]
        },
        {
            "gain": -348.3999999999995,
            "fitness": -2.969010345481223,
            "fitness_balanced": 19.01606371931281,
            "gains": [
                -90.0,
                -80.0,
                -80.0,
                -80.0,
                80.20000000000019,
                51.40000000000031,
                -100,
                -50.0
            ],
            "wins": [
                false,
                false,
                false,
                false,
                true,
                true,
                false,
                false
            ]
        }
    ]
}