{
    "gen": 29,
    "enemies": [
        6
    ],
    "results": [
        {
            "gain": -68.0,
            "fitness": 23.448677310191954,
            "fitness_balanced": 4.519361076658009,
            "wins": [
                0.0
            ]
        }
    ]
}