{
    "gen": 29,
    "enemies": [
        5
    ],
    "results": [
        {
            "gain": 63.95000000000008,
            "fitness": 88.6284489419396,
            "fitness_balanced": 89.81982739098298,
            "wins": [
                0.75
            ]
        }
    ]
}