{
    "gen": 29,
    "enemies": [
        1,
        2,
        3,
        4,
        5,
        6,
        7,
        8
    ],
    "results": [
        {
            "gain": -125.19999999999948,
            "fitness": 15.661462329376235,
            "fitness_balanced": 9.511062273843313,
            "gains": [
                -70.0,
                70,
                -60.0,
                -70.0,
                64.60000000000034,
                -70.0,
                80.20000000000019,
                -70.0
            ],
            "wins": [
                false,
                true,
                false,
                false,
                true,
                false,
                true,
                false
            ]
        },
        {
            "gain": -125.19999999999948,
            "fitness": 15.661462329376235,
            "fitness_balanced": 9.511062273843313,
            "gains": [
                -70.0,
                70,
                -60.0,
                -70.0,
                64.60000000000034,
                -70.0,
                80.20000000000019,
                -70.0
            ],
            "wins": [
                false,
                true,
                false,
                false,
                true,
                false,
                true,
                false
            ]
        },
        {
            "gain": -125.19999999999948,
            "fitness": 15.661462329376235,
            "fitness_balanced": 9.511062273843313,
            "gains": [
                -70.0,
                70,
                -60.0,
                -70.0,
                64.60000000000034,
                -70.0,
                80.20000000000019,
                -70.0
            ],
            "wins": [
                false,
                true,
                false,
                false,
                true,
                false,
                true,
                false
            ]
        },
        {
            "gain": -125.19999999999948,
            "fitness": 15.661462329376235,
            "fitness_balanced": 9.511062273843313,
            "gains": [
                -70.0,
                70,
                -60.0,
                -70.0,
                64.60000000000034,
                -70.0,
                80.20000000000019,
                -70.0
            ],
            "wins": [
                false,
                true,
                false,
                false,
                true,
                false,
                true,
                false
            ]
        },
        {
            "gain": -125.19999999999948,
            "fitness": 15.661462329376235,
            "fitness_balanced": 9.511062273843313,
            "gains": [
                -70.0,
                70,
                -60.0,
                -70.0,
                64.60000000000034,
                -70.0,
                80.20000000000019,
                -70.0
            ],
            "wins": [
                false,
                true,
                false,
                false,
                true,
                false,
                true,
                false
            ]
        }
    ]
}