{
    "gen": 14,
    "enemies": [
        5
    ],
    "results": [
        {
            "gain": 93.40000000000006,
            "fitness": 94.05679627126202,
            "fitness_balanced": 91.41173296930549,
            "wins": [
                true
            ]
        }
    ]
}