{
    "gen": 29,
    "enemies": [
        1,
        2,
        3,
        4,
        5,
        6,
        7,
        8
    ],
    "results": [
        {
            "gain": -159.79999999999964,
            "fitness": 25.625153438061094,
            "fitness_balanced": 7.7276463882289725,
            "gains": [
                -70.0,
                -20.0,
                -80.0,
                -60.0,
                -40.0,
                30.40000000000026,
                -10.0,
                89.8000000000001
            ],
            "wins": [
                false,
                false,
                false,
                false,
                false,
                true,
                false,
                true
            ]
        },
        {
            "gain": -159.79999999999964,
            "fitness": 25.625153438061094,
            "fitness_balanced": 7.7276463882289725,
            "gains": [
                -70.0,
                -20.0,
                -80.0,
                -60.0,
                -40.0,
                30.40000000000026,
                -10.0,
                89.8000000000001
            ],
            "wins": [
                false,
                false,
                false,
                false,
                false,
                true,
                false,
                true
            ]
        },
        {
            "gain": -159.79999999999964,
            "fitness": 25.625153438061094,
            "fitness_balanced": 7.7276463882289725,
            "gains": [
                -70.0,
                -20.0,
                -80.0,
                -60.0,
                -40.0,
                30.40000000000026,
                -10.0,
                89.8000000000001
            ],
            "wins": [
                false,
                false,
                false,
                false,
                false,
                true,
                false,
                true
            ]
        },
        {
            "gain": -159.79999999999964,
            "fitness": 25.625153438061094,
            "fitness_balanced": 7.7276463882289725,
            "gains": [
                -70.0,
                -20.0,
                -80.0,
                -60.0,
                -40.0,
                30.40000000000026,
                -10.0,
                89.8000000000001
            ],
            "wins": [
                false,
                false,
                false,
                false,
                false,
                true,
                false,
                true
            ]
        },
        {
            "gain": -159.79999999999964,
            "fitness": 25.625153438061094,
            "fitness_balanced": 7.7276463882289725,
            "gains": [
                -70.0,
                -20.0,
                -80.0,
                -60.0,
                -40.0,
                30.40000000000026,
                -10.0,
                89.8000000000001
            ],
            "wins": [
                false,
                false,
                false,
                false,
                false,
                true,
                false,
                true
            ]
        }
    ]
}