{
    "gen": 29,
    "enemies": [
        8
    ],
    "results": [
        {
            "gain": 30.4400000000001,
            "fitness": 74.60854472456987,
            "fitness_balanced": 89.59173230259884,
            "wins": [
                0.6
            ]
        }
    ]
}