{
    "gen": 29,
    "enemies": [
        7
    ],
    "results": [
        {
            "gain": 3.8400000000000203,
            "fitness": 58.386342099415764,
            "fitness_balanced": 92.47168626269773,
            "wins": [
                0.4
            ]
        }
    ]
}