{
    "gen": 299,
    "enemies": [
        1,
        2,
        3,
        4,
        5,
        6,
        7,
        8
    ],
    "results": [
        {
            "gain": -17.199999999999534,
            "fitness": 31.871583347083078,
            "fitness_balanced": 12.155156084153678,
            "gains": [
                -70.0,
                72,
                -30.0,
                -40.0,
                66.40000000000032,
                -70.0,
                84.40000000000015,
                -30.0
            ],
            "wins": [
                false,
                true,
                false,
                false,
                true,
                false,
                true,
                false
            ]
        },
        {
            "gain": -17.199999999999534,
            "fitness": 31.871583347083078,
            "fitness_balanced": 12.155156084153678,
            "gains": [
                -70.0,
                72,
                -30.0,
                -40.0,
                66.40000000000032,
                -70.0,
                84.40000000000015,
                -30.0
            ],
            "wins": [
                false,
                true,
                false,
                false,
                true,
                false,
                true,
                false
            ]
        },
        {
            "gain": -17.199999999999534,
            "fitness": 31.871583347083078,
            "fitness_balanced": 12.155156084153678,
            "gains": [
                -70.0,
                72,
                -30.0,
                -40.0,
                66.40000000000032,
                -70.0,
                84.40000000000015,
                -30.0
            ],
            "wins": [
                false,
                true,
                false,
                false,
                true,
                false,
                true,
                false
            ]
        },
        {
            "gain": -17.199999999999534,
            "fitness": 31.871583347083078,
            "fitness_balanced": 12.155156084153678,
            "gains": [
                -70.0,
                72,
                -30.0,
                -40.0,
                66.40000000000032,
                -70.0,
                84.40000000000015,
                -30.0
            ],
            "wins": [
                false,
                true,
                false,
                false,
                true,
                false,
                true,
                false
            ]
        },
        {
            "gain": -17.199999999999534,
            "fitness": 31.871583347083078,
            "fitness_balanced": 12.155156084153678,
            "gains": [
                -70.0,
                72,
                -30.0,
                -40.0,
                66.40000000000032,
                -70.0,
                84.40000000000015,
                -30.0
            ],
            "wins": [
                false,
                true,
                false,
                false,
                true,
                false,
                true,
                false
            ]
        }
    ]
}