{
    "gen": 29,
    "enemies": [
        5
    ],
    "results": [
        {
            "gain": 79.0000000000002,
            "fitness": 92.67964417492169,
            "fitness_balanced": 84.2742533262869,
            "wins": [
                true
            ]
        }
    ]
}