{
    "gen": 29,
    "enemies": [
        5
    ],
    "results": [
        {
            "gain": 63.70000000000029,
            "fitness": 90.69491622379147,
            "fitness_balanced": 69.82829940258924,
            "wins": [
                1.0
            ]
        }
    ]
}