{
    "gen": 29,
    "enemies": [
        1,
        2,
        3,
        4,
        5,
        6,
        7,
        8
    ],
    "results": [
        {
            "gain": -252.9999999999998,
            "fitness": 9.891692167751039,
            "fitness_balanced": -0.40717177146011885,
            "gains": [
                -70.0,
                68,
                -60.0,
                -70.0,
                79.0000000000002,
                -70.0,
                -40.0,
                -90.0
            ],
            "wins": [
                false,
                true,
                false,
                false,
                true,
                false,
                false,
                false
            ]
        },
        {
            "gain": -252.9999999999998,
            "fitness": 9.891692167751039,
            "fitness_balanced": -0.40717177146011885,
            "gains": [
                -70.0,
                68,
                -60.0,
                -70.0,
                79.0000000000002,
                -70.0,
                -40.0,
                -90.0
            ],
            "wins": [
                false,
                true,
                false,
                false,
                true,
                false,
                false,
                false
            ]
        },
        {
            "gain": -252.9999999999998,
            "fitness": 9.891692167751039,
            "fitness_balanced": -0.40717177146011885,
            "gains": [
                -70.0,
                68,
                -60.0,
                -70.0,
                79.0000000000002,
                -70.0,
                -40.0,
                -90.0
            ],
            "wins": [
                false,
                true,
                false,
                false,
                true,
                false,
                false,
                false
            ]
        },
        {
            "gain": -252.9999999999998,
            "fitness": 9.891692167751039,
            "fitness_balanced": -0.40717177146011885,
            "gains": [
                -70.0,
                68,
                -60.0,
                -70.0,
                79.0000000000002,
                -70.0,
                -40.0,
                -90.0
            ],
            "wins": [
                false,
                true,
                false,
                false,
                true,
                false,
                false,
                false
            ]
        },
        {
            "gain": -252.9999999999998,
            "fitness": 9.891692167751039,
            "fitness_balanced": -0.40717177146011885,
            "gains": [
                -70.0,
                68,
                -60.0,
                -70.0,
                79.0000000000002,
                -70.0,
                -40.0,
                -90.0
            ],
            "wins": [
                false,
                true,
                false,
                false,
                true,
                false,
                false,
                false
            ]
        }
    ]
}