{
    "gen": 29,
    "enemies": [
        4
    ],
    "results": [
        {
            "gain": 64.00000000000034,
            "fitness": 89.63265687473464,
            "fitness_balanced": 75.23150678835154,
            "wins": [
                true
            ]
        }
    ]
}