{
    "gen": 29,
    "enemies": [
        1,
        2,
        3,
        4,
        5,
        6,
        7,
        8
    ],
    "results": [
        {
            "gain": -220.99999999999952,
            "fitness": 13.981366042834303,
            "fitness_balanced": 0.0012477300482309772,
            "gains": [
                -50.0,
                -70.0,
                -30.0,
                64.00000000000034,
                85.00000000000014,
                -60.0,
                -90.0,
                -70.0
            ],
            "wins": [
                false,
                false,
                false,
                true,
                true,
                false,
                false,
                false
            ]
        },
        {
            "gain": -220.99999999999952,
            "fitness": 13.981366042834303,
            "fitness_balanced": 0.0012477300482309772,
            "gains": [
                -50.0,
                -70.0,
                -30.0,
                64.00000000000034,
                85.00000000000014,
                -60.0,
                -90.0,
                -70.0
            ],
            "wins": [
                false,
                false,
                false,
                true,
                true,
                false,
                false,
                false
            ]
        },
        {
            "gain": -220.99999999999952,
            "fitness": 13.981366042834303,
            "fitness_balanced": 0.0012477300482309772,
            "gains": [
                -50.0,
                -70.0,
                -30.0,
                64.00000000000034,
                85.00000000000014,
                -60.0,
                -90.0,
                -70.0
            ],
            "wins": [
                false,
                false,
                false,
                true,
                true,
                false,
                false,
                false
            ]
        },
        {
            "gain": -220.99999999999952,
            "fitness": 13.981366042834303,
            "fitness_balanced": 0.0012477300482309772,
            "gains": [
                -50.0,
                -70.0,
                -30.0,
                64.00000000000034,
                85.00000000000014,
                -60.0,
                -90.0,
                -70.0
            ],
            "wins": [
                false,
                false,
                false,
                true,
                true,
                false,
                false,
                false
            ]
        },
        {
            "gain": -220.99999999999952,
            "fitness": 13.981366042834303,
            "fitness_balanced": 0.0012477300482309772,
            "gains": [
                -50.0,
                -70.0,
                -30.0,
                64.00000000000034,
                85.00000000000014,
                -60.0,
                -90.0,
                -70.0
            ],
            "wins": [
                false,
                false,
                false,
                true,
                true,
                false,
                false,
                false
            ]
        }
    ]
}