{
    "gen": 29,
    "enemies": [
        1,
        2,
        3,
        4,
        5,
        6,
        7,
        8
    ],
    "results": [
        {
            "gain": -407.19999999999993,
            "fitness": 2.7275785034918947,
            "fitness_balanced": 9.100102646417508,
            "gains": [
                -50.0,
                -80.0,
                -60.0,
                -80.0,
                92.80000000000007,
                -90.0,
                -70.0,
                -70.0
            ],
            "wins": [
                false,
                false,
                false,
                false,
                true,
                false,
                false,
                false
            ]
        },
        {
            "gain": -407.19999999999993,
            "fitness": 2.7275785034918947,
            "fitness_balanced": 9.100102646417508,
            "gains": [
                -50.0,
                -80.0,
                -60.0,
                -80.0,
                92.80000000000007,
                -90.0,
                -70.0,
                -70.0
            ],
            "wins": [
                false,
                false,
                false,
                false,
                true,
                false,
                false,
                false
            ]
        },
        {
            "gain": -407.19999999999993,
            "fitness": 2.7275785034918947,
            "fitness_balanced": 9.100102646417508,
            "gains": [
                -50.0,
                -80.0,
                -60.0,
                -80.0,
                92.80000000000007,
                -90.0,
                -70.0,
                -70.0
            ],
            "wins": [
                false,
                false,
                false,
                false,
                true,
                false,
                false,
                false
            ]
        },
        {
            "gain": -407.19999999999993,
            "fitness": 2.7275785034918947,
            "fitness_balanced": 9.100102646417508,
            "gains": [
                -50.0,
                -80.0,
                -60.0,
                -80.0,
                92.80000000000007,
                -90.0,
                -70.0,
                -70.0
            ],
            "wins": [
                false,
                false,
                false,
                false,
                true,
                false,
                false,
                false
            ]
        },
        {
            "gain": -407.19999999999993,
            "fitness": 2.7275785034918947,
            "fitness_balanced": 9.100102646417508,
            "gains": [
                -50.0,
                -80.0,
                -60.0,
                -80.0,
                92.80000000000007,
                -90.0,
                -70.0,
                -70.0
            ],
            "wins": [
                false,
                false,
                false,
                false,
                true,
                false,
                false,
                false
            ]
        }
    ]
}