{
    "gen": 29,
    "enemies": [
        6
    ],
    "results": [
        {
            "gain": -31.95999999999994,
            "fitness": 48.05802720626835,
            "fitness_balanced": 19.59732261812772,
            "wins": [
                0.2
            ]
        }
    ]
}