{
    "gen": 29,
    "enemies": [
        1,
        2,
        3,
        4,
        5,
        6,
        7,
        8
    ],
    "results": [
        {
            "gain": -154.19999999999945,
            "fitness": 30.312923468661968,
            "fitness_balanced": 13.480055502391853,
            "gains": [
                -70.0,
                10,
                -30.0,
                -60.0,
                40.000000000000284,
                35.800000000000274,
                -10.0,
                -70.0
            ],
            "wins": [
                false,
                true,
                false,
                false,
                true,
                true,
                false,
                false
            ]
        },
        {
            "gain": -154.19999999999945,
            "fitness": 30.312923468661968,
            "fitness_balanced": 13.480055502391853,
            "gains": [
                -70.0,
                10,
                -30.0,
                -60.0,
                40.000000000000284,
                35.800000000000274,
                -10.0,
                -70.0
            ],
            "wins": [
                false,
                true,
                false,
                false,
                true,
                true,
                false,
                false
            ]
        },
        {
            "gain": -154.19999999999945,
            "fitness": 30.312923468661968,
            "fitness_balanced": 13.480055502391853,
            "gains": [
                -70.0,
                10,
                -30.0,
                -60.0,
                40.000000000000284,
                35.800000000000274,
                -10.0,
                -70.0
            ],
            "wins": [
                false,
                true,
                false,
                false,
                true,
                true,
                false,
                false
            ]
        },
        {
            "gain": -154.19999999999945,
            "fitness": 30.312923468661968,
            "fitness_balanced": 13.480055502391853,
            "gains": [
                -70.0,
                10,
                -30.0,
                -60.0,
                40.000000000000284,
                35.800000000000274,
                -10.0,
                -70.0
            ],
            "wins": [
                false,
                true,
                false,
                false,
                true,
                true,
                false,
                false
            ]
        },
        {
            "gain": -154.19999999999945,
            "fitness": 30.312923468661968,
            "fitness_balanced": 13.480055502391853,
            "gains": [
                -70.0,
                10,
                -30.0,
                -60.0,
                40.000000000000284,
                35.800000000000274,
                -10.0,
                -70.0
            ],
            "wins": [
                false,
                true,
                false,
                false,
                true,
                true,
                false,
                false
            ]
        }
    ]
}