{
    "gen": 29,
    "enemies": [
        1,
        2,
        3,
        4,
        5,
        6,
        7,
        8
    ],
    "results": [
        {
            "gain": -218.99999999999963,
            "fitness": 8.594484756762924,
            "fitness_balanced": 33.719604161039804,
            "gains": [
                -40.0,
                -60.0,
                -70.0,
                83.80000000000015,
                77.20000000000022,
                -90.0,
                -100,
                -20.0
            ],
            "wins": [
                false,
                false,
                false,
                true,
                true,
                false,
                false,
                false
            ]
        },
        {
            "gain": -218.99999999999963,
            "fitness": 8.594484756762924,
            "fitness_balanced": 33.719604161039804,
            "gains": [
                -40.0,
                -60.0,
                -70.0,
                83.80000000000015,
                77.20000000000022,
                -90.0,
                -100,
                -20.0
            ],
            "wins": [
                false,
                false,
                false,
                true,
                true,
                false,
                false,
                false
            ]
        },
        {
            "gain": -218.99999999999963,
            "fitness": 8.594484756762924,
            "fitness_balanced": 33.719604161039804,
            "gains": [
                -40.0,
                -60.0,
                -70.0,
                83.80000000000015,
                77.20000000000022,
                -90.0,
                -100,
                -20.0
            ],
            "wins": [
                false,
                false,
                false,
                true,
                true,
                false,
                false,
                false
            ]
        },
        {
            "gain": -218.99999999999963,
            "fitness": 8.594484756762924,
            "fitness_balanced": 33.719604161039804,
            "gains": [
                -40.0,
                -60.0,
                -70.0,
                83.80000000000015,
                77.20000000000022,
                -90.0,
                -100,
                -20.0
            ],
            "wins": [
                false,
                false,
                false,
                true,
                true,
                false,
                false,
                false
            ]
        },
        {
            "gain": -218.99999999999963,
            "fitness": 8.594484756762924,
            "fitness_balanced": 33.719604161039804,
            "gains": [
                -40.0,
                -60.0,
                -70.0,
                83.80000000000015,
                77.20000000000022,
                -90.0,
                -100,
                -20.0
            ],
            "wins": [
                false,
                false,
                false,
                true,
                true,
                false,
                false,
                false
            ]
        }
    ]
}