{
    "gen": 29,
    "enemies": [
        4
    ],
    "results": [
        {
            "gain": 83.80000000000015,
            "fitness": 91.807717457306,
            "fitness_balanced": 85.32631983303943,
            "wins": [
                true
            ]
        }
    ]
}