{
    "gen": 29,
    "enemies": [
        7
    ],
    "results": [
        {
            "gain": 4.560000000000125,
            "fitness": 72.11482143842122,
            "fitness_balanced": 66.33480889721531,
            "wins": [
                0.4
            ]
        }
    ]
}