{
    "gen": 29,
    "enemies": [
        8
    ],
    "results": [
        {
            "gain": 65.6800000000002,
            "fitness": 90.77917594609474,
            "fitness_balanced": 88.58835394814501,
            "wins": [
                1.0
            ]
        }
    ]
}