{
    "gen": 29,
    "enemies": [
        2
    ],
    "results": [
        {
            "gain": 3.2,
            "fitness": 71.87673359626818,
            "fitness_balanced": 38.60140506546479,
            "wins": [
                0.4
            ]
        }
    ]
}