{
    "gen": 29,
    "enemies": [
        6
    ],
    "results": [
        {
            "gain": 59.20000000000033,
            "fitness": 89.22543794147893,
            "fitness_balanced": 72.90420108294167,
            "wins": [
                true
            ]
        }
    ]
}