{
    "gen": 29,
    "enemies": [
        6
    ],
    "results": [
        {
            "gain": -31.239999999999934,
            "fitness": 46.73861068957692,
            "fitness_balanced": 70.19681188675929,
            "wins": [
                0.2
            ]
        }
    ]
}