{
    "gen": 29,
    "enemies": [
        1,
        2,
        3,
        4,
        5,
        6,
        7,
        8
    ],
    "results": [
        {
            "gain": -290.99999999999966,
            "fitness": 2.605995768221021,
            "fitness_balanced": 57.945629959202776,
            "gains": [
                -90.0,
                -10.0,
                -50.0,
                -90.0,
                90.40000000000009,
                -70.0,
                -100,
                28.600000000000257
            ],
            "wins": [
                false,
                false,
                false,
                false,
                true,
                false,
                false,
                true
            ]
        },
        {
            "gain": -290.99999999999966,
            "fitness": 2.605995768221021,
            "fitness_balanced": 57.945629959202776,
            "gains": [
                -90.0,
                -10.0,
                -50.0,
                -90.0,
                90.40000000000009,
                -70.0,
                -100,
                28.600000000000257
            ],
            "wins": [
                false,
                false,
                false,
                false,
                true,
                false,
                false,
                true
            ]
        },
        {
            "gain": -290.99999999999966,
            "fitness": 2.605995768221021,
            "fitness_balanced": 57.945629959202776,
            "gains": [
                -90.0,
                -10.0,
                -50.0,
                -90.0,
                90.40000000000009,
                -70.0,
                -100,
                28.600000000000257
            ],
            "wins": [
                false,
                false,
                false,
                false,
                true,
                false,
                false,
                true
            ]
        },
        {
            "gain": -290.99999999999966,
            "fitness": 2.605995768221021,
            "fitness_balanced": 57.945629959202776,
            "gains": [
                -90.0,
                -10.0,
                -50.0,
                -90.0,
                90.40000000000009,
                -70.0,
                -100,
                28.600000000000257
            ],
            "wins": [
                false,
                false,
                false,
                false,
                true,
                false,
                false,
                true
            ]
        },
        {
            "gain": -290.99999999999966,
            "fitness": 2.605995768221021,
            "fitness_balanced": 57.945629959202776,
            "gains": [
                -90.0,
                -10.0,
                -50.0,
                -90.0,
                90.40000000000009,
                -70.0,
                -100,
                28.600000000000257
            ],
            "wins": [
                false,
                false,
                false,
                false,
                true,
                false,
                false,
                true
            ]
        }
    ]
}