{
    "gen": 29,
    "enemies": [
        1,
        2,
        3,
        4,
        5,
        6,
        7,
        8
    ],
    "results": [
        {
            "gain": -294.99999999999966,
            "fitness": 0.8677501734131212,
            "fitness_balanced": -7.073638361911989,
            "gains": [
                -100,
                84,
                -90.0,
                -80.0,
                61.000000000000334,
                -80.0,
                -40.0,
                -50.0
            ],
            "wins": [
                false,
                true,
                false,
                false,
                true,
                false,
                false,
                false
            ]
        },
        {
            "gain": -294.99999999999966,
            "fitness": 0.8677501734131212,
            "fitness_balanced": -7.073638361911989,
            "gains": [
                -100,
                84,
                -90.0,
                -80.0,
                61.000000000000334,
                -80.0,
                -40.0,
                -50.0
            ],
            "wins": [
                false,
                true,
                false,
                false,
                true,
                false,
                false,
                false
            ]
        },
        {
            "gain": -294.99999999999966,
            "fitness": 0.8677501734131212,
            "fitness_balanced": -7.073638361911989,
            "gains": [
                -100,
                84,
                -90.0,
                -80.0,
                61.000000000000334,
                -80.0,
                -40.0,
                -50.0
            ],
            "wins": [
                false,
                true,
                false,
                false,
                true,
                false,
                false,
                false
            ]
        },
        {
            "gain": -294.99999999999966,
            "fitness": 0.8677501734131212,
            "fitness_balanced": -7.073638361911989,
            "gains": [
                -100,
                84,
                -90.0,
                -80.0,
                61.000000000000334,
                -80.0,
                -40.0,
                -50.0
            ],
            "wins": [
                false,
                true,
                false,
                false,
                true,
                false,
                false,
                false
            ]
        },
        {
            "gain": -294.99999999999966,
            "fitness": 0.8677501734131212,
            "fitness_balanced": -7.073638361911989,
            "gains": [
                -100,
                84,
                -90.0,
                -80.0,
                61.000000000000334,
                -80.0,
                -40.0,
                -50.0
            ],
            "wins": [
                false,
                true,
                false,
                false,
                true,
                false,
                false,
                false
            ]
        }
    ]
}