{
    "gen": 29,
    "enemies": [
        2
    ],
    "results": [
        {
            "gain": 22.0,
            "fitness": 76.57389058382616,
            "fitness_balanced": 87.43547959267731,
            "wins": [
                0.4
            ]
        }
    ]
}