{
    "gen": 29,
    "enemies": [
        1,
        2,
        3,
        4,
        5,
        6,
        7,
        8
    ],
    "results": [
        {
            "gain": -433.59999999999997,
            "fitness": -3.7424337032740205,
            "fitness_balanced": 9.01606371931281,
            "gains": [
                -50.0,
                -90.0,
                -50.0,
                -90.0,
                96.40000000000003,
                -90.0,
                -90.0,
                -70.0
            ],
            "wins": [
                false,
                false,
                false,
                false,
                true,
                false,
                false,
                false
            ]
        },
        {
            "gain": -433.59999999999997,
            "fitness": -3.7424337032740205,
            "fitness_balanced": 9.01606371931281,
            "gains": [
                -50.0,
                -90.0,
                -50.0,
                -90.0,
                96.40000000000003,
                -90.0,
                -90.0,
                -70.0
            ],
            "wins": [
                false,
                false,
                false,
                false,
                true,
                false,
                false,
                false
            ]
        },
        {
            "gain": -433.59999999999997,
            "fitness": -3.7424337032740205,
            "fitness_balanced": 9.01606371931281,
            "gains": [
                -50.0,
                -90.0,
                -50.0,
                -90.0,
                96.40000000000003,
                -90.0,
                -90.0,
                -70.0
            ],
            "wins": [
                false,
                false,
                false,
                false,
                true,
                false,
                false,
                false
            ]
        },
        {
            "gain": -433.59999999999997,
            "fitness": -3.7424337032740205,
            "fitness_balanced": 9.01606371931281,
            "gains": [
                -50.0,
                -90.0,
                -50.0,
                -90.0,
                96.40000000000003,
                -90.0,
                -90.0,
                -70.0
            ],
            "wins": [
                false,
                false,
                false,
                false,
                true,
                false,
                false,
                false
            ]
        },
        {
            "gain": -433.59999999999997,
            "fitness": -3.7424337032740205,
            "fitness_balanced": 9.01606371931281,
            "gains": [
                -50.0,
                -90.0,
                -50.0,
                -90.0,
                96.40000000000003,
                -90.0,
                -90.0,
                -70.0
            ],
            "wins": [
                false,
                false,
                false,
                false,
                true,
                false,
                false,
                false
            ]
        }
    ]
}