{
    "gen": 29,
    "enemies": [
        5
    ],
    "results": [
        {
            "gain": 45.85000000000009,
            "fitness": 72.86768830162123,
            "fitness_balanced": 90.35833644349738,
            "wins": [
                0.75
            ]
        }
    ]
}