{
    "gen": 29,
    "enemies": [
        3
    ],
    "results": [
        {
            "gain": 6.0,
            "fitness": 78.14072547778976,
            "fitness_balanced": 38.623273052101375,
            "wins": [
                0.6
            ]
        }
    ]
}