{
    "gen": 29,
    "enemies": [
        1,
        2,
        3,
        4,
        5,
        6,
        7,
        8
    ],
    "results": [
        {
            "gain": -408.1999999999997,
            "fitness": -7.269164821676178,
            "fitness_balanced": -10.137060514919657,
            "gains": [
                -100,
                -50.0,
                20,
                -70.0,
                71.80000000000027,
                -100,
                -100,
                -80.0
            ],
            "wins": [
                false,
                false,
                true,
                false,
                true,
                false,
                false,
                false
            ]
        },
        {
            "gain": -408.1999999999997,
            "fitness": -7.269164821676178,
            "fitness_balanced": -10.137060514919657,
            "gains": [
                -100,
                -50.0,
                20,
                -70.0,
                71.80000000000027,
                -100,
                -100,
                -80.0
            ],
            "wins": [
                false,
                false,
                true,
                false,
                true,
                false,
                false,
                false
            ]
        },
        {
            "gain": -408.1999999999997,
            "fitness": -7.269164821676178,
            "fitness_balanced": -10.137060514919657,
            "gains": [
                -100,
                -50.0,
                20,
                -70.0,
                71.80000000000027,
                -100,
                -100,
                -80.0
            ],
            "wins": [
                false,
                false,
                true,
                false,
                true,
                false,
                false,
                false
            ]
        },
        {
            "gain": -408.1999999999997,
            "fitness": -7.269164821676178,
            "fitness_balanced": -10.137060514919657,
            "gains": [
                -100,
                -50.0,
                20,
                -70.0,
                71.80000000000027,
                -100,
                -100,
                -80.0
            ],
            "wins": [
                false,
                false,
                true,
                false,
                true,
                false,
                false,
                false
            ]
        },
        {
            "gain": -408.1999999999997,
            "fitness": -7.269164821676178,
            "fitness_balanced": -10.137060514919657,
            "gains": [
                -100,
                -50.0,
                20,
                -70.0,
                71.80000000000027,
                -100,
                -100,
                -80.0
            ],
            "wins": [
                false,
                false,
                true,
                false,
                true,
                false,
                false,
                false
            ]
        }
    ]
}