{
    "gen": 29,
    "enemies": [
        3
    ],
    "results": [
        {
            "gain": 1.6,
            "fitness": 74.56688614444268,
            "fitness_balanced": 47.76558927428163,
            "wins": [
                0.4
            ]
        }
    ]
}