{
    "gen": 29,
    "enemies": [
        1
    ],
    "results": [
        {
            "gain": -20.0,
            "fitness": 66.26990021702643,
            "fitness_balanced": 34.26665872310225,
            "wins": [
                false
            ]
        }
    ]
}