{
    "gen": 29,
    "enemies": [
        1,
        2,
        3,
        4,
        5,
        6,
        7,
        8
    ],
    "results": [
        {
            "gain": -279.7999999999997,
            "fitness": 6.094288034828892,
            "fitness_balanced": 57.25645558296876,
            "gains": [
                -100,
                84,
                -70.0,
                -80.0,
                -30.0,
                -90.0,
                -20.0,
                26.20000000000025
            ],
            "wins": [
                false,
                true,
                false,
                false,
                false,
                false,
                false,
                true
            ]
        },
        {
            "gain": -279.7999999999997,
            "fitness": 6.094288034828892,
            "fitness_balanced": 57.25645558296876,
            "gains": [
                -100,
                84,
                -70.0,
                -80.0,
                -30.0,
                -90.0,
                -20.0,
                26.20000000000025
            ],
            "wins": [
                false,
                true,
                false,
                false,
                false,
                false,
                false,
                true
            ]
        },
        {
            "gain": -279.7999999999997,
            "fitness": 6.094288034828892,
            "fitness_balanced": 57.25645558296876,
            "gains": [
                -100,
                84,
                -70.0,
                -80.0,
                -30.0,
                -90.0,
                -20.0,
                26.20000000000025
            ],
            "wins": [
                false,
                true,
                false,
                false,
                false,
                false,
                false,
                true
            ]
        },
        {
            "gain": -279.7999999999997,
            "fitness": 6.094288034828892,
            "fitness_balanced": 57.25645558296876,
            "gains": [
                -100,
                84,
                -70.0,
                -80.0,
                -30.0,
                -90.0,
                -20.0,
                26.20000000000025
            ],
            "wins": [
                false,
                true,
                false,
                false,
                false,
                false,
                false,
                true
            ]
        },
        {
            "gain": -279.7999999999997,
            "fitness": 6.094288034828892,
            "fitness_balanced": 57.25645558296876,
            "gains": [
                -100,
                84,
                -70.0,
                -80.0,
                -30.0,
                -90.0,
                -20.0,
                26.20000000000025
            ],
            "wins": [
                false,
                true,
                false,
                false,
                false,
                false,
                false,
                true
            ]
        }
    ]
}