{
    "gen": 29,
    "enemies": [
        1,
        2,
        3,
        4,
        5,
        6,
        7,
        8
    ],
    "results": [
        {
            "gain": -316.39999999999975,
            "fitness": -5.825991628327802,
            "fitness_balanced": 4.091917061831069,
            "gains": [
                100,
                -90.0,
                -50.0,
                -80.0,
                73.60000000000025,
                -90.0,
                -100,
                -80.0
            ],
            "wins": [
                true,
                false,
                false,
                false,
                true,
                false,
                false,
                false
            ]
        },
        {
            "gain": -316.39999999999975,
            "fitness": -5.825991628327802,
            "fitness_balanced": 4.091917061831069,
            "gains": [
                100,
                -90.0,
                -50.0,
                -80.0,
                73.60000000000025,
                -90.0,
                -100,
                -80.0
            ],
            "wins": [
                true,
                false,
                false,
                false,
                true,
                false,
                false,
                false
            ]
        },
        {
            "gain": -316.39999999999975,
            "fitness": -5.825991628327802,
            "fitness_balanced": 4.091917061831069,
            "gains": [
                100,
                -90.0,
                -50.0,
                -80.0,
                73.60000000000025,
                -90.0,
                -100,
                -80.0
            ],
            "wins": [
                true,
                false,
                false,
                false,
                true,
                false,
                false,
                false
            ]
        },
        {
            "gain": -316.39999999999975,
            "fitness": -5.825991628327802,
            "fitness_balanced": 4.091917061831069,
            "gains": [
                100,
                -90.0,
                -50.0,
                -80.0,
                73.60000000000025,
                -90.0,
                -100,
                -80.0
            ],
            "wins": [
                true,
                false,
                false,
                false,
                true,
                false,
                false,
                false
            ]
        },
        {
            "gain": -316.39999999999975,
            "fitness": -5.825991628327802,
            "fitness_balanced": 4.091917061831069,
            "gains": [
                100,
                -90.0,
                -50.0,
                -80.0,
                73.60000000000025,
                -90.0,
                -100,
                -80.0
            ],
            "wins": [
                true,
                false,
                false,
                false,
                true,
                false,
                false,
                false
            ]
        }
    ]
}