{
    "gen": 29,
    "enemies": [
        1,
        2,
        3,
        4,
        5,
        6,
        7,
        8
    ],
    "results": [
        {
            "gain": -417.19999999999993,
            "fitness": 0.3124835611091612,
            "fitness_balanced": 13.495711826463355,
            "gains": [
                -50.0,
                -70.0,
                -90.0,
                -80.0,
                92.80000000000007,
                -60.0,
                -100,
                -60.0
            ],
            "wins": [
                false,
                false,
                false,
                false,
                true,
                false,
                false,
                false
            ]
        },
        {
            "gain": -417.19999999999993,
            "fitness": 0.3124835611091612,
            "fitness_balanced": 13.495711826463355,
            "gains": [
                -50.0,
                -70.0,
                -90.0,
                -80.0,
                92.80000000000007,
                -60.0,
                -100,
                -60.0
            ],
            "wins": [
                false,
                false,
                false,
                false,
                true,
                false,
                false,
                false
            ]
        },
        {
            "gain": -417.19999999999993,
            "fitness": 0.3124835611091612,
            "fitness_balanced": 13.495711826463355,
            "gains": [
                -50.0,
                -70.0,
                -90.0,
                -80.0,
                92.80000000000007,
                -60.0,
                -100,
                -60.0
            ],
            "wins": [
                false,
                false,
                false,
                false,
                true,
                false,
                false,
                false
            ]
        },
        {
            "gain": -417.19999999999993,
            "fitness": 0.3124835611091612,
            "fitness_balanced": 13.495711826463355,
            "gains": [
                -50.0,
                -70.0,
                -90.0,
                -80.0,
                92.80000000000007,
                -60.0,
                -100,
                -60.0
            ],
            "wins": [
                false,
                false,
                false,
                false,
                true,
                false,
                false,
                false
            ]
        },
        {
            "gain": -417.19999999999993,
            "fitness": 0.3124835611091612,
            "fitness_balanced": 13.495711826463355,
            "gains": [
                -50.0,
                -70.0,
                -90.0,
                -80.0,
                92.80000000000007,
                -60.0,
                -100,
                -60.0
            ],
            "wins": [
                false,
                false,
                false,
                false,
                true,
                false,
                false,
                false
            ]
        }
    ]
}