{
    "gen": 29,
    "enemies": [
        5
    ],
    "results": [
        {
            "gain": 78.55000000000021,
            "fitness": 92.27898018761438,
            "fitness_balanced": 85.46661051127256,
            "wins": [
                1.0
            ]
        }
    ]
}