{
    "gen": 29,
    "enemies": [
        6
    ],
    "results": [
        {
            "gain": 1.7600000000001699,
            "fitness": 66.72463491163352,
            "fitness_balanced": 68.36811752271664,
            "wins": [
                0.6
            ]
        }
    ]
}