{
    "gen": 29,
    "enemies": [
        6
    ],
    "results": [
        {
            "gain": 45.4000000000003,
            "fitness": 88.71105438238983,
            "fitness_balanced": 66.86811752271663,
            "wins": [
                true
            ]
        }
    ]
}