{
    "gen": 29,
    "enemies": [
        5
    ],
    "results": [
        {
            "gain": 93.40000000000006,
            "fitness": 94.19833644349734,
            "fitness_balanced": 91.55250552318658,
            "wins": [
                true
            ]
        }
    ]
}