{
    "gen": 19,
    "enemies": [
        2
    ],
    "results": [
        {
            "gain": 18,
            "fitness": 86.27057091248858,
            "fitness_balanced": 53.46661051127248,
            "wins": [
                true
            ]
        }
    ]
}