{
    "gen": 29,
    "enemies": [
        1,
        2,
        3,
        4,
        5,
        6,
        7,
        8
    ],
    "results": [
        {
            "gain": -188.19999999999996,
            "fitness": 15.433783620706144,
            "fitness_balanced": 28.75972415482923,
            "gains": [
                -50.0,
                -70.0,
                76,
                -80.0,
                95.80000000000004,
                -50.0,
                -80.0,
                -30.0
            ],
            "wins": [
                false,
                false,
                true,
                false,
                true,
                false,
                false,
                false
            ]
        },
        {
            "gain": -188.19999999999996,
            "fitness": 15.433783620706144,
            "fitness_balanced": 28.75972415482923,
            "gains": [
                -50.0,
                -70.0,
                76,
                -80.0,
                95.80000000000004,
                -50.0,
                -80.0,
                -30.0
            ],
            "wins": [
                false,
                false,
                true,
                false,
                true,
                false,
                false,
                false
            ]
        },
        {
            "gain": -188.19999999999996,
            "fitness": 15.433783620706144,
            "fitness_balanced": 28.75972415482923,
            "gains": [
                -50.0,
                -70.0,
                76,
                -80.0,
                95.80000000000004,
                -50.0,
                -80.0,
                -30.0
            ],
            "wins": [
                false,
                false,
                true,
                false,
                true,
                false,
                false,
                false
            ]
        },
        {
            "gain": -188.19999999999996,
            "fitness": 15.433783620706144,
            "fitness_balanced": 28.75972415482923,
            "gains": [
                -50.0,
                -70.0,
                76,
                -80.0,
                95.80000000000004,
                -50.0,
                -80.0,
                -30.0
            ],
            "wins": [
                false,
                false,
                true,
                false,
                true,
                false,
                false,
                false
            ]
        },
        {
            "gain": -188.19999999999996,
            "fitness": 15.433783620706144,
            "fitness_balanced": 28.75972415482923,
            "gains": [
                -50.0,
                -70.0,
                76,
                -80.0,
                95.80000000000004,
                -50.0,
                -80.0,
                -30.0
            ],
            "wins": [
                false,
                false,
                true,
                false,
                true,
                false,
                false,
                false
            ]
        }
    ]
}