{
    "gen": 29,
    "enemies": [
        4
    ],
    "results": [
        {
            "gain": 29.44000000000027,
            "fitness": 86.09273108558057,
            "fitness_balanced": 43.65412012473607,
            "wins": [
                1.0
            ]
        }
    ]
}