{
    "gen": 29,
    "enemies": [
        1,
        2,
        3,
        4,
        5,
        6,
        7,
        8
    ],
    "results": [
        {
            "gain": -403.59999999999997,
            "fitness": -0.6413868660008823,
            "fitness_balanced": -9.882017459745256,
            "gains": [
                -50.0,
                -90.0,
                -70.0,
                -80.0,
                96.40000000000003,
                -80.0,
                -100,
                -30.0
            ],
            "wins": [
                false,
                false,
                false,
                false,
                true,
                false,
                false,
                false
            ]
        },
        {
            "gain": -403.59999999999997,
            "fitness": -0.6413868660008823,
            "fitness_balanced": -9.882017459745256,
            "gains": [
                -50.0,
                -90.0,
                -70.0,
                -80.0,
                96.40000000000003,
                -80.0,
                -100,
                -30.0
            ],
            "wins": [
                false,
                false,
                false,
                false,
                true,
                false,
                false,
                false
            ]
        },
        {
            "gain": -403.59999999999997,
            "fitness": -0.6413868660008823,
            "fitness_balanced": -9.882017459745256,
            "gains": [
                -50.0,
                -90.0,
                -70.0,
                -80.0,
                96.40000000000003,
                -80.0,
                -100,
                -30.0
            ],
            "wins": [
                false,
                false,
                false,
                false,
                true,
                false,
                false,
                false
            ]
        },
        {
            "gain": -403.59999999999997,
            "fitness": -0.6413868660008823,
            "fitness_balanced": -9.882017459745256,
            "gains": [
                -50.0,
                -90.0,
                -70.0,
                -80.0,
                96.40000000000003,
                -80.0,
                -100,
                -30.0
            ],
            "wins": [
                false,
                false,
                false,
                false,
                true,
                false,
                false,
                false
            ]
        },
        {
            "gain": -403.59999999999997,
            "fitness": -0.6413868660008823,
            "fitness_balanced": -9.882017459745256,
            "gains": [
                -50.0,
                -90.0,
                -70.0,
                -80.0,
                96.40000000000003,
                -80.0,
                -100,
                -30.0
            ],
            "wins": [
                false,
                false,
                false,
                false,
                true,
                false,
                false,
                false
            ]
        }
    ]
}