{
    "gen": 29,
    "enemies": [
        1,
        2,
        3,
        4,
        5,
        6,
        7,
        8
    ],
    "results": [
        {
            "gain": -274.99999999999943,
            "fitness": 10.973835475194662,
            "fitness_balanced": 0.5539672580649331,
            "gains": [
                -80.0,
                -20.0,
                -70.0,
                70.60000000000028,
                -40.0,
                -100,
                -60.0,
                24.400000000000247
            ],
            "wins": [
                false,
                false,
                false,
                true,
                false,
                false,
                false,
                true
            ]
        },
        {
            "gain": -274.99999999999943,
            "fitness": 10.973835475194662,
            "fitness_balanced": 0.5539672580649331,
            "gains": [
                -80.0,
                -20.0,
                -70.0,
                70.60000000000028,
                -40.0,
                -100,
                -60.0,
                24.400000000000247
            ],
            "wins": [
                false,
                false,
                false,
                true,
                false,
                false,
                false,
                true
            ]
        },
        {
            "gain": -274.99999999999943,
            "fitness": 10.973835475194662,
            "fitness_balanced": 0.5539672580649331,
            "gains": [
                -80.0,
                -20.0,
                -70.0,
                70.60000000000028,
                -40.0,
                -100,
                -60.0,
                24.400000000000247
            ],
            "wins": [
                false,
                false,
                false,
                true,
                false,
                false,
                false,
                true
            ]
        },
        {
            "gain": -274.99999999999943,
            "fitness": 10.973835475194662,
            "fitness_balanced": 0.5539672580649331,
            "gains": [
                -80.0,
                -20.0,
                -70.0,
                70.60000000000028,
                -40.0,
                -100,
                -60.0,
                24.400000000000247
            ],
            "wins": [
                false,
                false,
                false,
                true,
                false,
                false,
                false,
                true
            ]
        },
        {
            "gain": -274.99999999999943,
            "fitness": 10.973835475194662,
            "fitness_balanced": 0.5539672580649331,
            "gains": [
                -80.0,
                -20.0,
                -70.0,
                70.60000000000028,
                -40.0,
                -100,
                -60.0,
                24.400000000000247
            ],
            "wins": [
                false,
                false,
                false,
                true,
                false,
                false,
                false,
                true
            ]
        }
    ]
}