{
    "gen": 29,
    "enemies": [
        4
    ],
    "results": [
        {
            "gain": 55.12000000000029,
            "fitness": 88.99477303159827,
            "fitness_balanced": 70.36330840240886,
            "wins": [
                1.0
            ]
        }
    ]
}