{
    "gen": 29,
    "enemies": [
        5
    ],
    "results": [
        {
            "gain": 89.2000000000001,
            "fitness": 93.63173296930547,
            "fitness_balanced": 89.30669517527556,
            "wins": [
                true
            ]
        }
    ]
}