{
    "gen": 29,
    "enemies": [
        1,
        2,
        3,
        4,
        5,
        6,
        7,
        8
    ],
    "results": [
        {
            "gain": -310.99999999999955,
            "fitness": -2.6230436115618687,
            "fitness_balanced": 86.18835394814504,
            "gains": [
                -80.0,
                -90.0,
                6,
                -60.0,
                29.80000000000026,
                -100,
                -100,
                83.20000000000016
            ],
            "wins": [
                false,
                false,
                true,
                false,
                true,
                false,
                false,
                true
            ]
        },
        {
            "gain": -310.99999999999955,
            "fitness": -2.6230436115618687,
            "fitness_balanced": 86.18835394814504,
            "gains": [
                -80.0,
                -90.0,
                6,
                -60.0,
                29.80000000000026,
                -100,
                -100,
                83.20000000000016
            ],
            "wins": [
                false,
                false,
                true,
                false,
                true,
                false,
                false,
                true
            ]
        },
        {
            "gain": -310.99999999999955,
            "fitness": -2.6230436115618687,
            "fitness_balanced": 86.18835394814504,
            "gains": [
                -80.0,
                -90.0,
                6,
                -60.0,
                29.80000000000026,
                -100,
                -100,
                83.20000000000016
            ],
            "wins": [
                false,
                false,
                true,
                false,
                true,
                false,
                false,
                true
            ]
        },
        {
            "gain": -310.99999999999955,
            "fitness": -2.6230436115618687,
            "fitness_balanced": 86.18835394814504,
            "gains": [
                -80.0,
                -90.0,
                6,
                -60.0,
                29.80000000000026,
                -100,
                -100,
                83.20000000000016
            ],
            "wins": [
                false,
                false,
                true,
                false,
                true,
                false,
                false,
                true
            ]
        },
        {
            "gain": -310.99999999999955,
            "fitness": -2.6230436115618687,
            "fitness_balanced": 86.18835394814504,
            "gains": [
                -80.0,
                -90.0,
                6,
                -60.0,
                29.80000000000026,
                -100,
                -100,
                83.20000000000016
            ],
            "wins": [
                false,
                false,
                true,
                false,
                true,
                false,
                false,
                true
            ]
        }
    ]
}