{
    "gen": 29,
    "enemies": [
        5
    ],
    "results": [
        {
            "gain": 87.55000000000013,
            "fitness": 93.4620708278748,
            "fitness_balanced": 85.08322890233352,
            "wins": [
                1.0
            ]
        }
    ]
}