{
    "gen": 29,
    "enemies": [
        5
    ],
    "results": [
        {
            "gain": 92.80000000000007,
            "fitness": 94.04889138314542,
            "fitness_balanced": 91.16355803717009,
            "wins": [
                true
            ]
        }
    ]
}