{
    "gen": 29,
    "enemies": [
        1,
        2,
        3,
        4,
        5,
        6,
        7,
        8
    ],
    "results": [
        {
            "gain": -229.19999999999982,
            "fitness": 11.018644501377459,
            "fitness_balanced": 14.557582289478207,
            "gains": [
                -20.0,
                -40.0,
                60,
                -60.0,
                80.80000000000018,
                -90.0,
                -100,
                -60.0
            ],
            "wins": [
                false,
                false,
                true,
                false,
                true,
                false,
                false,
                false
            ]
        },
        {
            "gain": -229.19999999999982,
            "fitness": 11.018644501377459,
            "fitness_balanced": 14.557582289478207,
            "gains": [
                -20.0,
                -40.0,
                60,
                -60.0,
                80.80000000000018,
                -90.0,
                -100,
                -60.0
            ],
            "wins": [
                false,
                false,
                true,
                false,
                true,
                false,
                false,
                false
            ]
        },
        {
            "gain": -229.19999999999982,
            "fitness": 11.018644501377459,
            "fitness_balanced": 14.557582289478207,
            "gains": [
                -20.0,
                -40.0,
                60,
                -60.0,
                80.80000000000018,
                -90.0,
                -100,
                -60.0
            ],
            "wins": [
                false,
                false,
                true,
                false,
                true,
                false,
                false,
                false
            ]
        },
        {
            "gain": -229.19999999999982,
            "fitness": 11.018644501377459,
            "fitness_balanced": 14.557582289478207,
            "gains": [
                -20.0,
                -40.0,
                60,
                -60.0,
                80.80000000000018,
                -90.0,
                -100,
                -60.0
            ],
            "wins": [
                false,
                false,
                true,
                false,
                true,
                false,
                false,
                false
            ]
        },
        {
            "gain": -229.19999999999982,
            "fitness": 11.018644501377459,
            "fitness_balanced": 14.557582289478207,
            "gains": [
                -20.0,
                -40.0,
                60,
                -60.0,
                80.80000000000018,
                -90.0,
                -100,
                -60.0
            ],
            "wins": [
                false,
                false,
                true,
                false,
                true,
                false,
                false,
                false
            ]
        }
    ]
}