{
    "gen": 29,
    "enemies": [
        4
    ],
    "results": [
        {
            "gain": -5.519999999999891,
            "fitness": 55.924577016661225,
            "fitness_balanced": 9.282972298593778,
            "wins": [
                0.4
            ]
        }
    ]
}