{
    "gen": 29,
    "enemies": [
        5
    ],
    "results": [
        {
            "gain": 69.60000000000018,
            "fitness": 89.1008924653213,
            "fitness_balanced": 81.55935834262672,
            "wins": [
                0.75
            ]
        }
    ]
}