{
    "experiment_name": "[1, 2, 3, 4, 5, 6, 7, 8]_all_enemies_e_f-rank",
    "enemies": [
        1,
        2,
        3,
        4,
        5,
        6,
        7,
        8
    ],
    "n_hidden_neurons": 10,
    "domain_upper": 1,
    "domain_lower": -1,
    "pop_size": 100,
    "gens": 300,
    "mutation_rate": 0.2,
    "normalization_method": "default",
    "fitness_method": "rank",
    "pick_parent_method": "multinomial",
    "survivor_method": "multinomial",
    "headless": true,
    "multi_ini": false,
    "randomini": "no",
    "crossover_method": "none",
    "mutation_type": "stochastic_decaying",
    "start_new": true,
    "exploration_island": true,
    "exploration_gens": 10,
    "gen": 299,
    "best_default": 63.79193316074718,
    "mean_default": 40.32790461027658,
    "std_default": 9.921538757541635,
    "Q5_default": 27.082598956380725,
    "Q95_default": 63.79193316074718,
    "best_balanced": 44.82969543997843,
    "mean_balanced": 41.968110191867424,
    "std_balanced": 3.224864553444452,
    "Q5_balanced": 35.64625840266829,
    "Q95_balanced": 46.33265282613935,
    "best_default_explore": 43.44482827147232,
    "mean_default_explore": 19.636656432155824,
    "std_default_explore": 10.533645441477917,
    "Q5_default_explore": 0.3425114994751346,
    "Q95_default_explore": 37.76179882555229,
    "best_balanced_explore": 40.99249093235218,
    "mean_balanced_explore": 34.60719101667715,
    "std_balanced_explore": 6.7652609877459575,
    "Q5_balanced_explore": 24.715225620405658,
    "Q95_balanced_explore": 40.99249093235218
}