{
    "gen": 299,
    "enemies": [
        1,
        2,
        3,
        4,
        5,
        6,
        7,
        8
    ],
    "results": [
        {
            "gain": 113.6000000000008,
            "fitness": 63.79193316074718,
            "fitness_balanced": 32.65845116735041,
            "gains": [
                -30.0,
                62,
                50,
                -30.0,
                63.40000000000034,
                -20.0,
                4.0000000000002345,
                14.200000000000228
            ],
            "wins": [
                false,
                true,
                true,
                false,
                true,
                false,
                true,
                true
            ]
        },
        {
            "gain": 113.6000000000008,
            "fitness": 63.79193316074718,
            "fitness_balanced": 32.65845116735041,
            "gains": [
                -30.0,
                62,
                50,
                -30.0,
                63.40000000000034,
                -20.0,
                4.0000000000002345,
                14.200000000000228
            ],
            "wins": [
                false,
                true,
                true,
                false,
                true,
                false,
                true,
                true
            ]
        },
        {
            "gain": 113.6000000000008,
            "fitness": 63.79193316074718,
            "fitness_balanced": 32.65845116735041,
            "gains": [
                -30.0,
                62,
                50,
                -30.0,
                63.40000000000034,
                -20.0,
                4.0000000000002345,
                14.200000000000228
            ],
            "wins": [
                false,
                true,
                true,
                false,
                true,
                false,
                true,
                true
            ]
        },
        {
            "gain": 113.6000000000008,
            "fitness": 63.79193316074718,
            "fitness_balanced": 32.65845116735041,
            "gains": [
                -30.0,
                62,
                50,
                -30.0,
                63.40000000000034,
                -20.0,
                4.0000000000002345,
                14.200000000000228
            ],
            "wins": [
                false,
                true,
                true,
                false,
                true,
                false,
                true,
                true
            ]
        },
        {
            "gain": 113.6000000000008,
            "fitness": 63.79193316074718,
            "fitness_balanced": 32.65845116735041,
            "gains": [
                -30.0,
                62,
                50,
                -30.0,
                63.40000000000034,
                -20.0,
                4.0000000000002345,
                14.200000000000228
            ],
            "wins": [
                false,
                true,
                true,
                false,
                true,
                false,
                true,
                true
            ]
        }
    ]
}