{
    "gen": 29,
    "enemies": [
        1,
        2,
        3,
        4,
        5,
        6,
        7,
        8
    ],
    "results": [
        {
            "gain": -243.7999999999997,
            "fitness": 3.075162365899949,
            "fitness_balanced": 0.3715865678451884,
            "gains": [
                -80.0,
                28,
                -50.0,
                -80.0,
                -3.199999999999875,
                -100,
                81.40000000000018,
                -40.0
            ],
            "wins": [
                false,
                true,
                false,
                false,
                false,
                false,
                true,
                false
            ]
        },
        {
            "gain": -243.7999999999997,
            "fitness": 3.075162365899949,
            "fitness_balanced": 0.3715865678451884,
            "gains": [
                -80.0,
                28,
                -50.0,
                -80.0,
                -3.199999999999875,
                -100,
                81.40000000000018,
                -40.0
            ],
            "wins": [
                false,
                true,
                false,
                false,
                false,
                false,
                true,
                false
            ]
        },
        {
            "gain": -243.7999999999997,
            "fitness": 3.075162365899949,
            "fitness_balanced": 0.3715865678451884,
            "gains": [
                -80.0,
                28,
                -50.0,
                -80.0,
                -3.199999999999875,
                -100,
                81.40000000000018,
                -40.0
            ],
            "wins": [
                false,
                true,
                false,
                false,
                false,
                false,
                true,
                false
            ]
        },
        {
            "gain": -243.7999999999997,
            "fitness": 3.075162365899949,
            "fitness_balanced": 0.3715865678451884,
            "gains": [
                -80.0,
                28,
                -50.0,
                -80.0,
                -3.199999999999875,
                -100,
                81.40000000000018,
                -40.0
            ],
            "wins": [
                false,
                true,
                false,
                false,
                false,
                false,
                true,
                false
            ]
        },
        {
            "gain": -243.7999999999997,
            "fitness": 3.075162365899949,
            "fitness_balanced": 0.3715865678451884,
            "gains": [
                -80.0,
                28,
                -50.0,
                -80.0,
                -3.199999999999875,
                -100,
                81.40000000000018,
                -40.0
            ],
            "wins": [
                false,
                true,
                false,
                false,
                false,
                false,
                true,
                false
            ]
        }
    ]
}