{
    "gen": 29,
    "enemies": [
        1
    ],
    "results": [
        {
            "gain": -2.5,
            "fitness": 62.71680046868798,
            "fitness_balanced": 94.93109579777976,
            "wins": [
                0.25
            ]
        }
    ]
}