{
    "gen": 29,
    "enemies": [
        1,
        2,
        3,
        4,
        5,
        6,
        7,
        8
    ],
    "results": [
        {
            "gain": -278.5999999999998,
            "fitness": 4.253229834510343,
            "fitness_balanced": 82.28835394814507,
            "gains": [
                -100,
                46,
                -70.0,
                -70.0,
                -50.0,
                -10.0,
                -100,
                75.40000000000023
            ],
            "wins": [
                false,
                true,
                false,
                false,
                false,
                false,
                false,
                true
            ]
        },
        {
            "gain": -278.5999999999998,
            "fitness": 4.253229834510343,
            "fitness_balanced": 82.28835394814507,
            "gains": [
                -100,
                46,
                -70.0,
                -70.0,
                -50.0,
                -10.0,
                -100,
                75.40000000000023
            ],
            "wins": [
                false,
                true,
                false,
                false,
                false,
                false,
                false,
                true
            ]
        },
        {
            "gain": -278.5999999999998,
            "fitness": 4.253229834510343,
            "fitness_balanced": 82.28835394814507,
            "gains": [
                -100,
                46,
                -70.0,
                -70.0,
                -50.0,
                -10.0,
                -100,
                75.40000000000023
            ],
            "wins": [
                false,
                true,
                false,
                false,
                false,
                false,
                false,
                true
            ]
        },
        {
            "gain": -278.5999999999998,
            "fitness": 4.253229834510343,
            "fitness_balanced": 82.28835394814507,
            "gains": [
                -100,
                46,
                -70.0,
                -70.0,
                -50.0,
                -10.0,
                -100,
                75.40000000000023
            ],
            "wins": [
                false,
                true,
                false,
                false,
                false,
                false,
                false,
                true
            ]
        },
        {
            "gain": -278.5999999999998,
            "fitness": 4.253229834510343,
            "fitness_balanced": 82.28835394814507,
            "gains": [
                -100,
                46,
                -70.0,
                -70.0,
                -50.0,
                -10.0,
                -100,
                75.40000000000023
            ],
            "wins": [
                false,
                true,
                false,
                false,
                false,
                false,
                false,
                true
            ]
        }
    ]
}