{
    "gen": 29,
    "enemies": [
        8
    ],
    "results": [
        {
            "gain": 40.12000000000023,
            "fitness": 88.10220715135256,
            "fitness_balanced": 83.07057091248869,
            "wins": [
                1.0
            ]
        }
    ]
}