{
    "gen": 29,
    "enemies": [
        7
    ],
    "results": [
        {
            "gain": -14.279999999999978,
            "fitness": 57.29838965524725,
            "fitness_balanced": 34.12788221052458,
            "wins": [
                0.2
            ]
        }
    ]
}