{
    "gen": 14,
    "enemies": [
        5
    ],
    "results": [
        {
            "gain": 100,
            "fitness": 94.30290651349459,
            "fitness_balanced": 94.29955642660931,
            "wins": [
                true
            ]
        }
    ]
}