{
    "gen": 29,
    "enemies": [
        1,
        2,
        3,
        4,
        5,
        6,
        7,
        8
    ],
    "results": [
        {
            "gain": -234.59999999999965,
            "fitness": 14.583076158964172,
            "fitness_balanced": 38.56705990726082,
            "gains": [
                -30.0,
                -60.0,
                -60.0,
                89.8000000000001,
                15.60000000000025,
                -80.0,
                -100,
                -10.0
            ],
            "wins": [
                false,
                false,
                false,
                true,
                false,
                false,
                false,
                false
            ]
        },
        {
            "gain": -234.59999999999965,
            "fitness": 14.583076158964172,
            "fitness_balanced": 38.56705990726082,
            "gains": [
                -30.0,
                -60.0,
                -60.0,
                89.8000000000001,
                15.60000000000025,
                -80.0,
                -100,
                -10.0
            ],
            "wins": [
                false,
                false,
                false,
                true,
                false,
                false,
                false,
                false
            ]
        },
        {
            "gain": -234.59999999999965,
            "fitness": 14.583076158964172,
            "fitness_balanced": 38.56705990726082,
            "gains": [
                -30.0,
                -60.0,
                -60.0,
                89.8000000000001,
                15.60000000000025,
                -80.0,
                -100,
                -10.0
            ],
            "wins": [
                false,
                false,
                false,
                true,
                false,
                false,
                false,
                false
            ]
        },
        {
            "gain": -234.59999999999965,
            "fitness": 14.583076158964172,
            "fitness_balanced": 38.56705990726082,
            "gains": [
                -30.0,
                -60.0,
                -60.0,
                89.8000000000001,
                15.60000000000025,
                -80.0,
                -100,
                -10.0
            ],
            "wins": [
                false,
                false,
                false,
                true,
                false,
                false,
                false,
                false
            ]
        },
        {
            "gain": -234.59999999999965,
            "fitness": 14.583076158964172,
            "fitness_balanced": 38.56705990726082,
            "gains": [
                -30.0,
                -60.0,
                -60.0,
                89.8000000000001,
                15.60000000000025,
                -80.0,
                -100,
                -10.0
            ],
            "wins": [
                false,
                false,
                false,
                true,
                false,
                false,
                false,
                false
            ]
        }
    ]
}