{
    "gen": 29,
    "enemies": [
        1,
        2,
        3,
        4,
        5,
        6,
        7,
        8
    ],
    "results": [
        {
            "gain": -342.5999999999997,
            "fitness": 7.944067749115863,
            "fitness_balanced": 19.139213776534135,
            "gains": [
                -80.0,
                4,
                -70.0,
                -80.0,
                -40.0,
                -90.0,
                63.40000000000034,
                -50.0
            ],
            "wins": [
                false,
                true,
                false,
                false,
                false,
                false,
                true,
                false
            ]
        },
        {
            "gain": -342.5999999999997,
            "fitness": 7.944067749115863,
            "fitness_balanced": 19.139213776534135,
            "gains": [
                -80.0,
                4,
                -70.0,
                -80.0,
                -40.0,
                -90.0,
                63.40000000000034,
                -50.0
            ],
            "wins": [
                false,
                true,
                false,
                false,
                false,
                false,
                true,
                false
            ]
        },
        {
            "gain": -342.5999999999997,
            "fitness": 7.944067749115863,
            "fitness_balanced": 19.139213776534135,
            "gains": [
                -80.0,
                4,
                -70.0,
                -80.0,
                -40.0,
                -90.0,
                63.40000000000034,
                -50.0
            ],
            "wins": [
                false,
                true,
                false,
                false,
                false,
                false,
                true,
                false
            ]
        },
        {
            "gain": -342.5999999999997,
            "fitness": 7.944067749115863,
            "fitness_balanced": 19.139213776534135,
            "gains": [
                -80.0,
                4,
                -70.0,
                -80.0,
                -40.0,
                -90.0,
                63.40000000000034,
                -50.0
            ],
            "wins": [
                false,
                true,
                false,
                false,
                false,
                false,
                true,
                false
            ]
        },
        {
            "gain": -342.5999999999997,
            "fitness": 7.944067749115863,
            "fitness_balanced": 19.139213776534135,
            "gains": [
                -80.0,
                4,
                -70.0,
                -80.0,
                -40.0,
                -90.0,
                63.40000000000034,
                -50.0
            ],
            "wins": [
                false,
                true,
                false,
                false,
                false,
                false,
                true,
                false
            ]
        }
    ]
}