{
    "gen": 29,
    "enemies": [
        8
    ],
    "results": [
        {
            "gain": 45.880000000000294,
            "fitness": 88.76463704982278,
            "fitness_balanced": 76.45092391510495,
            "wins": [
                1.0
            ]
        }
    ]
}