{
    "gen": 999,
    "enemies": [
        1,
        2,
        3,
        4,
        5,
        6,
        7,
        8
    ],
    "results": [
        {
            "gain": 89.80000000000106,
            "fitness": 54.328002601846485,
            "fitness_balanced": 29.262307081364824,
            "gains": [
                -70.0,
                64,
                20,
                -20.0,
                62.20000000000034,
                0.40000000000023406,
                4.600000000000234,
                28.600000000000257
            ],
            "wins": [
                false,
                true,
                true,
                false,
                true,
                true,
                true,
                true
            ]
        },
        {
            "gain": 89.80000000000106,
            "fitness": 54.328002601846485,
            "fitness_balanced": 29.262307081364824,
            "gains": [
                -70.0,
                64,
                20,
                -20.0,
                62.20000000000034,
                0.40000000000023406,
                4.600000000000234,
                28.600000000000257
            ],
            "wins": [
                false,
                true,
                true,
                false,
                true,
                true,
                true,
                true
            ]
        },
        {
            "gain": 89.80000000000106,
            "fitness": 54.328002601846485,
            "fitness_balanced": 29.262307081364824,
            "gains": [
                -70.0,
                64,
                20,
                -20.0,
                62.20000000000034,
                0.40000000000023406,
                4.600000000000234,
                28.600000000000257
            ],
            "wins": [
                false,
                true,
                true,
                false,
                true,
                true,
                true,
                true
            ]
        },
        {
            "gain": 89.80000000000106,
            "fitness": 54.328002601846485,
            "fitness_balanced": 29.262307081364824,
            "gains": [
                -70.0,
                64,
                20,
                -20.0,
                62.20000000000034,
                0.40000000000023406,
                4.600000000000234,
                28.600000000000257
            ],
            "wins": [
                false,
                true,
                true,
                false,
                true,
                true,
                true,
                true
            ]
        },
        {
            "gain": 89.80000000000106,
            "fitness": 54.328002601846485,
            "fitness_balanced": 29.262307081364824,
            "gains": [
                -70.0,
                64,
                20,
                -20.0,
                62.20000000000034,
                0.40000000000023406,
                4.600000000000234,
                28.600000000000257
            ],
            "wins": [
                false,
                true,
                true,
                false,
                true,
                true,
                true,
                true
            ]
        }
    ]
}