{
    "gen": 29,
    "enemies": [
        1,
        2,
        3,
        4,
        5,
        6,
        7,
        8
    ],
    "results": [
        {
            "gain": -72.39999999999986,
            "fitness": 15.862255547915169,
            "fitness_balanced": 3.9632050753651242,
            "gains": [
                -60.0,
                76,
                76,
                -90.0,
                85.60000000000014,
                -80.0,
                -10.0,
                -70.0
            ],
            "wins": [
                false,
                true,
                true,
                false,
                true,
                false,
                false,
                false
            ]
        },
        {
            "gain": -72.39999999999986,
            "fitness": 15.862255547915169,
            "fitness_balanced": 3.9632050753651242,
            "gains": [
                -60.0,
                76,
                76,
                -90.0,
                85.60000000000014,
                -80.0,
                -10.0,
                -70.0
            ],
            "wins": [
                false,
                true,
                true,
                false,
                true,
                false,
                false,
                false
            ]
        },
        {
            "gain": -72.39999999999986,
            "fitness": 15.862255547915169,
            "fitness_balanced": 3.9632050753651242,
            "gains": [
                -60.0,
                76,
                76,
                -90.0,
                85.60000000000014,
                -80.0,
                -10.0,
                -70.0
            ],
            "wins": [
                false,
                true,
                true,
                false,
                true,
                false,
                false,
                false
            ]
        },
        {
            "gain": -72.39999999999986,
            "fitness": 15.862255547915169,
            "fitness_balanced": 3.9632050753651242,
            "gains": [
                -60.0,
                76,
                76,
                -90.0,
                85.60000000000014,
                -80.0,
                -10.0,
                -70.0
            ],
            "wins": [
                false,
                true,
                true,
                false,
                true,
                false,
                false,
                false
            ]
        },
        {
            "gain": -72.39999999999986,
            "fitness": 15.862255547915169,
            "fitness_balanced": 3.9632050753651242,
            "gains": [
                -60.0,
                76,
                76,
                -90.0,
                85.60000000000014,
                -80.0,
                -10.0,
                -70.0
            ],
            "wins": [
                false,
                true,
                true,
                false,
                true,
                false,
                false,
                false
            ]
        }
    ]
}