{
    "gen": 29,
    "enemies": [
        1,
        2,
        3,
        4,
        5,
        6,
        7,
        8
    ],
    "results": [
        {
            "gain": -205.59999999999985,
            "fitness": 17.387721542128375,
            "fitness_balanced": 18.801521283507693,
            "gains": [
                -60.0,
                -30.0,
                60,
                -70.0,
                84.40000000000015,
                -50.0,
                -90.0,
                -50.0
            ],
            "wins": [
                false,
                false,
                true,
                false,
                true,
                false,
                false,
                false
            ]
        },
        {
            "gain": -205.59999999999985,
            "fitness": 17.387721542128375,
            "fitness_balanced": 18.801521283507693,
            "gains": [
                -60.0,
                -30.0,
                60,
                -70.0,
                84.40000000000015,
                -50.0,
                -90.0,
                -50.0
            ],
            "wins": [
                false,
                false,
                true,
                false,
                true,
                false,
                false,
                false
            ]
        },
        {
            "gain": -205.59999999999985,
            "fitness": 17.387721542128375,
            "fitness_balanced": 18.801521283507693,
            "gains": [
                -60.0,
                -30.0,
                60,
                -70.0,
                84.40000000000015,
                -50.0,
                -90.0,
                -50.0
            ],
            "wins": [
                false,
                false,
                true,
                false,
                true,
                false,
                false,
                false
            ]
        },
        {
            "gain": -205.59999999999985,
            "fitness": 17.387721542128375,
            "fitness_balanced": 18.801521283507693,
            "gains": [
                -60.0,
                -30.0,
                60,
                -70.0,
                84.40000000000015,
                -50.0,
                -90.0,
                -50.0
            ],
            "wins": [
                false,
                false,
                true,
                false,
                true,
                false,
                false,
                false
            ]
        },
        {
            "gain": -205.59999999999985,
            "fitness": 17.387721542128375,
            "fitness_balanced": 18.801521283507693,
            "gains": [
                -60.0,
                -30.0,
                60,
                -70.0,
                84.40000000000015,
                -50.0,
                -90.0,
                -50.0
            ],
            "wins": [
                false,
                false,
                true,
                false,
                true,
                false,
                false,
                false
            ]
        }
    ]
}