{
    "gen": 29,
    "enemies": [
        1,
        2,
        3,
        4,
        5,
        6,
        7,
        8
    ],
    "results": [
        {
            "gain": -243.19999999999953,
            "fitness": 6.604889289912869,
            "fitness_balanced": 38.35101544997522,
            "gains": [
                -60.0,
                -90.0,
                -20.0,
                44.800000000000296,
                82.00000000000017,
                -90.0,
                -100,
                -10.0
            ],
            "wins": [
                false,
                false,
                false,
                true,
                true,
                false,
                false,
                false
            ]
        },
        {
            "gain": -243.19999999999953,
            "fitness": 6.604889289912869,
            "fitness_balanced": 38.35101544997522,
            "gains": [
                -60.0,
                -90.0,
                -20.0,
                44.800000000000296,
                82.00000000000017,
                -90.0,
                -100,
                -10.0
            ],
            "wins": [
                false,
                false,
                false,
                true,
                true,
                false,
                false,
                false
            ]
        },
        {
            "gain": -243.19999999999953,
            "fitness": 6.604889289912869,
            "fitness_balanced": 38.35101544997522,
            "gains": [
                -60.0,
                -90.0,
                -20.0,
                44.800000000000296,
                82.00000000000017,
                -90.0,
                -100,
                -10.0
            ],
            "wins": [
                false,
                false,
                false,
                true,
                true,
                false,
                false,
                false
            ]
        },
        {
            "gain": -243.19999999999953,
            "fitness": 6.604889289912869,
            "fitness_balanced": 38.35101544997522,
            "gains": [
                -60.0,
                -90.0,
                -20.0,
                44.800000000000296,
                82.00000000000017,
                -90.0,
                -100,
                -10.0
            ],
            "wins": [
                false,
                false,
                false,
                true,
                true,
                false,
                false,
                false
            ]
        },
        {
            "gain": -243.19999999999953,
            "fitness": 6.604889289912869,
            "fitness_balanced": 38.35101544997522,
            "gains": [
                -60.0,
                -90.0,
                -20.0,
                44.800000000000296,
                82.00000000000017,
                -90.0,
                -100,
                -10.0
            ],
            "wins": [
                false,
                false,
                false,
                true,
                true,
                false,
                false,
                false
            ]
        }
    ]
}