{
    "gen": 29,
    "enemies": [
        4
    ],
    "results": [
        {
            "gain": 44.800000000000296,
            "fitness": 87.75376659764129,
            "fitness_balanced": 65.67256827514929,
            "wins": [
                true
            ]
        }
    ]
}