{
    "gen": 29,
    "enemies": [
        1
    ],
    "results": [
        {
            "gain": -40.0,
            "fitness": 48.49650886842174,
            "fitness_balanced": 29.191857510019556,
            "wins": [
                0.0
            ]
        }
    ]
}