{
    "gen": 29,
    "enemies": [
        7
    ],
    "results": [
        {
            "gain": -6.399999999999977,
            "fitness": 64.67836771950928,
            "fitness_balanced": 34.256996812190515,
            "wins": [
                0.2
            ]
        }
    ]
}