{
    "gen": 29,
    "enemies": [
        4
    ],
    "results": [
        {
            "gain": 45.56000000000017,
            "fitness": 83.21149710071805,
            "fitness_balanced": 85.95897000081017,
            "wins": [
                0.8
            ]
        }
    ]
}