{
    "gen": 29,
    "enemies": [
        8
    ],
    "results": [
        {
            "gain": 82.00000000000017,
            "fitness": 92.67454706086824,
            "fitness_balanced": 85.47057091248867,
            "wins": [
                true
            ]
        }
    ]
}