{
    "gen": 29,
    "enemies": [
        6
    ],
    "results": [
        {
            "gain": 29.20000000000026,
            "fitness": 87.29959913428289,
            "fitness_balanced": 58.9759824938128,
            "wins": [
                true
            ]
        }
    ]
}