{
    "gen": 29,
    "enemies": [
        1,
        2,
        3,
        4,
        5,
        6,
        7,
        8
    ],
    "results": [
        {
            "gain": -99.19999999999911,
            "fitness": 27.181263994983166,
            "fitness_balanced": 19.089203355959473,
            "gains": [
                -80.0,
                20,
                -70.0,
                -50.0,
                57.400000000000325,
                29.20000000000026,
                44.200000000000294,
                -50.0
            ],
            "wins": [
                false,
                true,
                false,
                false,
                true,
                true,
                true,
                false
            ]
        },
        {
            "gain": -99.19999999999911,
            "fitness": 27.181263994983166,
            "fitness_balanced": 19.089203355959473,
            "gains": [
                -80.0,
                20,
                -70.0,
                -50.0,
                57.400000000000325,
                29.20000000000026,
                44.200000000000294,
                -50.0
            ],
            "wins": [
                false,
                true,
                false,
                false,
                true,
                true,
                true,
                false
            ]
        },
        {
            "gain": -99.19999999999911,
            "fitness": 27.181263994983166,
            "fitness_balanced": 19.089203355959473,
            "gains": [
                -80.0,
                20,
                -70.0,
                -50.0,
                57.400000000000325,
                29.20000000000026,
                44.200000000000294,
                -50.0
            ],
            "wins": [
                false,
                true,
                false,
                false,
                true,
                true,
                true,
                false
            ]
        },
        {
            "gain": -99.19999999999911,
            "fitness": 27.181263994983166,
            "fitness_balanced": 19.089203355959473,
            "gains": [
                -80.0,
                20,
                -70.0,
                -50.0,
                57.400000000000325,
                29.20000000000026,
                44.200000000000294,
                -50.0
            ],
            "wins": [
                false,
                true,
                false,
                false,
                true,
                true,
                true,
                false
            ]
        },
        {
            "gain": -99.19999999999911,
            "fitness": 27.181263994983166,
            "fitness_balanced": 19.089203355959473,
            "gains": [
                -80.0,
                20,
                -70.0,
                -50.0,
                57.400000000000325,
                29.20000000000026,
                44.200000000000294,
                -50.0
            ],
            "wins": [
                false,
                true,
                false,
                false,
                true,
                true,
                true,
                false
            ]
        }
    ]
}