{
    "gen": 29,
    "enemies": [
        1,
        2,
        3,
        4,
        5,
        6,
        7,
        8
    ],
    "results": [
        {
            "gain": -233.79999999999959,
            "fitness": 6.7436774056798825,
            "fitness_balanced": -3.5614106619519177,
            "gains": [
                -70.0,
                -60.0,
                -10.0,
                -70.0,
                64.60000000000034,
                -100,
                91.60000000000008,
                -80.0
            ],
            "wins": [
                false,
                false,
                false,
                false,
                true,
                false,
                true,
                false
            ]
        },
        {
            "gain": -233.79999999999959,
            "fitness": 6.7436774056798825,
            "fitness_balanced": -3.5614106619519177,
            "gains": [
                -70.0,
                -60.0,
                -10.0,
                -70.0,
                64.60000000000034,
                -100,
                91.60000000000008,
                -80.0
            ],
            "wins": [
                false,
                false,
                false,
                false,
                true,
                false,
                true,
                false
            ]
        },
        {
            "gain": -233.79999999999959,
            "fitness": 6.7436774056798825,
            "fitness_balanced": -3.5614106619519177,
            "gains": [
                -70.0,
                -60.0,
                -10.0,
                -70.0,
                64.60000000000034,
                -100,
                91.60000000000008,
                -80.0
            ],
            "wins": [
                false,
                false,
                false,
                false,
                true,
                false,
                true,
                false
            ]
        },
        {
            "gain": -233.79999999999959,
            "fitness": 6.7436774056798825,
            "fitness_balanced": -3.5614106619519177,
            "gains": [
                -70.0,
                -60.0,
                -10.0,
                -70.0,
                64.60000000000034,
                -100,
                91.60000000000008,
                -80.0
            ],
            "wins": [
                false,
                false,
                false,
                false,
                true,
                false,
                true,
                false
            ]
        },
        {
            "gain": -233.79999999999959,
            "fitness": 6.7436774056798825,
            "fitness_balanced": -3.5614106619519177,
            "gains": [
                -70.0,
                -60.0,
                -10.0,
                -70.0,
                64.60000000000034,
                -100,
                91.60000000000008,
                -80.0
            ],
            "wins": [
                false,
                false,
                false,
                false,
                true,
                false,
                true,
                false
            ]
        }
    ]
}