{
    "gen": 29,
    "enemies": [
        2
    ],
    "results": [
        {
            "gain": 77.6,
            "fitness": 92.331368992172,
            "fitness_balanced": 87.52353644806848,
            "wins": [
                1.0
            ]
        }
    ]
}