{
    "gen": 29,
    "enemies": [
        1,
        2,
        3,
        4,
        5,
        6,
        7,
        8
    ],
    "results": [
        {
            "gain": -247.39999999999966,
            "fitness": 7.194334298045348,
            "fitness_balanced": 24.033853260876306,
            "gains": [
                -70.0,
                78,
                -90.0,
                -90.0,
                64.60000000000034,
                -80.0,
                -20.0,
                -40.0
            ],
            "wins": [
                false,
                true,
                false,
                false,
                true,
                false,
                false,
                false
            ]
        },
        {
            "gain": -247.39999999999966,
            "fitness": 7.194334298045348,
            "fitness_balanced": 24.033853260876306,
            "gains": [
                -70.0,
                78,
                -90.0,
                -90.0,
                64.60000000000034,
                -80.0,
                -20.0,
                -40.0
            ],
            "wins": [
                false,
                true,
                false,
                false,
                true,
                false,
                false,
                false
            ]
        },
        {
            "gain": -247.39999999999966,
            "fitness": 7.194334298045348,
            "fitness_balanced": 24.033853260876306,
            "gains": [
                -70.0,
                78,
                -90.0,
                -90.0,
                64.60000000000034,
                -80.0,
                -20.0,
                -40.0
            ],
            "wins": [
                false,
                true,
                false,
                false,
                true,
                false,
                false,
                false
            ]
        },
        {
            "gain": -247.39999999999966,
            "fitness": 7.194334298045348,
            "fitness_balanced": 24.033853260876306,
            "gains": [
                -70.0,
                78,
                -90.0,
                -90.0,
                64.60000000000034,
                -80.0,
                -20.0,
                -40.0
            ],
            "wins": [
                false,
                true,
                false,
                false,
                true,
                false,
                false,
                false
            ]
        },
        {
            "gain": -247.39999999999966,
            "fitness": 7.194334298045348,
            "fitness_balanced": 24.033853260876306,
            "gains": [
                -70.0,
                78,
                -90.0,
                -90.0,
                64.60000000000034,
                -80.0,
                -20.0,
                -40.0
            ],
            "wins": [
                false,
                true,
                false,
                false,
                true,
                false,
                false,
                false
            ]
        }
    ]
}