{
    "gen": 29,
    "enemies": [
        1,
        2,
        3,
        4,
        5,
        6,
        7,
        8
    ],
    "results": [
        {
            "gain": -387.3999999999997,
            "fitness": -5.1954170594121365,
            "fitness_balanced": -8.833092160485055,
            "gains": [
                -100,
                -50.0,
                56,
                -70.0,
                46.6000000000003,
                -90.0,
                -90.0,
                -90.0
            ],
            "wins": [
                false,
                false,
                true,
                false,
                true,
                false,
                false,
                false
            ]
        },
        {
            "gain": -387.3999999999997,
            "fitness": -5.1954170594121365,
            "fitness_balanced": -8.833092160485055,
            "gains": [
                -100,
                -50.0,
                56,
                -70.0,
                46.6000000000003,
                -90.0,
                -90.0,
                -90.0
            ],
            "wins": [
                false,
                false,
                true,
                false,
                true,
                false,
                false,
                false
            ]
        },
        {
            "gain": -387.3999999999997,
            "fitness": -5.1954170594121365,
            "fitness_balanced": -8.833092160485055,
            "gains": [
                -100,
                -50.0,
                56,
                -70.0,
                46.6000000000003,
                -90.0,
                -90.0,
                -90.0
            ],
            "wins": [
                false,
                false,
                true,
                false,
                true,
                false,
                false,
                false
            ]
        },
        {
            "gain": -387.3999999999997,
            "fitness": -5.1954170594121365,
            "fitness_balanced": -8.833092160485055,
            "gains": [
                -100,
                -50.0,
                56,
                -70.0,
                46.6000000000003,
                -90.0,
                -90.0,
                -90.0
            ],
            "wins": [
                false,
                false,
                true,
                false,
                true,
                false,
                false,
                false
            ]
        },
        {
            "gain": -387.3999999999997,
            "fitness": -5.1954170594121365,
            "fitness_balanced": -8.833092160485055,
            "gains": [
                -100,
                -50.0,
                56,
                -70.0,
                46.6000000000003,
                -90.0,
                -90.0,
                -90.0
            ],
            "wins": [
                false,
                false,
                true,
                false,
                true,
                false,
                false,
                false
            ]
        }
    ]
}