{
    "gen": 29,
    "enemies": [
        7
    ],
    "results": [
        {
            "gain": 29.720000000000205,
            "fitness": 82.660457248216,
            "fitness_balanced": 79.04814186652408,
            "wins": [
                0.8
            ]
        }
    ]
}