{
    "gen": 29,
    "enemies": [
        4
    ],
    "results": [
        {
            "gain": 74.20000000000024,
            "fitness": 90.12155489849188,
            "fitness_balanced": 79.80087853728932,
            "wins": [
                true
            ]
        }
    ]
}