{
    "gen": 29,
    "enemies": [
        8
    ],
    "results": [
        {
            "gain": 21.640000000000157,
            "fitness": 69.91707813744036,
            "fitness_balanced": 82.07041085661022,
            "wins": [
                0.6
            ]
        }
    ]
}