{
    "gen": 29,
    "enemies": [
        4
    ],
    "results": [
        {
            "gain": 31.440000000000246,
            "fitness": 79.70538137097523,
            "fitness_balanced": 71.45494893627433,
            "wins": [
                0.6
            ]
        }
    ]
}