{
    "gen": 29,
    "enemies": [
        1,
        2,
        3,
        4,
        5,
        6,
        7,
        8
    ],
    "results": [
        {
            "gain": -346.3999999999995,
            "fitness": -5.843443845794788,
            "fitness_balanced": -10.910077598818098,
            "gains": [
                -50.0,
                -70.0,
                -90.0,
                60.40000000000033,
                83.20000000000016,
                -100,
                -100,
                -80.0
            ],
            "wins": [
                false,
                false,
                false,
                true,
                true,
                false,
                false,
                false
            ]
        },
        {
            "gain": -346.3999999999995,
            "fitness": -5.843443845794788,
            "fitness_balanced": -10.910077598818098,
            "gains": [
                -50.0,
                -70.0,
                -90.0,
                60.40000000000033,
                83.20000000000016,
                -100,
                -100,
                -80.0
            ],
            "wins": [
                false,
                false,
                false,
                true,
                true,
                false,
                false,
                false
            ]
        },
        {
            "gain": -346.3999999999995,
            "fitness": -5.843443845794788,
            "fitness_balanced": -10.910077598818098,
            "gains": [
                -50.0,
                -70.0,
                -90.0,
                60.40000000000033,
                83.20000000000016,
                -100,
                -100,
                -80.0
            ],
            "wins": [
                false,
                false,
                false,
                true,
                true,
                false,
                false,
                false
            ]
        },
        {
            "gain": -346.3999999999995,
            "fitness": -5.843443845794788,
            "fitness_balanced": -10.910077598818098,
            "gains": [
                -50.0,
                -70.0,
                -90.0,
                60.40000000000033,
                83.20000000000016,
                -100,
                -100,
                -80.0
            ],
            "wins": [
                false,
                false,
                false,
                true,
                true,
                false,
                false,
                false
            ]
        },
        {
            "gain": -346.3999999999995,
            "fitness": -5.843443845794788,
            "fitness_balanced": -10.910077598818098,
            "gains": [
                -50.0,
                -70.0,
                -90.0,
                60.40000000000033,
                83.20000000000016,
                -100,
                -100,
                -80.0
            ],
            "wins": [
                false,
                false,
                false,
                true,
                true,
                false,
                false,
                false
            ]
        }
    ]
}