{
    "gen": 29,
    "enemies": [
        6
    ],
    "results": [
        {
            "gain": -30.559999999999956,
            "fitness": 54.412976312759234,
            "fitness_balanced": 34.424050896853686,
            "wins": [
                0.2
            ]
        }
    ]
}