{
    "gen": 29,
    "enemies": [
        1,
        2,
        3,
        4,
        5,
        6,
        7,
        8
    ],
    "results": [
        {
            "gain": -191.59999999999937,
            "fitness": 6.162971408995915,
            "fitness_balanced": -2.337903496017013,
            "gains": [
                -80.0,
                -90.0,
                -50.0,
                38.80000000000028,
                97.60000000000002,
                -60.0,
                -100,
                52.00000000000031
            ],
            "wins": [
                false,
                false,
                false,
                true,
                true,
                false,
                false,
                true
            ]
        },
        {
            "gain": -191.59999999999937,
            "fitness": 6.162971408995915,
            "fitness_balanced": -2.337903496017013,
            "gains": [
                -80.0,
                -90.0,
                -50.0,
                38.80000000000028,
                97.60000000000002,
                -60.0,
                -100,
                52.00000000000031
            ],
            "wins": [
                false,
                false,
                false,
                true,
                true,
                false,
                false,
                true
            ]
        },
        {
            "gain": -191.59999999999937,
            "fitness": 6.162971408995915,
            "fitness_balanced": -2.337903496017013,
            "gains": [
                -80.0,
                -90.0,
                -50.0,
                38.80000000000028,
                97.60000000000002,
                -60.0,
                -100,
                52.00000000000031
            ],
            "wins": [
                false,
                false,
                false,
                true,
                true,
                false,
                false,
                true
            ]
        },
        {
            "gain": -191.59999999999937,
            "fitness": 6.162971408995915,
            "fitness_balanced": -2.337903496017013,
            "gains": [
                -80.0,
                -90.0,
                -50.0,
                38.80000000000028,
                97.60000000000002,
                -60.0,
                -100,
                52.00000000000031
            ],
            "wins": [
                false,
                false,
                false,
                true,
                true,
                false,
                false,
                true
            ]
        },
        {
            "gain": -191.59999999999937,
            "fitness": 6.162971408995915,
            "fitness_balanced": -2.337903496017013,
            "gains": [
                -80.0,
                -90.0,
                -50.0,
                38.80000000000028,
                97.60000000000002,
                -60.0,
                -100,
                52.00000000000031
            ],
            "wins": [
                false,
                false,
                false,
                true,
                true,
                false,
                false,
                true
            ]
        }
    ]
}