{
    "gen": 29,
    "enemies": [
        5
    ],
    "results": [
        {
            "gain": 97.60000000000002,
            "fitness": 94.71657488308075,
            "fitness_balanced": 93.75014399275048,
            "wins": [
                true
            ]
        }
    ]
}