{
    "gen": 29,
    "enemies": [
        5
    ],
    "results": [
        {
            "gain": 84.10000000000015,
            "fitness": 93.21401255280813,
            "fitness_balanced": 83.24814186652404,
            "wins": [
                1.0
            ]
        }
    ]
}