{
    "gen": 299,
    "enemies": [
        1,
        2,
        3,
        4,
        5,
        6,
        7,
        8
    ],
    "results": [
        {
            "gain": -4.39999999999975,
            "fitness": 55.89819756163519,
            "fitness_balanced": 23.579593893654067,
            "gains": [
                -30.0,
                62,
                -30.0,
                -10.0,
                73.60000000000025,
                -30.0,
                -10.0,
                -30.0
            ],
            "wins": [
                false,
                true,
                false,
                false,
                true,
                false,
                false,
                false
            ]
        },
        {
            "gain": -4.39999999999975,
            "fitness": 55.89819756163519,
            "fitness_balanced": 23.579593893654067,
            "gains": [
                -30.0,
                62,
                -30.0,
                -10.0,
                73.60000000000025,
                -30.0,
                -10.0,
                -30.0
            ],
            "wins": [
                false,
                true,
                false,
                false,
                true,
                false,
                false,
                false
            ]
        },
        {
            "gain": -4.39999999999975,
            "fitness": 55.89819756163519,
            "fitness_balanced": 23.579593893654067,
            "gains": [
                -30.0,
                62,
                -30.0,
                -10.0,
                73.60000000000025,
                -30.0,
                -10.0,
                -30.0
            ],
            "wins": [
                false,
                true,
                false,
                false,
                true,
                false,
                false,
                false
            ]
        },
        {
            "gain": -4.39999999999975,
            "fitness": 55.89819756163519,
            "fitness_balanced": 23.579593893654067,
            "gains": [
                -30.0,
                62,
                -30.0,
                -10.0,
                73.60000000000025,
                -30.0,
                -10.0,
                -30.0
            ],
            "wins": [
                false,
                true,
                false,
                false,
                true,
                false,
                false,
                false
            ]
        },
        {
            "gain": -4.39999999999975,
            "fitness": 55.89819756163519,
            "fitness_balanced": 23.579593893654067,
            "gains": [
                -30.0,
                62,
                -30.0,
                -10.0,
                73.60000000000025,
                -30.0,
                -10.0,
                -30.0
            ],
            "wins": [
                false,
                true,
                false,
                false,
                true,
                false,
                false,
                false
            ]
        }
    ]
}