{
    "gen": 29,
    "enemies": [
        5
    ],
    "results": [
        {
            "gain": 75.85000000000022,
            "fitness": 91.8374783907074,
            "fitness_balanced": 77.30763751052528,
            "wins": [
                1.0
            ]
        }
    ]
}