{
    "gen": 29,
    "enemies": [
        7
    ],
    "results": [
        {
            "gain": 16.400000000000034,
            "fitness": 70.30077499748772,
            "fitness_balanced": 90.48272016318512,
            "wins": [
                0.4
            ]
        }
    ]
}