{
    "gen": 29,
    "enemies": [
        8
    ],
    "results": [
        {
            "gain": 64.00000000000034,
            "fitness": 90.67968822339262,
            "fitness_balanced": 76.27641489804779,
            "wins": [
                true
            ]
        }
    ]
}