{
    "gen": 29,
    "enemies": [
        8
    ],
    "results": [
        {
            "gain": 50.440000000000275,
            "fitness": 89.1811014719284,
            "fitness_balanced": 76.27641489804779,
            "wins": [
                1.0
            ]
        }
    ]
}