{
    "gen": 999,
    "enemies": [
        1,
        2,
        3,
        4,
        5,
        6,
        7,
        8
    ],
    "results": [
        {
            "gain": -222.5999999999994,
            "fitness": 3.800506603746271,
            "fitness_balanced": -2.877473826796571,
            "gains": [
                -100,
                76,
                -70.0,
                -60.0,
                -60.0,
                -100,
                43.60000000000029,
                47.8000000000003
            ],
            "wins": [
                false,
                true,
                false,
                false,
                false,
                false,
                true,
                true
            ]
        },
        {
            "gain": -222.5999999999994,
            "fitness": 3.800506603746271,
            "fitness_balanced": -2.877473826796571,
            "gains": [
                -100,
                76,
                -70.0,
                -60.0,
                -60.0,
                -100,
                43.60000000000029,
                47.8000000000003
            ],
            "wins": [
                false,
                true,
                false,
                false,
                false,
                false,
                true,
                true
            ]
        },
        {
            "gain": -222.5999999999994,
            "fitness": 3.800506603746271,
            "fitness_balanced": -2.877473826796571,
            "gains": [
                -100,
                76,
                -70.0,
                -60.0,
                -60.0,
                -100,
                43.60000000000029,
                47.8000000000003
            ],
            "wins": [
                false,
                true,
                false,
                false,
                false,
                false,
                true,
                true
            ]
        },
        {
            "gain": -222.5999999999994,
            "fitness": 3.800506603746271,
            "fitness_balanced": -2.877473826796571,
            "gains": [
                -100,
                76,
                -70.0,
                -60.0,
                -60.0,
                -100,
                43.60000000000029,
                47.8000000000003
            ],
            "wins": [
                false,
                true,
                false,
                false,
                false,
                false,
                true,
                true
            ]
        },
        {
            "gain": -222.5999999999994,
            "fitness": 3.800506603746271,
            "fitness_balanced": -2.877473826796571,
            "gains": [
                -100,
                76,
                -70.0,
                -60.0,
                -60.0,
                -100,
                43.60000000000029,
                47.8000000000003
            ],
            "wins": [
                false,
                true,
                false,
                false,
                false,
                false,
                true,
                true
            ]
        }
    ]
}