{
    "gen": 29,
    "enemies": [
        1,
        2,
        3,
        4,
        5,
        6,
        7,
        8
    ],
    "results": [
        {
            "gain": -273.5999999999997,
            "fitness": 3.343862696773371,
            "fitness_balanced": -6.533127528047956,
            "gains": [
                -50.0,
                -60.0,
                -80.0,
                83.20000000000016,
                83.20000000000016,
                -80.0,
                -100,
                -70.0
            ],
            "wins": [
                false,
                false,
                false,
                true,
                true,
                false,
                false,
                false
            ]
        },
        {
            "gain": -273.5999999999997,
            "fitness": 3.343862696773371,
            "fitness_balanced": -6.533127528047956,
            "gains": [
                -50.0,
                -60.0,
                -80.0,
                83.20000000000016,
                83.20000000000016,
                -80.0,
                -100,
                -70.0
            ],
            "wins": [
                false,
                false,
                false,
                true,
                true,
                false,
                false,
                false
            ]
        },
        {
            "gain": -273.5999999999997,
            "fitness": 3.343862696773371,
            "fitness_balanced": -6.533127528047956,
            "gains": [
                -50.0,
                -60.0,
                -80.0,
                83.20000000000016,
                83.20000000000016,
                -80.0,
                -100,
                -70.0
            ],
            "wins": [
                false,
                false,
                false,
                true,
                true,
                false,
                false,
                false
            ]
        },
        {
            "gain": -273.5999999999997,
            "fitness": 3.343862696773371,
            "fitness_balanced": -6.533127528047956,
            "gains": [
                -50.0,
                -60.0,
                -80.0,
                83.20000000000016,
                83.20000000000016,
                -80.0,
                -100,
                -70.0
            ],
            "wins": [
                false,
                false,
                false,
                true,
                true,
                false,
                false,
                false
            ]
        },
        {
            "gain": -273.5999999999997,
            "fitness": 3.343862696773371,
            "fitness_balanced": -6.533127528047956,
            "gains": [
                -50.0,
                -60.0,
                -80.0,
                83.20000000000016,
                83.20000000000016,
                -80.0,
                -100,
                -70.0
            ],
            "wins": [
                false,
                false,
                false,
                true,
                true,
                false,
                false,
                false
            ]
        }
    ]
}