{
    "gen": 29,
    "enemies": [
        1,
        2,
        3,
        4,
        5,
        6,
        7,
        8
    ],
    "results": [
        {
            "gain": -393.59999999999985,
            "fitness": -9.028690386664934,
            "fitness_balanced": -10.830600097714768,
            "gains": [
                -100,
                92,
                -70.0,
                -90.0,
                -5.599999999999852,
                -100,
                -40.0,
                -80.0
            ],
            "wins": [
                false,
                true,
                false,
                false,
                false,
                false,
                false,
                false
            ]
        },
        {
            "gain": -393.59999999999985,
            "fitness": -9.028690386664934,
            "fitness_balanced": -10.830600097714768,
            "gains": [
                -100,
                92,
                -70.0,
                -90.0,
                -5.599999999999852,
                -100,
                -40.0,
                -80.0
            ],
            "wins": [
                false,
                true,
                false,
                false,
                false,
                false,
                false,
                false
            ]
        },
        {
            "gain": -393.59999999999985,
            "fitness": -9.028690386664934,
            "fitness_balanced": -10.830600097714768,
            "gains": [
                -100,
                92,
                -70.0,
                -90.0,
                -5.599999999999852,
                -100,
                -40.0,
                -80.0
            ],
            "wins": [
                false,
                true,
                false,
                false,
                false,
                false,
                false,
                false
            ]
        },
        {
            "gain": -393.59999999999985,
            "fitness": -9.028690386664934,
            "fitness_balanced": -10.830600097714768,
            "gains": [
                -100,
                92,
                -70.0,
                -90.0,
                -5.599999999999852,
                -100,
                -40.0,
                -80.0
            ],
            "wins": [
                false,
                true,
                false,
                false,
                false,
                false,
                false,
                false
            ]
        },
        {
            "gain": -393.59999999999985,
            "fitness": -9.028690386664934,
            "fitness_balanced": -10.830600097714768,
            "gains": [
                -100,
                92,
                -70.0,
                -90.0,
                -5.599999999999852,
                -100,
                -40.0,
                -80.0
            ],
            "wins": [
                false,
                true,
                false,
                false,
                false,
                false,
                false,
                false
            ]
        }
    ]
}