{
    "gen": 29,
    "enemies": [
        5
    ],
    "results": [
        {
            "gain": 94.00000000000006,
            "fitness": 94.35657488308075,
            "fitness_balanced": 91.9501439927505,
            "wins": [
                true
            ]
        }
    ]
}