{
    "gen": 29,
    "enemies": [
        5
    ],
    "results": [
        {
            "gain": 81.70000000000017,
            "fitness": 92.66575228531883,
            "fitness_balanced": 87.53547959267738,
            "wins": [
                1.0
            ]
        }
    ]
}