{
    "gen": 29,
    "enemies": [
        1
    ],
    "results": [
        {
            "gain": -7.5,
            "fitness": 57.664940191855685,
            "fitness_balanced": 94.89405452609942,
            "wins": [
                0.25
            ]
        }
    ]
}