{
    "gen": 29,
    "enemies": [
        1,
        2,
        3,
        4,
        5,
        6,
        7,
        8
    ],
    "results": [
        {
            "gain": -165.19999999999953,
            "fitness": -1.5098927775068702,
            "fitness_balanced": 73.3312924400148,
            "gains": [
                100,
                -100,
                -70.0,
                -40.0,
                86.20000000000013,
                -100,
                -100,
                58.60000000000033
            ],
            "wins": [
                true,
                false,
                false,
                false,
                true,
                false,
                false,
                true
            ]
        },
        {
            "gain": -165.19999999999953,
            "fitness": -1.5098927775068702,
            "fitness_balanced": 73.3312924400148,
            "gains": [
                100,
                -100,
                -70.0,
                -40.0,
                86.20000000000013,
                -100,
                -100,
                58.60000000000033
            ],
            "wins": [
                true,
                false,
                false,
                false,
                true,
                false,
                false,
                true
            ]
        },
        {
            "gain": -165.19999999999953,
            "fitness": -1.5098927775068702,
            "fitness_balanced": 73.3312924400148,
            "gains": [
                100,
                -100,
                -70.0,
                -40.0,
                86.20000000000013,
                -100,
                -100,
                58.60000000000033
            ],
            "wins": [
                true,
                false,
                false,
                false,
                true,
                false,
                false,
                true
            ]
        },
        {
            "gain": -165.19999999999953,
            "fitness": -1.5098927775068702,
            "fitness_balanced": 73.3312924400148,
            "gains": [
                100,
                -100,
                -70.0,
                -40.0,
                86.20000000000013,
                -100,
                -100,
                58.60000000000033
            ],
            "wins": [
                true,
                false,
                false,
                false,
                true,
                false,
                false,
                true
            ]
        },
        {
            "gain": -165.19999999999953,
            "fitness": -1.5098927775068702,
            "fitness_balanced": 73.3312924400148,
            "gains": [
                100,
                -100,
                -70.0,
                -40.0,
                86.20000000000013,
                -100,
                -100,
                58.60000000000033
            ],
            "wins": [
                true,
                false,
                false,
                false,
                true,
                false,
                false,
                true
            ]
        }
    ]
}