{
    "gen": 29,
    "enemies": [
        5
    ],
    "results": [
        {
            "gain": 80.50000000000018,
            "fitness": 92.36278400989121,
            "fitness_balanced": 86.48140678550384,
            "wins": [
                1.0
            ]
        }
    ]
}