{
    "gen": 29,
    "enemies": [
        7
    ],
    "results": [
        {
            "gain": 32.04000000000009,
            "fitness": 73.52323298958886,
            "fitness_balanced": 91.55250552318658,
            "wins": [
                0.6
            ]
        }
    ]
}