{
    "gen": 29,
    "enemies": [
        8
    ],
    "results": [
        {
            "gain": 32.16000000000024,
            "fitness": 83.6457746480099,
            "fitness_balanced": 81.41982739098306,
            "wins": [
                0.6
            ]
        }
    ]
}