{
    "gen": 29,
    "enemies": [
        8
    ],
    "results": [
        {
            "gain": 74.20000000000024,
            "fitness": 91.74324619773175,
            "fitness_balanced": 81.41982739098306,
            "wins": [
                true
            ]
        }
    ]
}