{
    "gen": 29,
    "enemies": [
        2
    ],
    "results": [
        {
            "gain": 80.8,
            "fitness": 93.08057258020285,
            "fitness_balanced": 84.92482618476618,
            "wins": [
                1.0
            ]
        }
    ]
}