{
    "gen": 29,
    "enemies": [
        1,
        2,
        3,
        4,
        5,
        6,
        7,
        8
    ],
    "results": [
        {
            "gain": -362.3999999999997,
            "fitness": -3.474301880278407,
            "fitness_balanced": 9.086496994361731,
            "gains": [
                -70.0,
                -90.0,
                72,
                -50.0,
                45.60000000000032,
                -100,
                -100,
                -70.0
            ],
            "wins": [
                false,
                false,
                true,
                false,
                false,
                false,
                false,
                false
            ]
        },
        {
            "gain": -362.3999999999997,
            "fitness": -3.474301880278407,
            "fitness_balanced": 9.086496994361731,
            "gains": [
                -70.0,
                -90.0,
                72,
                -50.0,
                45.60000000000032,
                -100,
                -100,
                -70.0
            ],
            "wins": [
                false,
                false,
                true,
                false,
                false,
                false,
                false,
                false
            ]
        },
        {
            "gain": -362.3999999999997,
            "fitness": -3.474301880278407,
            "fitness_balanced": 9.086496994361731,
            "gains": [
                -70.0,
                -90.0,
                72,
                -50.0,
                45.60000000000032,
                -100,
                -100,
                -70.0
            ],
            "wins": [
                false,
                false,
                true,
                false,
                false,
                false,
                false,
                false
            ]
        },
        {
            "gain": -362.3999999999997,
            "fitness": -3.474301880278407,
            "fitness_balanced": 9.086496994361731,
            "gains": [
                -70.0,
                -90.0,
                72,
                -50.0,
                45.60000000000032,
                -100,
                -100,
                -70.0
            ],
            "wins": [
                false,
                false,
                true,
                false,
                false,
                false,
                false,
                false
            ]
        },
        {
            "gain": -362.3999999999997,
            "fitness": -3.474301880278407,
            "fitness_balanced": 9.086496994361731,
            "gains": [
                -70.0,
                -90.0,
                72,
                -50.0,
                45.60000000000032,
                -100,
                -100,
                -70.0
            ],
            "wins": [
                false,
                false,
                true,
                false,
                false,
                false,
                false,
                false
            ]
        }
    ]
}