{
    "gen": 29,
    "enemies": [
        4
    ],
    "results": [
        {
            "gain": 21.160000000000156,
            "fitness": 69.40103691511025,
            "fitness_balanced": 78.2933047731631,
            "wins": [
                0.6
            ]
        }
    ]
}