{
    "gen": 29,
    "enemies": [
        1,
        2,
        3,
        4,
        5,
        6,
        7,
        8
    ],
    "results": [
        {
            "gain": -252.79999999999967,
            "fitness": 11.020463698476167,
            "fitness_balanced": 4.544678884642298,
            "gains": [
                -60.0,
                84,
                -30.0,
                -70.0,
                53.200000000000315,
                -80.0,
                -70.0,
                -80.0
            ],
            "wins": [
                false,
                true,
                false,
                false,
                true,
                false,
                false,
                false
            ]
        },
        {
            "gain": -252.79999999999967,
            "fitness": 11.020463698476167,
            "fitness_balanced": 4.544678884642298,
            "gains": [
                -60.0,
                84,
                -30.0,
                -70.0,
                53.200000000000315,
                -80.0,
                -70.0,
                -80.0
            ],
            "wins": [
                false,
                true,
                false,
                false,
                true,
                false,
                false,
                false
            ]
        },
        {
            "gain": -252.79999999999967,
            "fitness": 11.020463698476167,
            "fitness_balanced": 4.544678884642298,
            "gains": [
                -60.0,
                84,
                -30.0,
                -70.0,
                53.200000000000315,
                -80.0,
                -70.0,
                -80.0
            ],
            "wins": [
                false,
                true,
                false,
                false,
                true,
                false,
                false,
                false
            ]
        },
        {
            "gain": -252.79999999999967,
            "fitness": 11.020463698476167,
            "fitness_balanced": 4.544678884642298,
            "gains": [
                -60.0,
                84,
                -30.0,
                -70.0,
                53.200000000000315,
                -80.0,
                -70.0,
                -80.0
            ],
            "wins": [
                false,
                true,
                false,
                false,
                true,
                false,
                false,
                false
            ]
        },
        {
            "gain": -252.79999999999967,
            "fitness": 11.020463698476167,
            "fitness_balanced": 4.544678884642298,
            "gains": [
                -60.0,
                84,
                -30.0,
                -70.0,
                53.200000000000315,
                -80.0,
                -70.0,
                -80.0
            ],
            "wins": [
                false,
                true,
                false,
                false,
                true,
                false,
                false,
                false
            ]
        }
    ]
}