{
    "gen": 29,
    "enemies": [
        1,
        2,
        3,
        4,
        5,
        6,
        7,
        8
    ],
    "results": [
        {
            "gain": -258.39999999999975,
            "fitness": -0.2313249460165494,
            "fitness_balanced": 9.519361076658008,
            "gains": [
                100,
                70,
                -70.0,
                -80.0,
                -18.399999999999736,
                -90.0,
                -100,
                -70.0
            ],
            "wins": [
                true,
                true,
                false,
                false,
                false,
                false,
                false,
                false
            ]
        },
        {
            "gain": -258.39999999999975,
            "fitness": -0.2313249460165494,
            "fitness_balanced": 9.519361076658008,
            "gains": [
                100,
                70,
                -70.0,
                -80.0,
                -18.399999999999736,
                -90.0,
                -100,
                -70.0
            ],
            "wins": [
                true,
                true,
                false,
                false,
                false,
                false,
                false,
                false
            ]
        },
        {
            "gain": -258.39999999999975,
            "fitness": -0.2313249460165494,
            "fitness_balanced": 9.519361076658008,
            "gains": [
                100,
                70,
                -70.0,
                -80.0,
                -18.399999999999736,
                -90.0,
                -100,
                -70.0
            ],
            "wins": [
                true,
                true,
                false,
                false,
                false,
                false,
                false,
                false
            ]
        },
        {
            "gain": -258.39999999999975,
            "fitness": -0.2313249460165494,
            "fitness_balanced": 9.519361076658008,
            "gains": [
                100,
                70,
                -70.0,
                -80.0,
                -18.399999999999736,
                -90.0,
                -100,
                -70.0
            ],
            "wins": [
                true,
                true,
                false,
                false,
                false,
                false,
                false,
                false
            ]
        },
        {
            "gain": -258.39999999999975,
            "fitness": -0.2313249460165494,
            "fitness_balanced": 9.519361076658008,
            "gains": [
                100,
                70,
                -70.0,
                -80.0,
                -18.399999999999736,
                -90.0,
                -100,
                -70.0
            ],
            "wins": [
                true,
                true,
                false,
                false,
                false,
                false,
                false,
                false
            ]
        }
    ]
}