{
    "gen": 14,
    "enemies": [
        7,
        8
    ],
    "results": [
        {
            "gain": 92.60000000000059,
            "fitness": 87.13935834262662,
            "fitness_balanced": 59.05645558296877,
            "wins": [
                true,
                true
            ]
        }
    ]
}