{
    "gen": 29,
    "enemies": [
        1,
        2,
        3,
        4,
        5,
        6,
        7,
        8
    ],
    "results": [
        {
            "gain": -239.79999999999924,
            "fitness": 1.7520977811060163,
            "fitness_balanced": -3.8967531174315795,
            "gains": [
                -80.0,
                -90.0,
                -40.0,
                31.000000000000263,
                79.0000000000002,
                -90.0,
                -100,
                50.20000000000031
            ],
            "wins": [
                false,
                false,
                false,
                true,
                true,
                false,
                false,
                true
            ]
        },
        {
            "gain": -239.79999999999924,
            "fitness": 1.7520977811060163,
            "fitness_balanced": -3.8967531174315795,
            "gains": [
                -80.0,
                -90.0,
                -40.0,
                31.000000000000263,
                79.0000000000002,
                -90.0,
                -100,
                50.20000000000031
            ],
            "wins": [
                false,
                false,
                false,
                true,
                true,
                false,
                false,
                true
            ]
        },
        {
            "gain": -239.79999999999924,
            "fitness": 1.7520977811060163,
            "fitness_balanced": -3.8967531174315795,
            "gains": [
                -80.0,
                -90.0,
                -40.0,
                31.000000000000263,
                79.0000000000002,
                -90.0,
                -100,
                50.20000000000031
            ],
            "wins": [
                false,
                false,
                false,
                true,
                true,
                false,
                false,
                true
            ]
        },
        {
            "gain": -239.79999999999924,
            "fitness": 1.7520977811060163,
            "fitness_balanced": -3.8967531174315795,
            "gains": [
                -80.0,
                -90.0,
                -40.0,
                31.000000000000263,
                79.0000000000002,
                -90.0,
                -100,
                50.20000000000031
            ],
            "wins": [
                false,
                false,
                false,
                true,
                true,
                false,
                false,
                true
            ]
        },
        {
            "gain": -239.79999999999924,
            "fitness": 1.7520977811060163,
            "fitness_balanced": -3.8967531174315795,
            "gains": [
                -80.0,
                -90.0,
                -40.0,
                31.000000000000263,
                79.0000000000002,
                -90.0,
                -100,
                50.20000000000031
            ],
            "wins": [
                false,
                false,
                false,
                true,
                true,
                false,
                false,
                true
            ]
        }
    ]
}