{
    "gen": 29,
    "enemies": [
        1,
        2,
        3,
        4,
        5,
        6,
        7,
        8
    ],
    "results": [
        {
            "gain": -365.1999999999995,
            "fitness": 3.9833142849030594,
            "fitness_balanced": -2.074146302103756,
            "gains": [
                -70.0,
                -70.0,
                -70.0,
                47.8000000000003,
                -20.0,
                -90.0,
                -100,
                7.000000000000233
            ],
            "wins": [
                false,
                false,
                false,
                true,
                false,
                false,
                false,
                true
            ]
        },
        {
            "gain": -365.1999999999995,
            "fitness": 3.9833142849030594,
            "fitness_balanced": -2.074146302103756,
            "gains": [
                -70.0,
                -70.0,
                -70.0,
                47.8000000000003,
                -20.0,
                -90.0,
                -100,
                7.000000000000233
            ],
            "wins": [
                false,
                false,
                false,
                true,
                false,
                false,
                false,
                true
            ]
        },
        {
            "gain": -365.1999999999995,
            "fitness": 3.9833142849030594,
            "fitness_balanced": -2.074146302103756,
            "gains": [
                -70.0,
                -70.0,
                -70.0,
                47.8000000000003,
                -20.0,
                -90.0,
                -100,
                7.000000000000233
            ],
            "wins": [
                false,
                false,
                false,
                true,
                false,
                false,
                false,
                true
            ]
        },
        {
            "gain": -365.1999999999995,
            "fitness": 3.9833142849030594,
            "fitness_balanced": -2.074146302103756,
            "gains": [
                -70.0,
                -70.0,
                -70.0,
                47.8000000000003,
                -20.0,
                -90.0,
                -100,
                7.000000000000233
            ],
            "wins": [
                false,
                false,
                false,
                true,
                false,
                false,
                false,
                true
            ]
        },
        {
            "gain": -365.1999999999995,
            "fitness": 3.9833142849030594,
            "fitness_balanced": -2.074146302103756,
            "gains": [
                -70.0,
                -70.0,
                -70.0,
                47.8000000000003,
                -20.0,
                -90.0,
                -100,
                7.000000000000233
            ],
            "wins": [
                false,
                false,
                false,
                true,
                false,
                false,
                false,
                true
            ]
        }
    ]
}