{
    "gen": 29,
    "enemies": [
        8
    ],
    "results": [
        {
            "gain": 89.2000000000001,
            "fitness": 93.57289246928255,
            "fitness_balanced": 89.24814186652398,
            "wins": [
                true
            ]
        }
    ]
}