{
    "gen": 29,
    "enemies": [
        1,
        2,
        3,
        4,
        5,
        6,
        7,
        8
    ],
    "results": [
        {
            "gain": -329.9999999999996,
            "fitness": 2.7233017806970423,
            "fitness_balanced": -5.721494683644714,
            "gains": [
                -90.0,
                -40.0,
                -90.0,
                84.40000000000015,
                -70.0,
                -70.0,
                -80.0,
                25.60000000000025
            ],
            "wins": [
                false,
                false,
                false,
                true,
                false,
                false,
                false,
                true
            ]
        },
        {
            "gain": -329.9999999999996,
            "fitness": 2.7233017806970423,
            "fitness_balanced": -5.721494683644714,
            "gains": [
                -90.0,
                -40.0,
                -90.0,
                84.40000000000015,
                -70.0,
                -70.0,
                -80.0,
                25.60000000000025
            ],
            "wins": [
                false,
                false,
                false,
                true,
                false,
                false,
                false,
                true
            ]
        },
        {
            "gain": -329.9999999999996,
            "fitness": 2.7233017806970423,
            "fitness_balanced": -5.721494683644714,
            "gains": [
                -90.0,
                -40.0,
                -90.0,
                84.40000000000015,
                -70.0,
                -70.0,
                -80.0,
                25.60000000000025
            ],
            "wins": [
                false,
                false,
                false,
                true,
                false,
                false,
                false,
                true
            ]
        },
        {
            "gain": -329.9999999999996,
            "fitness": 2.7233017806970423,
            "fitness_balanced": -5.721494683644714,
            "gains": [
                -90.0,
                -40.0,
                -90.0,
                84.40000000000015,
                -70.0,
                -70.0,
                -80.0,
                25.60000000000025
            ],
            "wins": [
                false,
                false,
                false,
                true,
                false,
                false,
                false,
                true
            ]
        },
        {
            "gain": -329.9999999999996,
            "fitness": 2.7233017806970423,
            "fitness_balanced": -5.721494683644714,
            "gains": [
                -90.0,
                -40.0,
                -90.0,
                84.40000000000015,
                -70.0,
                -70.0,
                -80.0,
                25.60000000000025
            ],
            "wins": [
                false,
                false,
                false,
                true,
                false,
                false,
                false,
                true
            ]
        }
    ]
}