{
    "gen": 29,
    "enemies": [
        5
    ],
    "results": [
        {
            "gain": 76.0000000000002,
            "fitness": 92.10052258459015,
            "fitness_balanced": 81.99282822854,
            "wins": [
                1.0
            ]
        }
    ]
}