{
    "gen": 299,
    "enemies": [
        1,
        2,
        3,
        4,
        5,
        6,
        7,
        8
    ],
    "results": [
        {
            "gain": -46.59999999999943,
            "fitness": 37.58594930994631,
            "fitness_balanced": 16.906260536810816,
            "gains": [
                -90.0,
                64,
                -30.0,
                -30.0,
                62.20000000000034,
                -30.0,
                -10.0,
                17.20000000000023
            ],
            "wins": [
                false,
                true,
                false,
                false,
                true,
                false,
                false,
                true
            ]
        },
        {
            "gain": -46.59999999999943,
            "fitness": 37.58594930994631,
            "fitness_balanced": 16.906260536810816,
            "gains": [
                -90.0,
                64,
                -30.0,
                -30.0,
                62.20000000000034,
                -30.0,
                -10.0,
                17.20000000000023
            ],
            "wins": [
                false,
                true,
                false,
                false,
                true,
                false,
                false,
                true
            ]
        },
        {
            "gain": -46.59999999999943,
            "fitness": 37.58594930994631,
            "fitness_balanced": 16.906260536810816,
            "gains": [
                -90.0,
                64,
                -30.0,
                -30.0,
                62.20000000000034,
                -30.0,
                -10.0,
                17.20000000000023
            ],
            "wins": [
                false,
                true,
                false,
                false,
                true,
                false,
                false,
                true
            ]
        },
        {
            "gain": -46.59999999999943,
            "fitness": 37.58594930994631,
            "fitness_balanced": 16.906260536810816,
            "gains": [
                -90.0,
                64,
                -30.0,
                -30.0,
                62.20000000000034,
                -30.0,
                -10.0,
                17.20000000000023
            ],
            "wins": [
                false,
                true,
                false,
                false,
                true,
                false,
                false,
                true
            ]
        },
        {
            "gain": -46.59999999999943,
            "fitness": 37.58594930994631,
            "fitness_balanced": 16.906260536810816,
            "gains": [
                -90.0,
                64,
                -30.0,
                -30.0,
                62.20000000000034,
                -30.0,
                -10.0,
                17.20000000000023
            ],
            "wins": [
                false,
                true,
                false,
                false,
                true,
                false,
                false,
                true
            ]
        }
    ]
}