{
    "gen": 29,
    "enemies": [
        7
    ],
    "results": [
        {
            "gain": 48.040000000000276,
            "fitness": 89.369095533449,
            "fitness_balanced": 79.39173230259894,
            "wins": [
                1.0
            ]
        }
    ]
}