{
    "gen": 29,
    "enemies": [
        7
    ],
    "results": [
        {
            "gain": 8.080000000000123,
            "fitness": 75.51081444622066,
            "fitness_balanced": 70.04814186652408,
            "wins": [
                0.4
            ]
        }
    ]
}