{
    "gen": 29,
    "enemies": [
        7
    ],
    "results": [
        {
            "gain": 49.60000000000031,
            "fitness": 89.61289246928257,
            "fitness_balanced": 69.44814186652408,
            "wins": [
                true
            ]
        }
    ]
}