{
    "gen": 29,
    "enemies": [
        3
    ],
    "results": [
        {
            "gain": 22,
            "fitness": 86.58322890233343,
            "fitness_balanced": 55.37959913428285,
            "wins": [
                true
            ]
        }
    ]
}