{
    "gen": 29,
    "enemies": [
        1,
        2,
        3,
        4,
        5,
        6,
        7,
        8
    ],
    "results": [
        {
            "gain": -293.5999999999997,
            "fitness": 3.1946822724072135,
            "fitness_balanced": 4.150675220053141,
            "gains": [
                -70.0,
                76,
                -90.0,
                -80.0,
                60.40000000000033,
                -80.0,
                -30.0,
                -80.0
            ],
            "wins": [
                false,
                true,
                false,
                false,
                true,
                false,
                false,
                false
            ]
        },
        {
            "gain": -293.5999999999997,
            "fitness": 3.1946822724072135,
            "fitness_balanced": 4.150675220053141,
            "gains": [
                -70.0,
                76,
                -90.0,
                -80.0,
                60.40000000000033,
                -80.0,
                -30.0,
                -80.0
            ],
            "wins": [
                false,
                true,
                false,
                false,
                true,
                false,
                false,
                false
            ]
        },
        {
            "gain": -293.5999999999997,
            "fitness": 3.1946822724072135,
            "fitness_balanced": 4.150675220053141,
            "gains": [
                -70.0,
                76,
                -90.0,
                -80.0,
                60.40000000000033,
                -80.0,
                -30.0,
                -80.0
            ],
            "wins": [
                false,
                true,
                false,
                false,
                true,
                false,
                false,
                false
            ]
        },
        {
            "gain": -293.5999999999997,
            "fitness": 3.1946822724072135,
            "fitness_balanced": 4.150675220053141,
            "gains": [
                -70.0,
                76,
                -90.0,
                -80.0,
                60.40000000000033,
                -80.0,
                -30.0,
                -80.0
            ],
            "wins": [
                false,
                true,
                false,
                false,
                true,
                false,
                false,
                false
            ]
        },
        {
            "gain": -293.5999999999997,
            "fitness": 3.1946822724072135,
            "fitness_balanced": 4.150675220053141,
            "gains": [
                -70.0,
                76,
                -90.0,
                -80.0,
                60.40000000000033,
                -80.0,
                -30.0,
                -80.0
            ],
            "wins": [
                false,
                true,
                false,
                false,
                true,
                false,
                false,
                false
            ]
        }
    ]
}