{
    "gen": 29,
    "enemies": [
        1,
        2,
        3,
        4,
        5,
        6,
        7,
        8
    ],
    "results": [
        {
            "gain": -139.79999999999947,
            "fitness": 10.853043459101706,
            "fitness_balanced": 9.273152252412803,
            "gains": [
                -70.0,
                76,
                -60.0,
                -70.0,
                63.40000000000034,
                -90.0,
                80.80000000000018,
                -70.0
            ],
            "wins": [
                false,
                true,
                false,
                false,
                true,
                false,
                true,
                false
            ]
        },
        {
            "gain": -139.79999999999947,
            "fitness": 10.853043459101706,
            "fitness_balanced": 9.273152252412803,
            "gains": [
                -70.0,
                76,
                -60.0,
                -70.0,
                63.40000000000034,
                -90.0,
                80.80000000000018,
                -70.0
            ],
            "wins": [
                false,
                true,
                false,
                false,
                true,
                false,
                true,
                false
            ]
        },
        {
            "gain": -139.79999999999947,
            "fitness": 10.853043459101706,
            "fitness_balanced": 9.273152252412803,
            "gains": [
                -70.0,
                76,
                -60.0,
                -70.0,
                63.40000000000034,
                -90.0,
                80.80000000000018,
                -70.0
            ],
            "wins": [
                false,
                true,
                false,
                false,
                true,
                false,
                true,
                false
            ]
        },
        {
            "gain": -139.79999999999947,
            "fitness": 10.853043459101706,
            "fitness_balanced": 9.273152252412803,
            "gains": [
                -70.0,
                76,
                -60.0,
                -70.0,
                63.40000000000034,
                -90.0,
                80.80000000000018,
                -70.0
            ],
            "wins": [
                false,
                true,
                false,
                false,
                true,
                false,
                true,
                false
            ]
        },
        {
            "gain": -139.79999999999947,
            "fitness": 10.853043459101706,
            "fitness_balanced": 9.273152252412803,
            "gains": [
                -70.0,
                76,
                -60.0,
                -70.0,
                63.40000000000034,
                -90.0,
                80.80000000000018,
                -70.0
            ],
            "wins": [
                false,
                true,
                false,
                false,
                true,
                false,
                true,
                false
            ]
        }
    ]
}