{
    "gen": 29,
    "enemies": [
        7
    ],
    "results": [
        {
            "gain": 80.80000000000018,
            "fitness": 92.93833644349735,
            "fitness_balanced": 85.25250552318664,
            "wins": [
                true
            ]
        }
    ]
}