{
    "gen": 29,
    "enemies": [
        3
    ],
    "results": [
        {
            "gain": 54,
            "fitness": 89.35736716631763,
            "fitness_balanced": 70.95499468596398,
            "wins": [
                true
            ]
        }
    ]
}