{
    "gen": 29,
    "enemies": [
        6
    ],
    "results": [
        {
            "gain": -20.679999999999957,
            "fitness": 63.23984066740179,
            "fitness_balanced": 24.498741789455273,
            "wins": [
                0.2
            ]
        }
    ]
}