{
    "gen": 29,
    "enemies": [
        1,
        2,
        3,
        4,
        5,
        6,
        7,
        8
    ],
    "results": [
        {
            "gain": -358.9999999999997,
            "fitness": 0.012347024681311325,
            "fitness_balanced": 4.570654371045559,
            "gains": [
                -100,
                28,
                -70.0,
                -90.0,
                -10.0,
                -80.0,
                43.00000000000029,
                -80.0
            ],
            "wins": [
                false,
                true,
                false,
                false,
                false,
                false,
                true,
                false
            ]
        },
        {
            "gain": -358.9999999999997,
            "fitness": 0.012347024681311325,
            "fitness_balanced": 4.570654371045559,
            "gains": [
                -100,
                28,
                -70.0,
                -90.0,
                -10.0,
                -80.0,
                43.00000000000029,
                -80.0
            ],
            "wins": [
                false,
                true,
                false,
                false,
                false,
                false,
                true,
                false
            ]
        },
        {
            "gain": -358.9999999999997,
            "fitness": 0.012347024681311325,
            "fitness_balanced": 4.570654371045559,
            "gains": [
                -100,
                28,
                -70.0,
                -90.0,
                -10.0,
                -80.0,
                43.00000000000029,
                -80.0
            ],
            "wins": [
                false,
                true,
                false,
                false,
                false,
                false,
                true,
                false
            ]
        },
        {
            "gain": -358.9999999999997,
            "fitness": 0.012347024681311325,
            "fitness_balanced": 4.570654371045559,
            "gains": [
                -100,
                28,
                -70.0,
                -90.0,
                -10.0,
                -80.0,
                43.00000000000029,
                -80.0
            ],
            "wins": [
                false,
                true,
                false,
                false,
                false,
                false,
                true,
                false
            ]
        },
        {
            "gain": -358.9999999999997,
            "fitness": 0.012347024681311325,
            "fitness_balanced": 4.570654371045559,
            "gains": [
                -100,
                28,
                -70.0,
                -90.0,
                -10.0,
                -80.0,
                43.00000000000029,
                -80.0
            ],
            "wins": [
                false,
                true,
                false,
                false,
                false,
                false,
                true,
                false
            ]
        }
    ]
}