{
    "gen": 29,
    "enemies": [
        1,
        2,
        3,
        4,
        5,
        6,
        7,
        8
    ],
    "results": [
        {
            "gain": -443.59999999999997,
            "fitness": -3.754094336161966,
            "fitness_balanced": -12.646203818369884,
            "gains": [
                -50.0,
                -90.0,
                -80.0,
                -80.0,
                96.40000000000003,
                -70.0,
                -100,
                -70.0
            ],
            "wins": [
                false,
                false,
                false,
                false,
                true,
                false,
                false,
                false
            ]
        },
        {
            "gain": -443.59999999999997,
            "fitness": -3.754094336161966,
            "fitness_balanced": -12.646203818369884,
            "gains": [
                -50.0,
                -90.0,
                -80.0,
                -80.0,
                96.40000000000003,
                -70.0,
                -100,
                -70.0
            ],
            "wins": [
                false,
                false,
                false,
                false,
                true,
                false,
                false,
                false
            ]
        },
        {
            "gain": -443.59999999999997,
            "fitness": -3.754094336161966,
            "fitness_balanced": -12.646203818369884,
            "gains": [
                -50.0,
                -90.0,
                -80.0,
                -80.0,
                96.40000000000003,
                -70.0,
                -100,
                -70.0
            ],
            "wins": [
                false,
                false,
                false,
                false,
                true,
                false,
                false,
                false
            ]
        },
        {
            "gain": -443.59999999999997,
            "fitness": -3.754094336161966,
            "fitness_balanced": -12.646203818369884,
            "gains": [
                -50.0,
                -90.0,
                -80.0,
                -80.0,
                96.40000000000003,
                -70.0,
                -100,
                -70.0
            ],
            "wins": [
                false,
                false,
                false,
                false,
                true,
                false,
                false,
                false
            ]
        },
        {
            "gain": -443.59999999999997,
            "fitness": -3.754094336161966,
            "fitness_balanced": -12.646203818369884,
            "gains": [
                -50.0,
                -90.0,
                -80.0,
                -80.0,
                96.40000000000003,
                -70.0,
                -100,
                -70.0
            ],
            "wins": [
                false,
                false,
                false,
                false,
                true,
                false,
                false,
                false
            ]
        }
    ]
}