{
    "gen": 29,
    "enemies": [
        6
    ],
    "results": [
        {
            "gain": 39.04000000000028,
            "fitness": 88.58689771827639,
            "fitness_balanced": 56.29419793370412,
            "wins": [
                1.0
            ]
        }
    ]
}