{
    "gen": 29,
    "enemies": [
        6
    ],
    "results": [
        {
            "gain": -15.399999999999897,
            "fitness": 62.09702997498599,
            "fitness_balanced": 50.96226955283417,
            "wins": [
                0.4
            ]
        }
    ]
}