{
    "gen": 29,
    "enemies": [
        1,
        2,
        3,
        4,
        5,
        6,
        7,
        8
    ],
    "results": [
        {
            "gain": -187.99999999999983,
            "fitness": 11.023648256686045,
            "fitness_balanced": -2.4555247094558865,
            "gains": [
                100,
                -20.0,
                -80.0,
                -70.0,
                82.00000000000017,
                -90.0,
                -40.0,
                -70.0
            ],
            "wins": [
                true,
                false,
                false,
                false,
                true,
                false,
                false,
                false
            ]
        },
        {
            "gain": -187.99999999999983,
            "fitness": 11.023648256686045,
            "fitness_balanced": -2.4555247094558865,
            "gains": [
                100,
                -20.0,
                -80.0,
                -70.0,
                82.00000000000017,
                -90.0,
                -40.0,
                -70.0
            ],
            "wins": [
                true,
                false,
                false,
                false,
                true,
                false,
                false,
                false
            ]
        },
        {
            "gain": -187.99999999999983,
            "fitness": 11.023648256686045,
            "fitness_balanced": -2.4555247094558865,
            "gains": [
                100,
                -20.0,
                -80.0,
                -70.0,
                82.00000000000017,
                -90.0,
                -40.0,
                -70.0
            ],
            "wins": [
                true,
                false,
                false,
                false,
                true,
                false,
                false,
                false
            ]
        },
        {
            "gain": -187.99999999999983,
            "fitness": 11.023648256686045,
            "fitness_balanced": -2.4555247094558865,
            "gains": [
                100,
                -20.0,
                -80.0,
                -70.0,
                82.00000000000017,
                -90.0,
                -40.0,
                -70.0
            ],
            "wins": [
                true,
                false,
                false,
                false,
                true,
                false,
                false,
                false
            ]
        },
        {
            "gain": -187.99999999999983,
            "fitness": 11.023648256686045,
            "fitness_balanced": -2.4555247094558865,
            "gains": [
                100,
                -20.0,
                -80.0,
                -70.0,
                82.00000000000017,
                -90.0,
                -40.0,
                -70.0
            ],
            "wins": [
                true,
                false,
                false,
                false,
                true,
                false,
                false,
                false
            ]
        }
    ]
}