{
    "gen": 29,
    "enemies": [
        6
    ],
    "results": [
        {
            "gain": -62.0,
            "fitness": 28.888112635923175,
            "fitness_balanced": 14.435479592677307,
            "wins": [
                0.0
            ]
        }
    ]
}