{
    "gen": 29,
    "enemies": [
        1,
        2,
        3,
        4,
        5,
        6,
        7,
        8
    ],
    "results": [
        {
            "gain": -357.99999999999983,
            "fitness": -13.413932008191733,
            "fitness_balanced": -17.26066746919373,
            "gains": [
                100,
                -100,
                -80.0,
                -90.0,
                82.00000000000017,
                -90.0,
                -100,
                -80.0
            ],
            "wins": [
                true,
                false,
                false,
                false,
                true,
                false,
                false,
                false
            ]
        },
        {
            "gain": -357.99999999999983,
            "fitness": -13.413932008191733,
            "fitness_balanced": -17.26066746919373,
            "gains": [
                100,
                -100,
                -80.0,
                -90.0,
                82.00000000000017,
                -90.0,
                -100,
                -80.0
            ],
            "wins": [
                true,
                false,
                false,
                false,
                true,
                false,
                false,
                false
            ]
        },
        {
            "gain": -357.99999999999983,
            "fitness": -13.413932008191733,
            "fitness_balanced": -17.26066746919373,
            "gains": [
                100,
                -100,
                -80.0,
                -90.0,
                82.00000000000017,
                -90.0,
                -100,
                -80.0
            ],
            "wins": [
                true,
                false,
                false,
                false,
                true,
                false,
                false,
                false
            ]
        },
        {
            "gain": -357.99999999999983,
            "fitness": -13.413932008191733,
            "fitness_balanced": -17.26066746919373,
            "gains": [
                100,
                -100,
                -80.0,
                -90.0,
                82.00000000000017,
                -90.0,
                -100,
                -80.0
            ],
            "wins": [
                true,
                false,
                false,
                false,
                true,
                false,
                false,
                false
            ]
        },
        {
            "gain": -357.99999999999983,
            "fitness": -13.413932008191733,
            "fitness_balanced": -17.26066746919373,
            "gains": [
                100,
                -100,
                -80.0,
                -90.0,
                82.00000000000017,
                -90.0,
                -100,
                -80.0
            ],
            "wins": [
                true,
                false,
                false,
                false,
                true,
                false,
                false,
                false
            ]
        }
    ]
}