{
    "gen": 29,
    "enemies": [
        1,
        2,
        3,
        4,
        5,
        6,
        7,
        8
    ],
    "results": [
        {
            "gain": -246.79999999999984,
            "fitness": 3.910958599877752,
            "fitness_balanced": -7.352391384110838,
            "gains": [
                100,
                -70.0,
                -40.0,
                -90.0,
                83.20000000000016,
                -80.0,
                -70.0,
                -80.0
            ],
            "wins": [
                true,
                false,
                false,
                false,
                true,
                false,
                false,
                false
            ]
        },
        {
            "gain": -246.79999999999984,
            "fitness": 3.910958599877752,
            "fitness_balanced": -7.352391384110838,
            "gains": [
                100,
                -70.0,
                -40.0,
                -90.0,
                83.20000000000016,
                -80.0,
                -70.0,
                -80.0
            ],
            "wins": [
                true,
                false,
                false,
                false,
                true,
                false,
                false,
                false
            ]
        },
        {
            "gain": -246.79999999999984,
            "fitness": 3.910958599877752,
            "fitness_balanced": -7.352391384110838,
            "gains": [
                100,
                -70.0,
                -40.0,
                -90.0,
                83.20000000000016,
                -80.0,
                -70.0,
                -80.0
            ],
            "wins": [
                true,
                false,
                false,
                false,
                true,
                false,
                false,
                false
            ]
        },
        {
            "gain": -246.79999999999984,
            "fitness": 3.910958599877752,
            "fitness_balanced": -7.352391384110838,
            "gains": [
                100,
                -70.0,
                -40.0,
                -90.0,
                83.20000000000016,
                -80.0,
                -70.0,
                -80.0
            ],
            "wins": [
                true,
                false,
                false,
                false,
                true,
                false,
                false,
                false
            ]
        },
        {
            "gain": -246.79999999999984,
            "fitness": 3.910958599877752,
            "fitness_balanced": -7.352391384110838,
            "gains": [
                100,
                -70.0,
                -40.0,
                -90.0,
                83.20000000000016,
                -80.0,
                -70.0,
                -80.0
            ],
            "wins": [
                true,
                false,
                false,
                false,
                true,
                false,
                false,
                false
            ]
        }
    ]
}