{
    "gen": 29,
    "enemies": [
        8
    ],
    "results": [
        {
            "gain": 89.2000000000001,
            "fitness": 93.56814186652394,
            "fitness_balanced": 89.24341372532804,
            "wins": [
                true
            ]
        }
    ]
}