{
    "gen": 29,
    "enemies": [
        8
    ],
    "results": [
        {
            "gain": 60.640000000000235,
            "fitness": 90.32381362310727,
            "fitness_balanced": 86.548141866524,
            "wins": [
                1.0
            ]
        }
    ]
}