{
    "gen": 29,
    "enemies": [
        5
    ],
    "results": [
        {
            "gain": 72.40000000000023,
            "fitness": 91.51798143729366,
            "fitness_balanced": 75.85367074233127,
            "wins": [
                1.0
            ]
        }
    ]
}