{
    "gen": 29,
    "enemies": [
        1,
        2,
        3,
        4,
        5,
        6,
        7,
        8
    ],
    "results": [
        {
            "gain": -197.19999999999925,
            "fitness": 0.8779081750335749,
            "fitness_balanced": 69.11606371931296,
            "gains": [
                -40.0,
                -70.0,
                -100,
                70.60000000000028,
                82.00000000000017,
                -90.0,
                -100,
                50.20000000000031
            ],
            "wins": [
                false,
                false,
                false,
                true,
                true,
                false,
                false,
                true
            ]
        },
        {
            "gain": -197.19999999999925,
            "fitness": 0.8779081750335749,
            "fitness_balanced": 69.11606371931296,
            "gains": [
                -40.0,
                -70.0,
                -100,
                70.60000000000028,
                82.00000000000017,
                -90.0,
                -100,
                50.20000000000031
            ],
            "wins": [
                false,
                false,
                false,
                true,
                true,
                false,
                false,
                true
            ]
        },
        {
            "gain": -197.19999999999925,
            "fitness": 0.8779081750335749,
            "fitness_balanced": 69.11606371931296,
            "gains": [
                -40.0,
                -70.0,
                -100,
                70.60000000000028,
                82.00000000000017,
                -90.0,
                -100,
                50.20000000000031
            ],
            "wins": [
                false,
                false,
                false,
                true,
                true,
                false,
                false,
                true
            ]
        },
        {
            "gain": -197.19999999999925,
            "fitness": 0.8779081750335749,
            "fitness_balanced": 69.11606371931296,
            "gains": [
                -40.0,
                -70.0,
                -100,
                70.60000000000028,
                82.00000000000017,
                -90.0,
                -100,
                50.20000000000031
            ],
            "wins": [
                false,
                false,
                false,
                true,
                true,
                false,
                false,
                true
            ]
        },
        {
            "gain": -197.19999999999925,
            "fitness": 0.8779081750335749,
            "fitness_balanced": 69.11606371931296,
            "gains": [
                -40.0,
                -70.0,
                -100,
                70.60000000000028,
                82.00000000000017,
                -90.0,
                -100,
                50.20000000000031
            ],
            "wins": [
                false,
                false,
                false,
                true,
                true,
                false,
                false,
                true
            ]
        }
    ]
}