{
    "gen": 29,
    "enemies": [
        3
    ],
    "results": [
        {
            "gain": 3.2,
            "fitness": 71.53728802038013,
            "fitness_balanced": 55.807637510525126,
            "wins": [
                0.4
            ]
        }
    ]
}