{
    "gen": 29,
    "enemies": [
        1,
        2,
        3,
        4,
        5,
        6,
        7,
        8
    ],
    "results": [
        {
            "gain": -267.19999999999953,
            "fitness": 4.10055836909234,
            "fitness_balanced": -3.7853877082572573,
            "gains": [
                -90.0,
                -30.0,
                -70.0,
                -20.0,
                50.20000000000031,
                -100,
                -90.0,
                82.60000000000016
            ],
            "wins": [
                false,
                false,
                false,
                false,
                true,
                false,
                false,
                true
            ]
        },
        {
            "gain": -267.19999999999953,
            "fitness": 4.10055836909234,
            "fitness_balanced": -3.7853877082572573,
            "gains": [
                -90.0,
                -30.0,
                -70.0,
                -20.0,
                50.20000000000031,
                -100,
                -90.0,
                82.60000000000016
            ],
            "wins": [
                false,
                false,
                false,
                false,
                true,
                false,
                false,
                true
            ]
        },
        {
            "gain": -267.19999999999953,
            "fitness": 4.10055836909234,
            "fitness_balanced": -3.7853877082572573,
            "gains": [
                -90.0,
                -30.0,
                -70.0,
                -20.0,
                50.20000000000031,
                -100,
                -90.0,
                82.60000000000016
            ],
            "wins": [
                false,
                false,
                false,
                false,
                true,
                false,
                false,
                true
            ]
        },
        {
            "gain": -267.19999999999953,
            "fitness": 4.10055836909234,
            "fitness_balanced": -3.7853877082572573,
            "gains": [
                -90.0,
                -30.0,
                -70.0,
                -20.0,
                50.20000000000031,
                -100,
                -90.0,
                82.60000000000016
            ],
            "wins": [
                false,
                false,
                false,
                false,
                true,
                false,
                false,
                true
            ]
        },
        {
            "gain": -267.19999999999953,
            "fitness": 4.10055836909234,
            "fitness_balanced": -3.7853877082572573,
            "gains": [
                -90.0,
                -30.0,
                -70.0,
                -20.0,
                50.20000000000031,
                -100,
                -90.0,
                82.60000000000016
            ],
            "wins": [
                false,
                false,
                false,
                false,
                true,
                false,
                false,
                true
            ]
        }
    ]
}