{
    "gen": 29,
    "enemies": [
        2
    ],
    "results": [
        {
            "gain": 84,
            "fitness": 93.28801221164346,
            "fitness_balanced": 86.88200618758324,
            "wins": [
                true
            ]
        }
    ]
}