{
    "gen": 29,
    "enemies": [
        2
    ],
    "results": [
        {
            "gain": 73.6,
            "fitness": 91.91056599520785,
            "fitness_balanced": 86.52353644806848,
            "wins": [
                1.0
            ]
        }
    ]
}