{
    "gen": 29,
    "enemies": [
        7
    ],
    "results": [
        {
            "gain": 47.5600000000003,
            "fitness": 89.33825165431703,
            "fitness_balanced": 77.2481418665241,
            "wins": [
                1.0
            ]
        }
    ]
}