{
    "gen": 29,
    "enemies": [
        5
    ],
    "results": [
        {
            "gain": 92.80000000000007,
            "fitness": 94.24956207860757,
            "fitness_balanced": 91.3630473975864,
            "wins": [
                true
            ]
        }
    ]
}