{
    "gen": 29,
    "enemies": [
        1,
        2,
        3,
        4,
        5,
        6,
        7,
        8
    ],
    "results": [
        {
            "gain": -267.79999999999944,
            "fitness": 15.074385768370696,
            "fitness_balanced": 9.222347676777343,
            "gains": [
                -80.0,
                -10.0,
                -60.0,
                -90.0,
                58.00000000000033,
                14.200000000000228,
                -30.0,
                -70.0
            ],
            "wins": [
                false,
                false,
                false,
                false,
                true,
                true,
                false,
                false
            ]
        },
        {
            "gain": -267.79999999999944,
            "fitness": 15.074385768370696,
            "fitness_balanced": 9.222347676777343,
            "gains": [
                -80.0,
                -10.0,
                -60.0,
                -90.0,
                58.00000000000033,
                14.200000000000228,
                -30.0,
                -70.0
            ],
            "wins": [
                false,
                false,
                false,
                false,
                true,
                true,
                false,
                false
            ]
        },
        {
            "gain": -267.79999999999944,
            "fitness": 15.074385768370696,
            "fitness_balanced": 9.222347676777343,
            "gains": [
                -80.0,
                -10.0,
                -60.0,
                -90.0,
                58.00000000000033,
                14.200000000000228,
                -30.0,
                -70.0
            ],
            "wins": [
                false,
                false,
                false,
                false,
                true,
                true,
                false,
                false
            ]
        },
        {
            "gain": -267.79999999999944,
            "fitness": 15.074385768370696,
            "fitness_balanced": 9.222347676777343,
            "gains": [
                -80.0,
                -10.0,
                -60.0,
                -90.0,
                58.00000000000033,
                14.200000000000228,
                -30.0,
                -70.0
            ],
            "wins": [
                false,
                false,
                false,
                false,
                true,
                true,
                false,
                false
            ]
        },
        {
            "gain": -267.79999999999944,
            "fitness": 15.074385768370696,
            "fitness_balanced": 9.222347676777343,
            "gains": [
                -80.0,
                -10.0,
                -60.0,
                -90.0,
                58.00000000000033,
                14.200000000000228,
                -30.0,
                -70.0
            ],
            "wins": [
                false,
                false,
                false,
                false,
                true,
                true,
                false,
                false
            ]
        }
    ]
}