{
    "gen": 29,
    "enemies": [
        1,
        2,
        3,
        4,
        5,
        6,
        7,
        8
    ],
    "results": [
        {
            "gain": -100.70999999999943,
            "fitness": 27.68316832118134,
            "fitness_balanced": 62.01112204166725,
            "wins": [
                0.0,
                1.0,
                0.0,
                0.0,
                1.0,
                0.0,
                0.0,
                1.0
            ]
        }
    ]
}