{
    "gen": 299,
    "enemies": [
        1,
        2,
        3,
        4,
        5,
        6,
        7,
        8
    ],
    "results": [
        {
            "gain": -65.39999999999966,
            "fitness": 41.011866538887475,
            "fitness_balanced": 16.436231070293044,
            "gains": [
                -70.0,
                70,
                -40.0,
                -40.0,
                64.60000000000034,
                -20.0,
                -10.0,
                -20.0
            ],
            "wins": [
                false,
                true,
                false,
                false,
                true,
                false,
                false,
                false
            ]
        },
        {
            "gain": -65.39999999999966,
            "fitness": 41.011866538887475,
            "fitness_balanced": 16.436231070293044,
            "gains": [
                -70.0,
                70,
                -40.0,
                -40.0,
                64.60000000000034,
                -20.0,
                -10.0,
                -20.0
            ],
            "wins": [
                false,
                true,
                false,
                false,
                true,
                false,
                false,
                false
            ]
        },
        {
            "gain": -65.39999999999966,
            "fitness": 41.011866538887475,
            "fitness_balanced": 16.436231070293044,
            "gains": [
                -70.0,
                70,
                -40.0,
                -40.0,
                64.60000000000034,
                -20.0,
                -10.0,
                -20.0
            ],
            "wins": [
                false,
                true,
                false,
                false,
                true,
                false,
                false,
                false
            ]
        },
        {
            "gain": -65.39999999999966,
            "fitness": 41.011866538887475,
            "fitness_balanced": 16.436231070293044,
            "gains": [
                -70.0,
                70,
                -40.0,
                -40.0,
                64.60000000000034,
                -20.0,
                -10.0,
                -20.0
            ],
            "wins": [
                false,
                true,
                false,
                false,
                true,
                false,
                false,
                false
            ]
        },
        {
            "gain": -65.39999999999966,
            "fitness": 41.011866538887475,
            "fitness_balanced": 16.436231070293044,
            "gains": [
                -70.0,
                70,
                -40.0,
                -40.0,
                64.60000000000034,
                -20.0,
                -10.0,
                -20.0
            ],
            "wins": [
                false,
                true,
                false,
                false,
                true,
                false,
                false,
                false
            ]
        }
    ]
}