{
    "gen": 29,
    "enemies": [
        5
    ],
    "results": [
        {
            "gain": 43.15000000000015,
            "fitness": 70.53510703811594,
            "fitness_balanced": 86.25289246928261,
            "wins": [
                0.75
            ]
        }
    ]
}