{
    "gen": 29,
    "enemies": [
        6
    ],
    "results": [
        {
            "gain": 58.60000000000033,
            "fitness": 89.31752803949323,
            "fitness_balanced": 72.75608815443537,
            "wins": [
                true
            ]
        }
    ]
}