{
    "gen": 29,
    "enemies": [
        1,
        2,
        3,
        4,
        5,
        6,
        7,
        8
    ],
    "results": [
        {
            "gain": -545.7999999999997,
            "fitness": -10.005123454699334,
            "fitness_balanced": 8.855814365874355,
            "gains": [
                -100,
                -80.0,
                -90.0,
                -90.0,
                -60.0,
                44.200000000000294,
                -100,
                -70.0
            ],
            "wins": [
                false,
                false,
                false,
                false,
                false,
                true,
                false,
                false
            ]
        },
        {
            "gain": -545.7999999999997,
            "fitness": -10.005123454699334,
            "fitness_balanced": 8.855814365874355,
            "gains": [
                -100,
                -80.0,
                -90.0,
                -90.0,
                -60.0,
                44.200000000000294,
                -100,
                -70.0
            ],
            "wins": [
                false,
                false,
                false,
                false,
                false,
                true,
                false,
                false
            ]
        },
        {
            "gain": -545.7999999999997,
            "fitness": -10.005123454699334,
            "fitness_balanced": 8.855814365874355,
            "gains": [
                -100,
                -80.0,
                -90.0,
                -90.0,
                -60.0,
                44.200000000000294,
                -100,
                -70.0
            ],
            "wins": [
                false,
                false,
                false,
                false,
                false,
                true,
                false,
                false
            ]
        },
        {
            "gain": -545.7999999999997,
            "fitness": -10.005123454699334,
            "fitness_balanced": 8.855814365874355,
            "gains": [
                -100,
                -80.0,
                -90.0,
                -90.0,
                -60.0,
                44.200000000000294,
                -100,
                -70.0
            ],
            "wins": [
                false,
                false,
                false,
                false,
                false,
                true,
                false,
                false
            ]
        },
        {
            "gain": -545.7999999999997,
            "fitness": -10.005123454699334,
            "fitness_balanced": 8.855814365874355,
            "gains": [
                -100,
                -80.0,
                -90.0,
                -90.0,
                -60.0,
                44.200000000000294,
                -100,
                -70.0
            ],
            "wins": [
                false,
                false,
                false,
                false,
                false,
                true,
                false,
                false
            ]
        }
    ]
}