{
    "gen": 29,
    "enemies": [
        6
    ],
    "results": [
        {
            "gain": 44.200000000000294,
            "fitness": 88.31968104797997,
            "fitness_balanced": 65.99744140538658,
            "wins": [
                true
            ]
        }
    ]
}