{
    "gen": 29,
    "enemies": [
        1,
        2,
        3,
        4,
        5,
        6,
        7,
        8
    ],
    "results": [
        {
            "gain": -314.1999999999997,
            "fitness": 7.560279933087628,
            "fitness_balanced": -1.161015094571983,
            "gains": [
                -90.0,
                26,
                -70.0,
                -60.0,
                -20.0,
                -80.0,
                59.80000000000033,
                -80.0
            ],
            "wins": [
                false,
                true,
                false,
                false,
                false,
                false,
                true,
                false
            ]
        },
        {
            "gain": -314.1999999999997,
            "fitness": 7.560279933087628,
            "fitness_balanced": -1.161015094571983,
            "gains": [
                -90.0,
                26,
                -70.0,
                -60.0,
                -20.0,
                -80.0,
                59.80000000000033,
                -80.0
            ],
            "wins": [
                false,
                true,
                false,
                false,
                false,
                false,
                true,
                false
            ]
        },
        {
            "gain": -314.1999999999997,
            "fitness": 7.560279933087628,
            "fitness_balanced": -1.161015094571983,
            "gains": [
                -90.0,
                26,
                -70.0,
                -60.0,
                -20.0,
                -80.0,
                59.80000000000033,
                -80.0
            ],
            "wins": [
                false,
                true,
                false,
                false,
                false,
                false,
                true,
                false
            ]
        },
        {
            "gain": -314.1999999999997,
            "fitness": 7.560279933087628,
            "fitness_balanced": -1.161015094571983,
            "gains": [
                -90.0,
                26,
                -70.0,
                -60.0,
                -20.0,
                -80.0,
                59.80000000000033,
                -80.0
            ],
            "wins": [
                false,
                true,
                false,
                false,
                false,
                false,
                true,
                false
            ]
        },
        {
            "gain": -314.1999999999997,
            "fitness": 7.560279933087628,
            "fitness_balanced": -1.161015094571983,
            "gains": [
                -90.0,
                26,
                -70.0,
                -60.0,
                -20.0,
                -80.0,
                59.80000000000033,
                -80.0
            ],
            "wins": [
                false,
                true,
                false,
                false,
                false,
                false,
                true,
                false
            ]
        }
    ]
}