{
    "gen": 29,
    "enemies": [
        8
    ],
    "results": [
        {
            "gain": 68.2000000000003,
            "fitness": 91.28661051127251,
            "fitness_balanced": 78.56266573298161,
            "wins": [
                true
            ]
        }
    ]
}