{
    "gen": 29,
    "enemies": [
        3
    ],
    "results": [
        {
            "gain": 16.0,
            "fitness": 84.18949785522543,
            "fitness_balanced": 61.94791083107558,
            "wins": [
                0.8
            ]
        }
    ]
}