{
    "gen": 29,
    "enemies": [
        3
    ],
    "results": [
        {
            "gain": 28,
            "fitness": 86.82111423509888,
            "fitness_balanced": 58.01858578874552,
            "wins": [
                true
            ]
        }
    ]
}