{
    "gen": 29,
    "enemies": [
        1,
        2,
        3,
        4,
        5,
        6,
        7,
        8
    ],
    "results": [
        {
            "gain": -414.59999999999974,
            "fitness": -9.096782793237033,
            "fitness_balanced": 4.657665748035189,
            "gains": [
                -100,
                -80.0,
                72,
                -70.0,
                33.40000000000027,
                -90.0,
                -100,
                -80.0
            ],
            "wins": [
                false,
                false,
                true,
                false,
                true,
                false,
                false,
                false
            ]
        },
        {
            "gain": -414.59999999999974,
            "fitness": -9.096782793237033,
            "fitness_balanced": 4.657665748035189,
            "gains": [
                -100,
                -80.0,
                72,
                -70.0,
                33.40000000000027,
                -90.0,
                -100,
                -80.0
            ],
            "wins": [
                false,
                false,
                true,
                false,
                true,
                false,
                false,
                false
            ]
        },
        {
            "gain": -414.59999999999974,
            "fitness": -9.096782793237033,
            "fitness_balanced": 4.657665748035189,
            "gains": [
                -100,
                -80.0,
                72,
                -70.0,
                33.40000000000027,
                -90.0,
                -100,
                -80.0
            ],
            "wins": [
                false,
                false,
                true,
                false,
                true,
                false,
                false,
                false
            ]
        },
        {
            "gain": -414.59999999999974,
            "fitness": -9.096782793237033,
            "fitness_balanced": 4.657665748035189,
            "gains": [
                -100,
                -80.0,
                72,
                -70.0,
                33.40000000000027,
                -90.0,
                -100,
                -80.0
            ],
            "wins": [
                false,
                false,
                true,
                false,
                true,
                false,
                false,
                false
            ]
        },
        {
            "gain": -414.59999999999974,
            "fitness": -9.096782793237033,
            "fitness_balanced": 4.657665748035189,
            "gains": [
                -100,
                -80.0,
                72,
                -70.0,
                33.40000000000027,
                -90.0,
                -100,
                -80.0
            ],
            "wins": [
                false,
                false,
                true,
                false,
                true,
                false,
                false,
                false
            ]
        }
    ]
}