{
    "gen": 29,
    "enemies": [
        5
    ],
    "results": [
        {
            "gain": 95.20000000000005,
            "fitness": 94.22168263345198,
            "fitness_balanced": 92.29669509194095,
            "wins": [
                true
            ]
        }
    ]
}