{
    "gen": 29,
    "enemies": [
        1,
        2,
        3,
        4,
        5,
        6,
        7,
        8
    ],
    "results": [
        {
            "gain": -255.59999999999962,
            "fitness": -2.297113485304706,
            "fitness_balanced": -2.097209316147346,
            "gains": [
                -90.0,
                44,
                -80.0,
                -80.0,
                -1.399999999999892,
                -100,
                -20.0,
                71.80000000000027
            ],
            "wins": [
                false,
                true,
                false,
                false,
                false,
                false,
                false,
                true
            ]
        },
        {
            "gain": -255.59999999999962,
            "fitness": -2.297113485304706,
            "fitness_balanced": -2.097209316147346,
            "gains": [
                -90.0,
                44,
                -80.0,
                -80.0,
                -1.399999999999892,
                -100,
                -20.0,
                71.80000000000027
            ],
            "wins": [
                false,
                true,
                false,
                false,
                false,
                false,
                false,
                true
            ]
        },
        {
            "gain": -255.59999999999962,
            "fitness": -2.297113485304706,
            "fitness_balanced": -2.097209316147346,
            "gains": [
                -90.0,
                44,
                -80.0,
                -80.0,
                -1.399999999999892,
                -100,
                -20.0,
                71.80000000000027
            ],
            "wins": [
                false,
                true,
                false,
                false,
                false,
                false,
                false,
                true
            ]
        },
        {
            "gain": -255.59999999999962,
            "fitness": -2.297113485304706,
            "fitness_balanced": -2.097209316147346,
            "gains": [
                -90.0,
                44,
                -80.0,
                -80.0,
                -1.399999999999892,
                -100,
                -20.0,
                71.80000000000027
            ],
            "wins": [
                false,
                true,
                false,
                false,
                false,
                false,
                false,
                true
            ]
        },
        {
            "gain": -255.59999999999962,
            "fitness": -2.297113485304706,
            "fitness_balanced": -2.097209316147346,
            "gains": [
                -90.0,
                44,
                -80.0,
                -80.0,
                -1.399999999999892,
                -100,
                -20.0,
                71.80000000000027
            ],
            "wins": [
                false,
                true,
                false,
                false,
                false,
                false,
                false,
                true
            ]
        }
    ]
}