{
    "gen": 29,
    "enemies": [
        1,
        2,
        3,
        4,
        5,
        6,
        7,
        8
    ],
    "results": [
        {
            "gain": -143.3999999999993,
            "fitness": 16.882638672280656,
            "fitness_balanced": 4.4932962574535225,
            "gains": [
                -70.0,
                -10.0,
                -40.0,
                67.00000000000031,
                81.40000000000018,
                -90.0,
                -90.0,
                8.200000000000232
            ],
            "wins": [
                false,
                false,
                false,
                true,
                true,
                false,
                false,
                true
            ]
        },
        {
            "gain": -143.3999999999993,
            "fitness": 16.882638672280656,
            "fitness_balanced": 4.4932962574535225,
            "gains": [
                -70.0,
                -10.0,
                -40.0,
                67.00000000000031,
                81.40000000000018,
                -90.0,
                -90.0,
                8.200000000000232
            ],
            "wins": [
                false,
                false,
                false,
                true,
                true,
                false,
                false,
                true
            ]
        },
        {
            "gain": -143.3999999999993,
            "fitness": 16.882638672280656,
            "fitness_balanced": 4.4932962574535225,
            "gains": [
                -70.0,
                -10.0,
                -40.0,
                67.00000000000031,
                81.40000000000018,
                -90.0,
                -90.0,
                8.200000000000232
            ],
            "wins": [
                false,
                false,
                false,
                true,
                true,
                false,
                false,
                true
            ]
        },
        {
            "gain": -143.3999999999993,
            "fitness": 16.882638672280656,
            "fitness_balanced": 4.4932962574535225,
            "gains": [
                -70.0,
                -10.0,
                -40.0,
                67.00000000000031,
                81.40000000000018,
                -90.0,
                -90.0,
                8.200000000000232
            ],
            "wins": [
                false,
                false,
                false,
                true,
                true,
                false,
                false,
                true
            ]
        },
        {
            "gain": -143.3999999999993,
            "fitness": 16.882638672280656,
            "fitness_balanced": 4.4932962574535225,
            "gains": [
                -70.0,
                -10.0,
                -40.0,
                67.00000000000031,
                81.40000000000018,
                -90.0,
                -90.0,
                8.200000000000232
            ],
            "wins": [
                false,
                false,
                false,
                true,
                true,
                false,
                false,
                true
            ]
        }
    ]
}