{
    "gen": 29,
    "enemies": [
        1
    ],
    "results": [
        {
            "gain": -10.0,
            "fitness": 75.22234767677735,
            "fitness_balanced": 39.21925648420767,
            "wins": [
                false
            ]
        }
    ]
}