{
    "gen": 29,
    "enemies": [
        1,
        2,
        3,
        4,
        5,
        6,
        7,
        8
    ],
    "results": [
        {
            "gain": -288.9999999999999,
            "fitness": 11.559152389132684,
            "fitness_balanced": -1.3181194255623794,
            "gains": [
                -10.0,
                -60.0,
                -40.0,
                -70.0,
                91.00000000000009,
                -90.0,
                -90.0,
                -20.0
            ],
            "wins": [
                false,
                false,
                false,
                false,
                true,
                false,
                false,
                false
            ]
        },
        {
            "gain": -288.9999999999999,
            "fitness": 11.559152389132684,
            "fitness_balanced": -1.3181194255623794,
            "gains": [
                -10.0,
                -60.0,
                -40.0,
                -70.0,
                91.00000000000009,
                -90.0,
                -90.0,
                -20.0
            ],
            "wins": [
                false,
                false,
                false,
                false,
                true,
                false,
                false,
                false
            ]
        },
        {
            "gain": -288.9999999999999,
            "fitness": 11.559152389132684,
            "fitness_balanced": -1.3181194255623794,
            "gains": [
                -10.0,
                -60.0,
                -40.0,
                -70.0,
                91.00000000000009,
                -90.0,
                -90.0,
                -20.0
            ],
            "wins": [
                false,
                false,
                false,
                false,
                true,
                false,
                false,
                false
            ]
        },
        {
            "gain": -288.9999999999999,
            "fitness": 11.559152389132684,
            "fitness_balanced": -1.3181194255623794,
            "gains": [
                -10.0,
                -60.0,
                -40.0,
                -70.0,
                91.00000000000009,
                -90.0,
                -90.0,
                -20.0
            ],
            "wins": [
                false,
                false,
                false,
                false,
                true,
                false,
                false,
                false
            ]
        },
        {
            "gain": -288.9999999999999,
            "fitness": 11.559152389132684,
            "fitness_balanced": -1.3181194255623794,
            "gains": [
                -10.0,
                -60.0,
                -40.0,
                -70.0,
                91.00000000000009,
                -90.0,
                -90.0,
                -20.0
            ],
            "wins": [
                false,
                false,
                false,
                false,
                true,
                false,
                false,
                false
            ]
        }
    ]
}