{
    "gen": 29,
    "enemies": [
        1,
        2,
        3,
        4,
        5,
        6,
        7,
        8
    ],
    "results": [
        {
            "gain": -239.7999999999996,
            "fitness": 1.2345122717057748,
            "fitness_balanced": 58.494865031083634,
            "gains": [
                -90.0,
                86,
                -70.0,
                -90.0,
                -4.399999999999864,
                -80.0,
                -20.0,
                28.600000000000257
            ],
            "wins": [
                false,
                true,
                false,
                false,
                false,
                false,
                false,
                true
            ]
        },
        {
            "gain": -239.7999999999996,
            "fitness": 1.2345122717057748,
            "fitness_balanced": 58.494865031083634,
            "gains": [
                -90.0,
                86,
                -70.0,
                -90.0,
                -4.399999999999864,
                -80.0,
                -20.0,
                28.600000000000257
            ],
            "wins": [
                false,
                true,
                false,
                false,
                false,
                false,
                false,
                true
            ]
        },
        {
            "gain": -239.7999999999996,
            "fitness": 1.2345122717057748,
            "fitness_balanced": 58.494865031083634,
            "gains": [
                -90.0,
                86,
                -70.0,
                -90.0,
                -4.399999999999864,
                -80.0,
                -20.0,
                28.600000000000257
            ],
            "wins": [
                false,
                true,
                false,
                false,
                false,
                false,
                false,
                true
            ]
        },
        {
            "gain": -239.7999999999996,
            "fitness": 1.2345122717057748,
            "fitness_balanced": 58.494865031083634,
            "gains": [
                -90.0,
                86,
                -70.0,
                -90.0,
                -4.399999999999864,
                -80.0,
                -20.0,
                28.600000000000257
            ],
            "wins": [
                false,
                true,
                false,
                false,
                false,
                false,
                false,
                true
            ]
        },
        {
            "gain": -239.7999999999996,
            "fitness": 1.2345122717057748,
            "fitness_balanced": 58.494865031083634,
            "gains": [
                -90.0,
                86,
                -70.0,
                -90.0,
                -4.399999999999864,
                -80.0,
                -20.0,
                28.600000000000257
            ],
            "wins": [
                false,
                true,
                false,
                false,
                false,
                false,
                false,
                true
            ]
        }
    ]
}