{
    "gen": 29,
    "enemies": [
        2
    ],
    "results": [
        {
            "gain": 66.0,
            "fitness": 91.3834459505925,
            "fitness_balanced": 81.79051384715858,
            "wins": [
                1.0
            ]
        }
    ]
}