{
    "gen": 29,
    "enemies": [
        2
    ],
    "results": [
        {
            "gain": 78.8,
            "fitness": 92.43327177558803,
            "fitness_balanced": 86.56627799644576,
            "wins": [
                1.0
            ]
        }
    ]
}