{
    "gen": 29,
    "enemies": [
        1,
        2,
        3,
        4,
        5,
        6,
        7,
        8
    ],
    "results": [
        {
            "gain": -333.99999999999983,
            "fitness": 6.079852778535731,
            "fitness_balanced": 14.144928077797573,
            "gains": [
                -50.0,
                -50.0,
                4,
                -70.0,
                82.00000000000017,
                -90.0,
                -100,
                -60.0
            ],
            "wins": [
                false,
                false,
                true,
                false,
                true,
                false,
                false,
                false
            ]
        },
        {
            "gain": -333.99999999999983,
            "fitness": 6.079852778535731,
            "fitness_balanced": 14.144928077797573,
            "gains": [
                -50.0,
                -50.0,
                4,
                -70.0,
                82.00000000000017,
                -90.0,
                -100,
                -60.0
            ],
            "wins": [
                false,
                false,
                true,
                false,
                true,
                false,
                false,
                false
            ]
        },
        {
            "gain": -333.99999999999983,
            "fitness": 6.079852778535731,
            "fitness_balanced": 14.144928077797573,
            "gains": [
                -50.0,
                -50.0,
                4,
                -70.0,
                82.00000000000017,
                -90.0,
                -100,
                -60.0
            ],
            "wins": [
                false,
                false,
                true,
                false,
                true,
                false,
                false,
                false
            ]
        },
        {
            "gain": -333.99999999999983,
            "fitness": 6.079852778535731,
            "fitness_balanced": 14.144928077797573,
            "gains": [
                -50.0,
                -50.0,
                4,
                -70.0,
                82.00000000000017,
                -90.0,
                -100,
                -60.0
            ],
            "wins": [
                false,
                false,
                true,
                false,
                true,
                false,
                false,
                false
            ]
        },
        {
            "gain": -333.99999999999983,
            "fitness": 6.079852778535731,
            "fitness_balanced": 14.144928077797573,
            "gains": [
                -50.0,
                -50.0,
                4,
                -70.0,
                82.00000000000017,
                -90.0,
                -100,
                -60.0
            ],
            "wins": [
                false,
                false,
                true,
                false,
                true,
                false,
                false,
                false
            ]
        }
    ]
}