{
    "gen": 29,
    "enemies": [
        1,
        2,
        3,
        4,
        5,
        6,
        7,
        8
    ],
    "results": [
        {
            "gain": -480.9999999999998,
            "fitness": -19.535591266784664,
            "fitness_balanced": -19.056487412253347,
            "gains": [
                100,
                -100,
                -90.0,
                -100,
                -10.999999999999801,
                -100,
                -100,
                -80.0
            ],
            "wins": [
                true,
                false,
                false,
                false,
                false,
                false,
                false,
                false
            ]
        },
        {
            "gain": -480.9999999999998,
            "fitness": -19.535591266784664,
            "fitness_balanced": -19.056487412253347,
            "gains": [
                100,
                -100,
                -90.0,
                -100,
                -10.999999999999801,
                -100,
                -100,
                -80.0
            ],
            "wins": [
                true,
                false,
                false,
                false,
                false,
                false,
                false,
                false
            ]
        },
        {
            "gain": -480.9999999999998,
            "fitness": -19.535591266784664,
            "fitness_balanced": -19.056487412253347,
            "gains": [
                100,
                -100,
                -90.0,
                -100,
                -10.999999999999801,
                -100,
                -100,
                -80.0
            ],
            "wins": [
                true,
                false,
                false,
                false,
                false,
                false,
                false,
                false
            ]
        },
        {
            "gain": -480.9999999999998,
            "fitness": -19.535591266784664,
            "fitness_balanced": -19.056487412253347,
            "gains": [
                100,
                -100,
                -90.0,
                -100,
                -10.999999999999801,
                -100,
                -100,
                -80.0
            ],
            "wins": [
                true,
                false,
                false,
                false,
                false,
                false,
                false,
                false
            ]
        },
        {
            "gain": -480.9999999999998,
            "fitness": -19.535591266784664,
            "fitness_balanced": -19.056487412253347,
            "gains": [
                100,
                -100,
                -90.0,
                -100,
                -10.999999999999801,
                -100,
                -100,
                -80.0
            ],
            "wins": [
                true,
                false,
                false,
                false,
                false,
                false,
                false,
                false
            ]
        }
    ]
}