{
    "gen": 29,
    "enemies": [
        6
    ],
    "results": [
        {
            "gain": 39.40000000000028,
            "fitness": 88.72506424239104,
            "fitness_balanced": 64.47964417492182,
            "wins": [
                true
            ]
        }
    ]
}