{
    "gen": 29,
    "enemies": [
        8
    ],
    "results": [
        {
            "gain": 17.88000000000012,
            "fitness": 66.97006411335981,
            "fitness_balanced": 86.60669517527559,
            "wins": [
                0.6
            ]
        }
    ]
}