{
    "gen": 29,
    "enemies": [
        6
    ],
    "results": [
        {
            "gain": -25.639999999999894,
            "fitness": 53.05046867308111,
            "fitness_balanced": 14.494668464067637,
            "wins": [
                0.4
            ]
        }
    ]
}