{
    "gen": 29,
    "enemies": [
        1,
        2,
        3,
        4,
        5,
        6,
        7,
        8
    ],
    "results": [
        {
            "gain": -117.1999999999993,
            "fitness": 19.956865511943505,
            "fitness_balanced": 79.97842158035631,
            "gains": [
                -30.0,
                -70.0,
                -10.0,
                11.40000000000024,
                79.6000000000002,
                -70.0,
                -100,
                71.80000000000027
            ],
            "wins": [
                false,
                false,
                false,
                false,
                true,
                false,
                false,
                true
            ]
        },
        {
            "gain": -117.1999999999993,
            "fitness": 19.956865511943505,
            "fitness_balanced": 79.97842158035631,
            "gains": [
                -30.0,
                -70.0,
                -10.0,
                11.40000000000024,
                79.6000000000002,
                -70.0,
                -100,
                71.80000000000027
            ],
            "wins": [
                false,
                false,
                false,
                false,
                true,
                false,
                false,
                true
            ]
        },
        {
            "gain": -117.1999999999993,
            "fitness": 19.956865511943505,
            "fitness_balanced": 79.97842158035631,
            "gains": [
                -30.0,
                -70.0,
                -10.0,
                11.40000000000024,
                79.6000000000002,
                -70.0,
                -100,
                71.80000000000027
            ],
            "wins": [
                false,
                false,
                false,
                false,
                true,
                false,
                false,
                true
            ]
        },
        {
            "gain": -117.1999999999993,
            "fitness": 19.956865511943505,
            "fitness_balanced": 79.97842158035631,
            "gains": [
                -30.0,
                -70.0,
                -10.0,
                11.40000000000024,
                79.6000000000002,
                -70.0,
                -100,
                71.80000000000027
            ],
            "wins": [
                false,
                false,
                false,
                false,
                true,
                false,
                false,
                true
            ]
        },
        {
            "gain": -117.1999999999993,
            "fitness": 19.956865511943505,
            "fitness_balanced": 79.97842158035631,
            "gains": [
                -30.0,
                -70.0,
                -10.0,
                11.40000000000024,
                79.6000000000002,
                -70.0,
                -100,
                71.80000000000027
            ],
            "wins": [
                false,
                false,
                false,
                false,
                true,
                false,
                false,
                true
            ]
        }
    ]
}