{
    "gen": 29,
    "enemies": [
        5
    ],
    "results": [
        {
            "gain": 79.3000000000002,
            "fitness": 91.90759316131576,
            "fitness_balanced": 86.21773325310406,
            "wins": [
                1.0
            ]
        }
    ]
}