{
    "gen": 29,
    "enemies": [
        8
    ],
    "results": [
        {
            "gain": 71.68000000000026,
            "fitness": 91.44111420098056,
            "fitness_balanced": 82.4651892629375,
            "wins": [
                1.0
            ]
        }
    ]
}