{
    "gen": 29,
    "enemies": [
        7
    ],
    "results": [
        {
            "gain": 23.120000000000164,
            "fitness": 74.16083244443114,
            "fitness_balanced": 79.10168263345211,
            "wins": [
                0.6
            ]
        }
    ]
}