{
    "gen": 29,
    "enemies": [
        1,
        2,
        3,
        4,
        5,
        6,
        7,
        8
    ],
    "results": [
        {
            "gain": -384.9999999999994,
            "fitness": 1.7837723758806732,
            "fitness_balanced": -3.7008654927062246,
            "gains": [
                -90.0,
                -70.0,
                -50.0,
                68.8000000000003,
                -23.799999999999677,
                -60.0,
                -100,
                -60.0
            ],
            "wins": [
                false,
                false,
                false,
                true,
                false,
                false,
                false,
                false
            ]
        },
        {
            "gain": -384.9999999999994,
            "fitness": 1.7837723758806732,
            "fitness_balanced": -3.7008654927062246,
            "gains": [
                -90.0,
                -70.0,
                -50.0,
                68.8000000000003,
                -23.799999999999677,
                -60.0,
                -100,
                -60.0
            ],
            "wins": [
                false,
                false,
                false,
                true,
                false,
                false,
                false,
                false
            ]
        },
        {
            "gain": -384.9999999999994,
            "fitness": 1.7837723758806732,
            "fitness_balanced": -3.7008654927062246,
            "gains": [
                -90.0,
                -70.0,
                -50.0,
                68.8000000000003,
                -23.799999999999677,
                -60.0,
                -100,
                -60.0
            ],
            "wins": [
                false,
                false,
                false,
                true,
                false,
                false,
                false,
                false
            ]
        },
        {
            "gain": -384.9999999999994,
            "fitness": 1.7837723758806732,
            "fitness_balanced": -3.7008654927062246,
            "gains": [
                -90.0,
                -70.0,
                -50.0,
                68.8000000000003,
                -23.799999999999677,
                -60.0,
                -100,
                -60.0
            ],
            "wins": [
                false,
                false,
                false,
                true,
                false,
                false,
                false,
                false
            ]
        },
        {
            "gain": -384.9999999999994,
            "fitness": 1.7837723758806732,
            "fitness_balanced": -3.7008654927062246,
            "gains": [
                -90.0,
                -70.0,
                -50.0,
                68.8000000000003,
                -23.799999999999677,
                -60.0,
                -100,
                -60.0
            ],
            "wins": [
                false,
                false,
                false,
                true,
                false,
                false,
                false,
                false
            ]
        }
    ]
}