{
    "gen": 29,
    "enemies": [
        1,
        2,
        3,
        4,
        5,
        6,
        7,
        8
    ],
    "results": [
        {
            "gain": -161.39999999999966,
            "fitness": 19.281893985993683,
            "fitness_balanced": 3.1144559750080916,
            "gains": [
                100,
                -30.0,
                -70.0,
                -70.0,
                58.60000000000033,
                -60.0,
                -10.0,
                -80.0
            ],
            "wins": [
                true,
                false,
                false,
                false,
                true,
                false,
                false,
                false
            ]
        },
        {
            "gain": -161.39999999999966,
            "fitness": 19.281893985993683,
            "fitness_balanced": 3.1144559750080916,
            "gains": [
                100,
                -30.0,
                -70.0,
                -70.0,
                58.60000000000033,
                -60.0,
                -10.0,
                -80.0
            ],
            "wins": [
                true,
                false,
                false,
                false,
                true,
                false,
                false,
                false
            ]
        },
        {
            "gain": -161.39999999999966,
            "fitness": 19.281893985993683,
            "fitness_balanced": 3.1144559750080916,
            "gains": [
                100,
                -30.0,
                -70.0,
                -70.0,
                58.60000000000033,
                -60.0,
                -10.0,
                -80.0
            ],
            "wins": [
                true,
                false,
                false,
                false,
                true,
                false,
                false,
                false
            ]
        },
        {
            "gain": -161.39999999999966,
            "fitness": 19.281893985993683,
            "fitness_balanced": 3.1144559750080916,
            "gains": [
                100,
                -30.0,
                -70.0,
                -70.0,
                58.60000000000033,
                -60.0,
                -10.0,
                -80.0
            ],
            "wins": [
                true,
                false,
                false,
                false,
                true,
                false,
                false,
                false
            ]
        },
        {
            "gain": -161.39999999999966,
            "fitness": 19.281893985993683,
            "fitness_balanced": 3.1144559750080916,
            "gains": [
                100,
                -30.0,
                -70.0,
                -70.0,
                58.60000000000033,
                -60.0,
                -10.0,
                -80.0
            ],
            "wins": [
                true,
                false,
                false,
                false,
                true,
                false,
                false,
                false
            ]
        }
    ]
}