{
    "gen": 299,
    "enemies": [
        1,
        2,
        3,
        4,
        5,
        6,
        7,
        8
    ],
    "results": [
        {
            "gain": -79.59999999999899,
            "fitness": 26.338644793304404,
            "fitness_balanced": 14.192688214212989,
            "gains": [
                -100,
                32,
                -50.0,
                -70.0,
                28.000000000000256,
                25.60000000000025,
                25.00000000000025,
                29.80000000000026
            ],
            "wins": [
                false,
                true,
                false,
                false,
                true,
                true,
                true,
                true
            ]
        },
        {
            "gain": -79.59999999999899,
            "fitness": 26.338644793304404,
            "fitness_balanced": 14.192688214212989,
            "gains": [
                -100,
                32,
                -50.0,
                -70.0,
                28.000000000000256,
                25.60000000000025,
                25.00000000000025,
                29.80000000000026
            ],
            "wins": [
                false,
                true,
                false,
                false,
                true,
                true,
                true,
                true
            ]
        },
        {
            "gain": -79.59999999999899,
            "fitness": 26.338644793304404,
            "fitness_balanced": 14.192688214212989,
            "gains": [
                -100,
                32,
                -50.0,
                -70.0,
                28.000000000000256,
                25.60000000000025,
                25.00000000000025,
                29.80000000000026
            ],
            "wins": [
                false,
                true,
                false,
                false,
                true,
                true,
                true,
                true
            ]
        },
        {
            "gain": -79.59999999999899,
            "fitness": 26.338644793304404,
            "fitness_balanced": 14.192688214212989,
            "gains": [
                -100,
                32,
                -50.0,
                -70.0,
                28.000000000000256,
                25.60000000000025,
                25.00000000000025,
                29.80000000000026
            ],
            "wins": [
                false,
                true,
                false,
                false,
                true,
                true,
                true,
                true
            ]
        },
        {
            "gain": -79.59999999999899,
            "fitness": 26.338644793304404,
            "fitness_balanced": 14.192688214212989,
            "gains": [
                -100,
                32,
                -50.0,
                -70.0,
                28.000000000000256,
                25.60000000000025,
                25.00000000000025,
                29.80000000000026
            ],
            "wins": [
                false,
                true,
                false,
                false,
                true,
                true,
                true,
                true
            ]
        }
    ]
}