{
    "gen": 29,
    "enemies": [
        4
    ],
    "results": [
        {
            "gain": 37.60000000000028,
            "fitness": 86.69780836771348,
            "fitness_balanced": 61.736951836611965,
            "wins": [
                true
            ]
        }
    ]
}