{
    "gen": 29,
    "enemies": [
        1,
        2,
        3,
        4,
        5,
        6,
        7,
        8
    ],
    "results": [
        {
            "gain": -123.99999999999912,
            "fitness": 22.362122946690377,
            "fitness_balanced": 8.623848185705683,
            "gains": [
                -40.0,
                -70.0,
                -20.0,
                37.60000000000028,
                68.2000000000003,
                -50.0,
                -100,
                50.20000000000031
            ],
            "wins": [
                false,
                false,
                false,
                true,
                true,
                false,
                false,
                true
            ]
        },
        {
            "gain": -123.99999999999912,
            "fitness": 22.362122946690377,
            "fitness_balanced": 8.623848185705683,
            "gains": [
                -40.0,
                -70.0,
                -20.0,
                37.60000000000028,
                68.2000000000003,
                -50.0,
                -100,
                50.20000000000031
            ],
            "wins": [
                false,
                false,
                false,
                true,
                true,
                false,
                false,
                true
            ]
        },
        {
            "gain": -123.99999999999912,
            "fitness": 22.362122946690377,
            "fitness_balanced": 8.623848185705683,
            "gains": [
                -40.0,
                -70.0,
                -20.0,
                37.60000000000028,
                68.2000000000003,
                -50.0,
                -100,
                50.20000000000031
            ],
            "wins": [
                false,
                false,
                false,
                true,
                true,
                false,
                false,
                true
            ]
        },
        {
            "gain": -123.99999999999912,
            "fitness": 22.362122946690377,
            "fitness_balanced": 8.623848185705683,
            "gains": [
                -40.0,
                -70.0,
                -20.0,
                37.60000000000028,
                68.2000000000003,
                -50.0,
                -100,
                50.20000000000031
            ],
            "wins": [
                false,
                false,
                false,
                true,
                true,
                false,
                false,
                true
            ]
        },
        {
            "gain": -123.99999999999912,
            "fitness": 22.362122946690377,
            "fitness_balanced": 8.623848185705683,
            "gains": [
                -40.0,
                -70.0,
                -20.0,
                37.60000000000028,
                68.2000000000003,
                -50.0,
                -100,
                50.20000000000031
            ],
            "wins": [
                false,
                false,
                false,
                true,
                true,
                false,
                false,
                true
            ]
        }
    ]
}