{
    "gen": 29,
    "enemies": [
        4
    ],
    "results": [
        {
            "gain": 32.32000000000026,
            "fitness": 86.18952028977598,
            "fitness_balanced": 61.736951836611965,
            "wins": [
                1.0
            ]
        }
    ]
}