{
    "gen": 29,
    "enemies": [
        7
    ],
    "results": [
        {
            "gain": 73.60000000000025,
            "fitness": 92.00341372532802,
            "fitness_balanced": 81.4387078342907,
            "wins": [
                true
            ]
        }
    ]
}