{
    "gen": 29,
    "enemies": [
        1,
        2,
        3,
        4,
        5,
        6,
        7,
        8
    ],
    "results": [
        {
            "gain": -344.1999999999998,
            "fitness": -8.093211396848147,
            "fitness_balanced": -12.478730355969766,
            "gains": [
                -50.0,
                -100,
                78,
                -80.0,
                77.80000000000021,
                -100,
                -100,
                -70.0
            ],
            "wins": [
                false,
                false,
                true,
                false,
                true,
                false,
                false,
                false
            ]
        },
        {
            "gain": -344.1999999999998,
            "fitness": -8.093211396848147,
            "fitness_balanced": -12.478730355969766,
            "gains": [
                -50.0,
                -100,
                78,
                -80.0,
                77.80000000000021,
                -100,
                -100,
                -70.0
            ],
            "wins": [
                false,
                false,
                true,
                false,
                true,
                false,
                false,
                false
            ]
        },
        {
            "gain": -344.1999999999998,
            "fitness": -8.093211396848147,
            "fitness_balanced": -12.478730355969766,
            "gains": [
                -50.0,
                -100,
                78,
                -80.0,
                77.80000000000021,
                -100,
                -100,
                -70.0
            ],
            "wins": [
                false,
                false,
                true,
                false,
                true,
                false,
                false,
                false
            ]
        },
        {
            "gain": -344.1999999999998,
            "fitness": -8.093211396848147,
            "fitness_balanced": -12.478730355969766,
            "gains": [
                -50.0,
                -100,
                78,
                -80.0,
                77.80000000000021,
                -100,
                -100,
                -70.0
            ],
            "wins": [
                false,
                false,
                true,
                false,
                true,
                false,
                false,
                false
            ]
        },
        {
            "gain": -344.1999999999998,
            "fitness": -8.093211396848147,
            "fitness_balanced": -12.478730355969766,
            "gains": [
                -50.0,
                -100,
                78,
                -80.0,
                77.80000000000021,
                -100,
                -100,
                -70.0
            ],
            "wins": [
                false,
                false,
                true,
                false,
                true,
                false,
                false,
                false
            ]
        }
    ]
}