{
    "gen": 29,
    "enemies": [
        1,
        2,
        3,
        4,
        5,
        6,
        7,
        8
    ],
    "results": [
        {
            "gain": -63.79999999999964,
            "fitness": 14.20200788068798,
            "fitness_balanced": 4.58389959779558,
            "gains": [
                -70.0,
                78,
                6,
                -70.0,
                71.20000000000027,
                -90.0,
                91.00000000000009,
                -80.0
            ],
            "wins": [
                false,
                true,
                true,
                false,
                true,
                false,
                true,
                false
            ]
        },
        {
            "gain": -63.79999999999964,
            "fitness": 14.20200788068798,
            "fitness_balanced": 4.58389959779558,
            "gains": [
                -70.0,
                78,
                6,
                -70.0,
                71.20000000000027,
                -90.0,
                91.00000000000009,
                -80.0
            ],
            "wins": [
                false,
                true,
                true,
                false,
                true,
                false,
                true,
                false
            ]
        },
        {
            "gain": -63.79999999999964,
            "fitness": 14.20200788068798,
            "fitness_balanced": 4.58389959779558,
            "gains": [
                -70.0,
                78,
                6,
                -70.0,
                71.20000000000027,
                -90.0,
                91.00000000000009,
                -80.0
            ],
            "wins": [
                false,
                true,
                true,
                false,
                true,
                false,
                true,
                false
            ]
        },
        {
            "gain": -63.79999999999964,
            "fitness": 14.20200788068798,
            "fitness_balanced": 4.58389959779558,
            "gains": [
                -70.0,
                78,
                6,
                -70.0,
                71.20000000000027,
                -90.0,
                91.00000000000009,
                -80.0
            ],
            "wins": [
                false,
                true,
                true,
                false,
                true,
                false,
                true,
                false
            ]
        },
        {
            "gain": -63.79999999999964,
            "fitness": 14.20200788068798,
            "fitness_balanced": 4.58389959779558,
            "gains": [
                -70.0,
                78,
                6,
                -70.0,
                71.20000000000027,
                -90.0,
                91.00000000000009,
                -80.0
            ],
            "wins": [
                false,
                true,
                true,
                false,
                true,
                false,
                true,
                false
            ]
        }
    ]
}