{
    "gen": 29,
    "enemies": [
        6
    ],
    "results": [
        {
            "gain": 8.200000000000232,
            "fitness": 85.06425778641311,
            "fitness_balanced": 48.34109822612284,
            "wins": [
                true
            ]
        }
    ]
}