{
    "gen": 29,
    "enemies": [
        6
    ],
    "results": [
        {
            "gain": -18.959999999999955,
            "fitness": 66.32599968912656,
            "fitness_balanced": 34.10284613236326,
            "wins": [
                0.2
            ]
        }
    ]
}