{
    "gen": 29,
    "enemies": [
        7
    ],
    "results": [
        {
            "gain": 91.00000000000009,
            "fitness": 94.18001907417188,
            "fitness_balanced": 90.57274631484283,
            "wins": [
                true
            ]
        }
    ]
}