{
    "gen": 29,
    "enemies": [
        1,
        2,
        3,
        4,
        5,
        6,
        7,
        8
    ],
    "results": [
        {
            "gain": -39.39999999999978,
            "fitness": 23.233103443983698,
            "fitness_balanced": 6.990680870841253,
            "gains": [
                -30.0,
                74,
                -50.0,
                -70.0,
                85.60000000000014,
                -80.0,
                91.00000000000009,
                -60.0
            ],
            "wins": [
                false,
                true,
                false,
                false,
                true,
                false,
                true,
                false
            ]
        },
        {
            "gain": -39.39999999999978,
            "fitness": 23.233103443983698,
            "fitness_balanced": 6.990680870841253,
            "gains": [
                -30.0,
                74,
                -50.0,
                -70.0,
                85.60000000000014,
                -80.0,
                91.00000000000009,
                -60.0
            ],
            "wins": [
                false,
                true,
                false,
                false,
                true,
                false,
                true,
                false
            ]
        },
        {
            "gain": -39.39999999999978,
            "fitness": 23.233103443983698,
            "fitness_balanced": 6.990680870841253,
            "gains": [
                -30.0,
                74,
                -50.0,
                -70.0,
                85.60000000000014,
                -80.0,
                91.00000000000009,
                -60.0
            ],
            "wins": [
                false,
                true,
                false,
                false,
                true,
                false,
                true,
                false
            ]
        },
        {
            "gain": -39.39999999999978,
            "fitness": 23.233103443983698,
            "fitness_balanced": 6.990680870841253,
            "gains": [
                -30.0,
                74,
                -50.0,
                -70.0,
                85.60000000000014,
                -80.0,
                91.00000000000009,
                -60.0
            ],
            "wins": [
                false,
                true,
                false,
                false,
                true,
                false,
                true,
                false
            ]
        },
        {
            "gain": -39.39999999999978,
            "fitness": 23.233103443983698,
            "fitness_balanced": 6.990680870841253,
            "gains": [
                -30.0,
                74,
                -50.0,
                -70.0,
                85.60000000000014,
                -80.0,
                91.00000000000009,
                -60.0
            ],
            "wins": [
                false,
                true,
                false,
                false,
                true,
                false,
                true,
                false
            ]
        }
    ]
}