{
    "gen": 29,
    "enemies": [
        7
    ],
    "results": [
        {
            "gain": -0.15999999999993406,
            "fitness": 74.96750997620292,
            "fitness_balanced": 39.33703951986406,
            "wins": [
                0.2
            ]
        }
    ]
}