{
    "gen": 29,
    "enemies": [
        2
    ],
    "results": [
        {
            "gain": 45.2,
            "fitness": 84.35456158744748,
            "fitness_balanced": 85.82385026742617,
            "wins": [
                0.6
            ]
        }
    ]
}