{
    "gen": 29,
    "enemies": [
        1,
        2,
        3,
        4,
        5,
        6,
        7,
        8
    ],
    "results": [
        {
            "gain": -411.9999999999999,
            "fitness": -1.2510491714521024,
            "fitness_balanced": 4.570654371045559,
            "gains": [
                -100,
                -40.0,
                -40.0,
                -60.0,
                88.00000000000011,
                -90.0,
                -90.0,
                -80.0
            ],
            "wins": [
                false,
                false,
                false,
                false,
                true,
                false,
                false,
                false
            ]
        },
        {
            "gain": -411.9999999999999,
            "fitness": -1.2510491714521024,
            "fitness_balanced": 4.570654371045559,
            "gains": [
                -100,
                -40.0,
                -40.0,
                -60.0,
                88.00000000000011,
                -90.0,
                -90.0,
                -80.0
            ],
            "wins": [
                false,
                false,
                false,
                false,
                true,
                false,
                false,
                false
            ]
        },
        {
            "gain": -411.9999999999999,
            "fitness": -1.2510491714521024,
            "fitness_balanced": 4.570654371045559,
            "gains": [
                -100,
                -40.0,
                -40.0,
                -60.0,
                88.00000000000011,
                -90.0,
                -90.0,
                -80.0
            ],
            "wins": [
                false,
                false,
                false,
                false,
                true,
                false,
                false,
                false
            ]
        },
        {
            "gain": -411.9999999999999,
            "fitness": -1.2510491714521024,
            "fitness_balanced": 4.570654371045559,
            "gains": [
                -100,
                -40.0,
                -40.0,
                -60.0,
                88.00000000000011,
                -90.0,
                -90.0,
                -80.0
            ],
            "wins": [
                false,
                false,
                false,
                false,
                true,
                false,
                false,
                false
            ]
        },
        {
            "gain": -411.9999999999999,
            "fitness": -1.2510491714521024,
            "fitness_balanced": 4.570654371045559,
            "gains": [
                -100,
                -40.0,
                -40.0,
                -60.0,
                88.00000000000011,
                -90.0,
                -90.0,
                -80.0
            ],
            "wins": [
                false,
                false,
                false,
                false,
                true,
                false,
                false,
                false
            ]
        }
    ]
}