{
    "gen": 29,
    "enemies": [
        4
    ],
    "results": [
        {
            "gain": 58.360000000000284,
            "fitness": 88.82670322579915,
            "fitness_balanced": 77.45494893627432,
            "wins": [
                1.0
            ]
        }
    ]
}