{
    "gen": 29,
    "enemies": [
        1
    ],
    "results": [
        {
            "gain": -30.0,
            "fitness": 57.552739275593154,
            "fitness_balanced": 34.19185751001956,
            "wins": [
                0.0
            ]
        }
    ]
}