{
    "gen": 29,
    "enemies": [
        3
    ],
    "results": [
        {
            "gain": -28.0,
            "fitness": 46.0836275063037,
            "fitness_balanced": 52.89075241723563,
            "wins": [
                0.4
            ]
        }
    ]
}