{
    "gen": 29,
    "enemies": [
        1,
        2,
        3,
        4,
        5,
        6,
        7,
        8
    ],
    "results": [
        {
            "gain": -297.7999999999995,
            "fitness": -2.5881449506731116,
            "fitness_balanced": -7.132429857807921,
            "gains": [
                -100,
                84,
                -70.0,
                -90.0,
                -90.0,
                -80.0,
                18.400000000000233,
                29.80000000000026
            ],
            "wins": [
                false,
                true,
                false,
                false,
                false,
                false,
                true,
                true
            ]
        },
        {
            "gain": -297.7999999999995,
            "fitness": -2.5881449506731116,
            "fitness_balanced": -7.132429857807921,
            "gains": [
                -100,
                84,
                -70.0,
                -90.0,
                -90.0,
                -80.0,
                18.400000000000233,
                29.80000000000026
            ],
            "wins": [
                false,
                true,
                false,
                false,
                false,
                false,
                true,
                true
            ]
        },
        {
            "gain": -297.7999999999995,
            "fitness": -2.5881449506731116,
            "fitness_balanced": -7.132429857807921,
            "gains": [
                -100,
                84,
                -70.0,
                -90.0,
                -90.0,
                -80.0,
                18.400000000000233,
                29.80000000000026
            ],
            "wins": [
                false,
                true,
                false,
                false,
                false,
                false,
                true,
                true
            ]
        },
        {
            "gain": -297.7999999999995,
            "fitness": -2.5881449506731116,
            "fitness_balanced": -7.132429857807921,
            "gains": [
                -100,
                84,
                -70.0,
                -90.0,
                -90.0,
                -80.0,
                18.400000000000233,
                29.80000000000026
            ],
            "wins": [
                false,
                true,
                false,
                false,
                false,
                false,
                true,
                true
            ]
        },
        {
            "gain": -297.7999999999995,
            "fitness": -2.5881449506731116,
            "fitness_balanced": -7.132429857807921,
            "gains": [
                -100,
                84,
                -70.0,
                -90.0,
                -90.0,
                -80.0,
                18.400000000000233,
                29.80000000000026
            ],
            "wins": [
                false,
                true,
                false,
                false,
                false,
                false,
                true,
                true
            ]
        }
    ]
}