{
    "gen": 29,
    "enemies": [
        7
    ],
    "results": [
        {
            "gain": 16.60000000000005,
            "fitness": 71.73616264975169,
            "fitness_balanced": 87.95250552318662,
            "wins": [
                0.4
            ]
        }
    ]
}