{
    "gen": 29,
    "enemies": [
        1,
        2,
        3,
        4,
        5,
        6,
        7,
        8
    ],
    "results": [
        {
            "gain": -278.9999999999994,
            "fitness": 8.141053492460216,
            "fitness_balanced": 9.506938556659453,
            "gains": [
                -90.0,
                -10.0,
                -40.0,
                -60.0,
                22.200000000000337,
                -100,
                68.8000000000003,
                -70.0
            ],
            "wins": [
                false,
                false,
                false,
                false,
                false,
                false,
                true,
                false
            ]
        },
        {
            "gain": -278.9999999999994,
            "fitness": 8.141053492460216,
            "fitness_balanced": 9.506938556659453,
            "gains": [
                -90.0,
                -10.0,
                -40.0,
                -60.0,
                22.200000000000337,
                -100,
                68.8000000000003,
                -70.0
            ],
            "wins": [
                false,
                false,
                false,
                false,
                false,
                false,
                true,
                false
            ]
        },
        {
            "gain": -278.9999999999994,
            "fitness": 8.141053492460216,
            "fitness_balanced": 9.506938556659453,
            "gains": [
                -90.0,
                -10.0,
                -40.0,
                -60.0,
                22.200000000000337,
                -100,
                68.8000000000003,
                -70.0
            ],
            "wins": [
                false,
                false,
                false,
                false,
                false,
                false,
                true,
                false
            ]
        },
        {
            "gain": -278.9999999999994,
            "fitness": 8.141053492460216,
            "fitness_balanced": 9.506938556659453,
            "gains": [
                -90.0,
                -10.0,
                -40.0,
                -60.0,
                22.200000000000337,
                -100,
                68.8000000000003,
                -70.0
            ],
            "wins": [
                false,
                false,
                false,
                false,
                false,
                false,
                true,
                false
            ]
        },
        {
            "gain": -278.9999999999994,
            "fitness": 8.141053492460216,
            "fitness_balanced": 9.506938556659453,
            "gains": [
                -90.0,
                -10.0,
                -40.0,
                -60.0,
                22.200000000000337,
                -100,
                68.8000000000003,
                -70.0
            ],
            "wins": [
                false,
                false,
                false,
                false,
                false,
                false,
                true,
                false
            ]
        }
    ]
}