{
    "gen": 29,
    "enemies": [
        1,
        2,
        3,
        4,
        5,
        6,
        7,
        8
    ],
    "results": [
        {
            "gain": -253.19999999999942,
            "fitness": 3.556843986646413,
            "fitness_balanced": -2.4203091208618552,
            "gains": [
                -100,
                46,
                -40.0,
                -80.0,
                27.400000000000254,
                -90.0,
                63.40000000000034,
                -80.0
            ],
            "wins": [
                false,
                true,
                false,
                false,
                true,
                false,
                true,
                false
            ]
        },
        {
            "gain": -253.19999999999942,
            "fitness": 3.556843986646413,
            "fitness_balanced": -2.4203091208618552,
            "gains": [
                -100,
                46,
                -40.0,
                -80.0,
                27.400000000000254,
                -90.0,
                63.40000000000034,
                -80.0
            ],
            "wins": [
                false,
                true,
                false,
                false,
                true,
                false,
                true,
                false
            ]
        },
        {
            "gain": -253.19999999999942,
            "fitness": 3.556843986646413,
            "fitness_balanced": -2.4203091208618552,
            "gains": [
                -100,
                46,
                -40.0,
                -80.0,
                27.400000000000254,
                -90.0,
                63.40000000000034,
                -80.0
            ],
            "wins": [
                false,
                true,
                false,
                false,
                true,
                false,
                true,
                false
            ]
        },
        {
            "gain": -253.19999999999942,
            "fitness": 3.556843986646413,
            "fitness_balanced": -2.4203091208618552,
            "gains": [
                -100,
                46,
                -40.0,
                -80.0,
                27.400000000000254,
                -90.0,
                63.40000000000034,
                -80.0
            ],
            "wins": [
                false,
                true,
                false,
                false,
                true,
                false,
                true,
                false
            ]
        },
        {
            "gain": -253.19999999999942,
            "fitness": 3.556843986646413,
            "fitness_balanced": -2.4203091208618552,
            "gains": [
                -100,
                46,
                -40.0,
                -80.0,
                27.400000000000254,
                -90.0,
                63.40000000000034,
                -80.0
            ],
            "wins": [
                false,
                true,
                false,
                false,
                true,
                false,
                true,
                false
            ]
        }
    ]
}