{
    "gen": 29,
    "enemies": [
        1
    ],
    "results": [
        {
            "gain": -7.5,
            "fitness": 57.88679819002613,
            "fitness_balanced": 94.88801221164346,
            "wins": [
                0.25
            ]
        }
    ]
}