{
    "gen": 29,
    "enemies": [
        4
    ],
    "results": [
        {
            "gain": 66.16000000000022,
            "fitness": 89.68299585844295,
            "fitness_balanced": 85.84250262912312,
            "wins": [
                1.0
            ]
        }
    ]
}