{
    "gen": 29,
    "enemies": [
        1,
        2,
        3,
        4,
        5,
        6,
        7,
        8
    ],
    "results": [
        {
            "gain": -317.79999999999995,
            "fitness": 9.483310515971109,
            "fitness_balanced": 14.302906513494595,
            "gains": [
                -50.0,
                -30.0,
                -20.0,
                -60.0,
                92.20000000000007,
                -90.0,
                -100,
                -60.0
            ],
            "wins": [
                false,
                false,
                false,
                false,
                true,
                false,
                false,
                false
            ]
        },
        {
            "gain": -317.79999999999995,
            "fitness": 9.483310515971109,
            "fitness_balanced": 14.302906513494595,
            "gains": [
                -50.0,
                -30.0,
                -20.0,
                -60.0,
                92.20000000000007,
                -90.0,
                -100,
                -60.0
            ],
            "wins": [
                false,
                false,
                false,
                false,
                true,
                false,
                false,
                false
            ]
        },
        {
            "gain": -317.79999999999995,
            "fitness": 9.483310515971109,
            "fitness_balanced": 14.302906513494595,
            "gains": [
                -50.0,
                -30.0,
                -20.0,
                -60.0,
                92.20000000000007,
                -90.0,
                -100,
                -60.0
            ],
            "wins": [
                false,
                false,
                false,
                false,
                true,
                false,
                false,
                false
            ]
        },
        {
            "gain": -317.79999999999995,
            "fitness": 9.483310515971109,
            "fitness_balanced": 14.302906513494595,
            "gains": [
                -50.0,
                -30.0,
                -20.0,
                -60.0,
                92.20000000000007,
                -90.0,
                -100,
                -60.0
            ],
            "wins": [
                false,
                false,
                false,
                false,
                true,
                false,
                false,
                false
            ]
        },
        {
            "gain": -317.79999999999995,
            "fitness": 9.483310515971109,
            "fitness_balanced": 14.302906513494595,
            "gains": [
                -50.0,
                -30.0,
                -20.0,
                -60.0,
                92.20000000000007,
                -90.0,
                -100,
                -60.0
            ],
            "wins": [
                false,
                false,
                false,
                false,
                true,
                false,
                false,
                false
            ]
        }
    ]
}