{
    "gen": 29,
    "enemies": [
        1,
        2,
        3,
        4,
        5,
        6,
        7,
        8
    ],
    "results": [
        {
            "gain": -400.9999999999999,
            "fitness": -8.935472743119565,
            "fitness_balanced": 4.3062678611973,
            "gains": [
                -100,
                84,
                -70.0,
                -90.0,
                -4.999999999999858,
                -100,
                -40.0,
                -80.0
            ],
            "wins": [
                false,
                true,
                false,
                false,
                false,
                false,
                false,
                false
            ]
        },
        {
            "gain": -400.9999999999999,
            "fitness": -8.935472743119565,
            "fitness_balanced": 4.3062678611973,
            "gains": [
                -100,
                84,
                -70.0,
                -90.0,
                -4.999999999999858,
                -100,
                -40.0,
                -80.0
            ],
            "wins": [
                false,
                true,
                false,
                false,
                false,
                false,
                false,
                false
            ]
        },
        {
            "gain": -400.9999999999999,
            "fitness": -8.935472743119565,
            "fitness_balanced": 4.3062678611973,
            "gains": [
                -100,
                84,
                -70.0,
                -90.0,
                -4.999999999999858,
                -100,
                -40.0,
                -80.0
            ],
            "wins": [
                false,
                true,
                false,
                false,
                false,
                false,
                false,
                false
            ]
        },
        {
            "gain": -400.9999999999999,
            "fitness": -8.935472743119565,
            "fitness_balanced": 4.3062678611973,
            "gains": [
                -100,
                84,
                -70.0,
                -90.0,
                -4.999999999999858,
                -100,
                -40.0,
                -80.0
            ],
            "wins": [
                false,
                true,
                false,
                false,
                false,
                false,
                false,
                false
            ]
        },
        {
            "gain": -400.9999999999999,
            "fitness": -8.935472743119565,
            "fitness_balanced": 4.3062678611973,
            "gains": [
                -100,
                84,
                -70.0,
                -90.0,
                -4.999999999999858,
                -100,
                -40.0,
                -80.0
            ],
            "wins": [
                false,
                true,
                false,
                false,
                false,
                false,
                false,
                false
            ]
        }
    ]
}