{
    "gen": 29,
    "enemies": [
        1,
        2,
        3,
        4,
        5,
        6,
        7,
        8
    ],
    "results": [
        {
            "gain": -303.59999999999957,
            "fitness": 6.036776060897559,
            "fitness_balanced": -3.2157109809277706,
            "gains": [
                -50.0,
                -70.0,
                -30.0,
                24.400000000000247,
                82.00000000000017,
                -90.0,
                -100,
                -70.0
            ],
            "wins": [
                false,
                false,
                false,
                true,
                true,
                false,
                false,
                false
            ]
        },
        {
            "gain": -303.59999999999957,
            "fitness": 6.036776060897559,
            "fitness_balanced": -3.2157109809277706,
            "gains": [
                -50.0,
                -70.0,
                -30.0,
                24.400000000000247,
                82.00000000000017,
                -90.0,
                -100,
                -70.0
            ],
            "wins": [
                false,
                false,
                false,
                true,
                true,
                false,
                false,
                false
            ]
        },
        {
            "gain": -303.59999999999957,
            "fitness": 6.036776060897559,
            "fitness_balanced": -3.2157109809277706,
            "gains": [
                -50.0,
                -70.0,
                -30.0,
                24.400000000000247,
                82.00000000000017,
                -90.0,
                -100,
                -70.0
            ],
            "wins": [
                false,
                false,
                false,
                true,
                true,
                false,
                false,
                false
            ]
        },
        {
            "gain": -303.59999999999957,
            "fitness": 6.036776060897559,
            "fitness_balanced": -3.2157109809277706,
            "gains": [
                -50.0,
                -70.0,
                -30.0,
                24.400000000000247,
                82.00000000000017,
                -90.0,
                -100,
                -70.0
            ],
            "wins": [
                false,
                false,
                false,
                true,
                true,
                false,
                false,
                false
            ]
        },
        {
            "gain": -303.59999999999957,
            "fitness": 6.036776060897559,
            "fitness_balanced": -3.2157109809277706,
            "gains": [
                -50.0,
                -70.0,
                -30.0,
                24.400000000000247,
                82.00000000000017,
                -90.0,
                -100,
                -70.0
            ],
            "wins": [
                false,
                false,
                false,
                true,
                true,
                false,
                false,
                false
            ]
        }
    ]
}