{
    "gen": 19,
    "enemies": [
        8
    ],
    "results": [
        {
            "gain": -60.0,
            "fitness": 30.105597165735148,
            "fitness_balanced": 14.10284613236326,
            "wins": [
                false
            ]
        }
    ]
}