{
    "gen": 29,
    "enemies": [
        1,
        2,
        3,
        4,
        5,
        6,
        7,
        8
    ],
    "results": [
        {
            "gain": -338.39999999999975,
            "fitness": -2.264573322093568,
            "fitness_balanced": -6.957237201033578,
            "gains": [
                -90.0,
                28,
                -70.0,
                -80.0,
                -90.0,
                -100,
                -10.0,
                73.60000000000025
            ],
            "wins": [
                false,
                true,
                false,
                false,
                false,
                false,
                false,
                true
            ]
        },
        {
            "gain": -338.39999999999975,
            "fitness": -2.264573322093568,
            "fitness_balanced": -6.957237201033578,
            "gains": [
                -90.0,
                28,
                -70.0,
                -80.0,
                -90.0,
                -100,
                -10.0,
                73.60000000000025
            ],
            "wins": [
                false,
                true,
                false,
                false,
                false,
                false,
                false,
                true
            ]
        },
        {
            "gain": -338.39999999999975,
            "fitness": -2.264573322093568,
            "fitness_balanced": -6.957237201033578,
            "gains": [
                -90.0,
                28,
                -70.0,
                -80.0,
                -90.0,
                -100,
                -10.0,
                73.60000000000025
            ],
            "wins": [
                false,
                true,
                false,
                false,
                false,
                false,
                false,
                true
            ]
        },
        {
            "gain": -338.39999999999975,
            "fitness": -2.264573322093568,
            "fitness_balanced": -6.957237201033578,
            "gains": [
                -90.0,
                28,
                -70.0,
                -80.0,
                -90.0,
                -100,
                -10.0,
                73.60000000000025
            ],
            "wins": [
                false,
                true,
                false,
                false,
                false,
                false,
                false,
                true
            ]
        },
        {
            "gain": -338.39999999999975,
            "fitness": -2.264573322093568,
            "fitness_balanced": -6.957237201033578,
            "gains": [
                -90.0,
                28,
                -70.0,
                -80.0,
                -90.0,
                -100,
                -10.0,
                73.60000000000025
            ],
            "wins": [
                false,
                true,
                false,
                false,
                false,
                false,
                false,
                true
            ]
        }
    ]
}