{
    "gen": 29,
    "enemies": [
        1,
        2,
        3,
        4,
        5,
        6,
        7,
        8
    ],
    "results": [
        {
            "gain": -264.1999999999995,
            "fitness": 8.024777913228647,
            "fitness_balanced": -2.551175017424434,
            "gains": [
                -50.0,
                -70.0,
                -30.0,
                -80.0,
                82.00000000000017,
                53.80000000000032,
                -100,
                -70.0
            ],
            "wins": [
                false,
                false,
                false,
                false,
                true,
                true,
                false,
                false
            ]
        },
        {
            "gain": -264.1999999999995,
            "fitness": 8.024777913228647,
            "fitness_balanced": -2.551175017424434,
            "gains": [
                -50.0,
                -70.0,
                -30.0,
                -80.0,
                82.00000000000017,
                53.80000000000032,
                -100,
                -70.0
            ],
            "wins": [
                false,
                false,
                false,
                false,
                true,
                true,
                false,
                false
            ]
        },
        {
            "gain": -264.1999999999995,
            "fitness": 8.024777913228647,
            "fitness_balanced": -2.551175017424434,
            "gains": [
                -50.0,
                -70.0,
                -30.0,
                -80.0,
                82.00000000000017,
                53.80000000000032,
                -100,
                -70.0
            ],
            "wins": [
                false,
                false,
                false,
                false,
                true,
                true,
                false,
                false
            ]
        },
        {
            "gain": -264.1999999999995,
            "fitness": 8.024777913228647,
            "fitness_balanced": -2.551175017424434,
            "gains": [
                -50.0,
                -70.0,
                -30.0,
                -80.0,
                82.00000000000017,
                53.80000000000032,
                -100,
                -70.0
            ],
            "wins": [
                false,
                false,
                false,
                false,
                true,
                true,
                false,
                false
            ]
        },
        {
            "gain": -264.1999999999995,
            "fitness": 8.024777913228647,
            "fitness_balanced": -2.551175017424434,
            "gains": [
                -50.0,
                -70.0,
                -30.0,
                -80.0,
                82.00000000000017,
                53.80000000000032,
                -100,
                -70.0
            ],
            "wins": [
                false,
                false,
                false,
                false,
                true,
                true,
                false,
                false
            ]
        }
    ]
}