{
    "gen": 29,
    "enemies": [
        7
    ],
    "results": [
        {
            "gain": 5.000000000000121,
            "fitness": 73.9152352371714,
            "fitness_balanced": 67.34341372532813,
            "wins": [
                0.4
            ]
        }
    ]
}