{
    "gen": 29,
    "enemies": [
        7
    ],
    "results": [
        {
            "gain": 49.60000000000031,
            "fitness": 89.65173230259883,
            "fitness_balanced": 69.48679402095837,
            "wins": [
                true
            ]
        }
    ]
}