{
    "gen": 29,
    "enemies": [
        1
    ],
    "results": [
        {
            "gain": -45.0,
            "fitness": 44.17750032470968,
            "fitness_balanced": 29.17399989261955,
            "wins": [
                0.0
            ]
        }
    ]
}