{
    "gen": 29,
    "enemies": [
        3
    ],
    "results": [
        {
            "gain": 4.0,
            "fitness": 65.13465043509737,
            "fitness_balanced": 78.10284613236325,
            "wins": [
                0.4
            ]
        }
    ]
}