{
    "gen": 29,
    "enemies": [
        1,
        2,
        3,
        4,
        5,
        6,
        7,
        8
    ],
    "results": [
        {
            "gain": -260.5999999999997,
            "fitness": 4.02680488505252,
            "fitness_balanced": -0.4467373716663099,
            "gains": [
                100,
                -80.0,
                -50.0,
                -70.0,
                69.40000000000029,
                -90.0,
                -50.0,
                -90.0
            ],
            "wins": [
                true,
                false,
                false,
                false,
                true,
                false,
                false,
                false
            ]
        },
        {
            "gain": -260.5999999999997,
            "fitness": 4.02680488505252,
            "fitness_balanced": -0.4467373716663099,
            "gains": [
                100,
                -80.0,
                -50.0,
                -70.0,
                69.40000000000029,
                -90.0,
                -50.0,
                -90.0
            ],
            "wins": [
                true,
                false,
                false,
                false,
                true,
                false,
                false,
                false
            ]
        },
        {
            "gain": -260.5999999999997,
            "fitness": 4.02680488505252,
            "fitness_balanced": -0.4467373716663099,
            "gains": [
                100,
                -80.0,
                -50.0,
                -70.0,
                69.40000000000029,
                -90.0,
                -50.0,
                -90.0
            ],
            "wins": [
                true,
                false,
                false,
                false,
                true,
                false,
                false,
                false
            ]
        },
        {
            "gain": -260.5999999999997,
            "fitness": 4.02680488505252,
            "fitness_balanced": -0.4467373716663099,
            "gains": [
                100,
                -80.0,
                -50.0,
                -70.0,
                69.40000000000029,
                -90.0,
                -50.0,
                -90.0
            ],
            "wins": [
                true,
                false,
                false,
                false,
                true,
                false,
                false,
                false
            ]
        },
        {
            "gain": -260.5999999999997,
            "fitness": 4.02680488505252,
            "fitness_balanced": -0.4467373716663099,
            "gains": [
                100,
                -80.0,
                -50.0,
                -70.0,
                69.40000000000029,
                -90.0,
                -50.0,
                -90.0
            ],
            "wins": [
                true,
                false,
                false,
                false,
                true,
                false,
                false,
                false
            ]
        }
    ]
}