{
    "gen": 29,
    "enemies": [
        1,
        2,
        3,
        4,
        5,
        6,
        7,
        8
    ],
    "results": [
        {
            "gain": -230.79999999999941,
            "fitness": 2.6893753126663142,
            "fitness_balanced": -4.077924544111319,
            "gains": [
                -100,
                82,
                -70.0,
                -80.0,
                -60.0,
                -90.0,
                57.400000000000325,
                29.80000000000026
            ],
            "wins": [
                false,
                true,
                false,
                false,
                false,
                false,
                true,
                true
            ]
        },
        {
            "gain": -230.79999999999941,
            "fitness": 2.6893753126663142,
            "fitness_balanced": -4.077924544111319,
            "gains": [
                -100,
                82,
                -70.0,
                -80.0,
                -60.0,
                -90.0,
                57.400000000000325,
                29.80000000000026
            ],
            "wins": [
                false,
                true,
                false,
                false,
                false,
                false,
                true,
                true
            ]
        },
        {
            "gain": -230.79999999999941,
            "fitness": 2.6893753126663142,
            "fitness_balanced": -4.077924544111319,
            "gains": [
                -100,
                82,
                -70.0,
                -80.0,
                -60.0,
                -90.0,
                57.400000000000325,
                29.80000000000026
            ],
            "wins": [
                false,
                true,
                false,
                false,
                false,
                false,
                true,
                true
            ]
        },
        {
            "gain": -230.79999999999941,
            "fitness": 2.6893753126663142,
            "fitness_balanced": -4.077924544111319,
            "gains": [
                -100,
                82,
                -70.0,
                -80.0,
                -60.0,
                -90.0,
                57.400000000000325,
                29.80000000000026
            ],
            "wins": [
                false,
                true,
                false,
                false,
                false,
                false,
                true,
                true
            ]
        },
        {
            "gain": -230.79999999999941,
            "fitness": 2.6893753126663142,
            "fitness_balanced": -4.077924544111319,
            "gains": [
                -100,
                82,
                -70.0,
                -80.0,
                -60.0,
                -90.0,
                57.400000000000325,
                29.80000000000026
            ],
            "wins": [
                false,
                true,
                false,
                false,
                false,
                false,
                true,
                true
            ]
        }
    ]
}