{
    "gen": 29,
    "enemies": [
        7
    ],
    "results": [
        {
            "gain": 14.120000000000157,
            "fitness": 82.54326483278403,
            "fitness_balanced": 50.18835394814508,
            "wins": [
                0.6
            ]
        }
    ]
}