{
    "gen": 29,
    "enemies": [
        4
    ],
    "results": [
        {
            "gain": 45.6400000000003,
            "fitness": 87.78316705312712,
            "fitness_balanced": 43.43012587154154,
            "wins": [
                1.0
            ]
        }
    ]
}