{
    "gen": 29,
    "enemies": [
        1,
        2,
        3,
        4,
        5,
        6,
        7,
        8
    ],
    "results": [
        {
            "gain": -113.99999999999955,
            "fitness": 7.802040973138411,
            "fitness_balanced": -1.3640611749231084,
            "gains": [
                100,
                -30.0,
                -90.0,
                59.20000000000033,
                86.80000000000013,
                -100,
                -80.0,
                -60.0
            ],
            "wins": [
                true,
                false,
                false,
                true,
                true,
                false,
                false,
                false
            ]
        },
        {
            "gain": -113.99999999999955,
            "fitness": 7.802040973138411,
            "fitness_balanced": -1.3640611749231084,
            "gains": [
                100,
                -30.0,
                -90.0,
                59.20000000000033,
                86.80000000000013,
                -100,
                -80.0,
                -60.0
            ],
            "wins": [
                true,
                false,
                false,
                true,
                true,
                false,
                false,
                false
            ]
        },
        {
            "gain": -113.99999999999955,
            "fitness": 7.802040973138411,
            "fitness_balanced": -1.3640611749231084,
            "gains": [
                100,
                -30.0,
                -90.0,
                59.20000000000033,
                86.80000000000013,
                -100,
                -80.0,
                -60.0
            ],
            "wins": [
                true,
                false,
                false,
                true,
                true,
                false,
                false,
                false
            ]
        },
        {
            "gain": -113.99999999999955,
            "fitness": 7.802040973138411,
            "fitness_balanced": -1.3640611749231084,
            "gains": [
                100,
                -30.0,
                -90.0,
                59.20000000000033,
                86.80000000000013,
                -100,
                -80.0,
                -60.0
            ],
            "wins": [
                true,
                false,
                false,
                true,
                true,
                false,
                false,
                false
            ]
        },
        {
            "gain": -113.99999999999955,
            "fitness": 7.802040973138411,
            "fitness_balanced": -1.3640611749231084,
            "gains": [
                100,
                -30.0,
                -90.0,
                59.20000000000033,
                86.80000000000013,
                -100,
                -80.0,
                -60.0
            ],
            "wins": [
                true,
                false,
                false,
                true,
                true,
                false,
                false,
                false
            ]
        }
    ]
}