{
    "gen": 29,
    "enemies": [
        8
    ],
    "results": [
        {
            "gain": 58.24000000000027,
            "fitness": 89.72874334692355,
            "fitness_balanced": 82.1651892629375,
            "wins": [
                1.0
            ]
        }
    ]
}