{
    "gen": 29,
    "enemies": [
        3
    ],
    "results": [
        {
            "gain": 27.2,
            "fitness": 78.76241936170388,
            "fitness_balanced": 61.807637510525126,
            "wins": [
                0.6
            ]
        }
    ]
}