{
    "gen": 29,
    "enemies": [
        3
    ],
    "results": [
        {
            "gain": 78,
            "fitness": 91.82619038813074,
            "fitness_balanced": 83.02364909070207,
            "wins": [
                true
            ]
        }
    ]
}