{
    "gen": 29,
    "enemies": [
        1,
        2,
        3,
        4,
        5,
        6,
        7,
        8
    ],
    "results": [
        {
            "gain": -265.39999999999975,
            "fitness": 2.125333226122308,
            "fitness_balanced": -5.7951749128990215,
            "gains": [
                -80.0,
                -10.0,
                78,
                -70.0,
                76.60000000000022,
                -90.0,
                -90.0,
                -80.0
            ],
            "wins": [
                false,
                false,
                true,
                false,
                true,
                false,
                false,
                false
            ]
        },
        {
            "gain": -265.39999999999975,
            "fitness": 2.125333226122308,
            "fitness_balanced": -5.7951749128990215,
            "gains": [
                -80.0,
                -10.0,
                78,
                -70.0,
                76.60000000000022,
                -90.0,
                -90.0,
                -80.0
            ],
            "wins": [
                false,
                false,
                true,
                false,
                true,
                false,
                false,
                false
            ]
        },
        {
            "gain": -265.39999999999975,
            "fitness": 2.125333226122308,
            "fitness_balanced": -5.7951749128990215,
            "gains": [
                -80.0,
                -10.0,
                78,
                -70.0,
                76.60000000000022,
                -90.0,
                -90.0,
                -80.0
            ],
            "wins": [
                false,
                false,
                true,
                false,
                true,
                false,
                false,
                false
            ]
        },
        {
            "gain": -265.39999999999975,
            "fitness": 2.125333226122308,
            "fitness_balanced": -5.7951749128990215,
            "gains": [
                -80.0,
                -10.0,
                78,
                -70.0,
                76.60000000000022,
                -90.0,
                -90.0,
                -80.0
            ],
            "wins": [
                false,
                false,
                true,
                false,
                true,
                false,
                false,
                false
            ]
        },
        {
            "gain": -265.39999999999975,
            "fitness": 2.125333226122308,
            "fitness_balanced": -5.7951749128990215,
            "gains": [
                -80.0,
                -10.0,
                78,
                -70.0,
                76.60000000000022,
                -90.0,
                -90.0,
                -80.0
            ],
            "wins": [
                false,
                false,
                true,
                false,
                true,
                false,
                false,
                false
            ]
        }
    ]
}