{
    "gen": 29,
    "enemies": [
        1,
        2,
        3,
        4,
        5,
        6,
        7,
        8
    ],
    "results": [
        {
            "gain": -329.1999999999998,
            "fitness": -8.901576294642634,
            "fitness_balanced": 3.828299402589085,
            "gains": [
                100,
                -90.0,
                -60.0,
                -80.0,
                80.80000000000018,
                -100,
                -100,
                -80.0
            ],
            "wins": [
                true,
                false,
                false,
                false,
                true,
                false,
                false,
                false
            ]
        },
        {
            "gain": -329.1999999999998,
            "fitness": -8.901576294642634,
            "fitness_balanced": 3.828299402589085,
            "gains": [
                100,
                -90.0,
                -60.0,
                -80.0,
                80.80000000000018,
                -100,
                -100,
                -80.0
            ],
            "wins": [
                true,
                false,
                false,
                false,
                true,
                false,
                false,
                false
            ]
        },
        {
            "gain": -329.1999999999998,
            "fitness": -8.901576294642634,
            "fitness_balanced": 3.828299402589085,
            "gains": [
                100,
                -90.0,
                -60.0,
                -80.0,
                80.80000000000018,
                -100,
                -100,
                -80.0
            ],
            "wins": [
                true,
                false,
                false,
                false,
                true,
                false,
                false,
                false
            ]
        },
        {
            "gain": -329.1999999999998,
            "fitness": -8.901576294642634,
            "fitness_balanced": 3.828299402589085,
            "gains": [
                100,
                -90.0,
                -60.0,
                -80.0,
                80.80000000000018,
                -100,
                -100,
                -80.0
            ],
            "wins": [
                true,
                false,
                false,
                false,
                true,
                false,
                false,
                false
            ]
        },
        {
            "gain": -329.1999999999998,
            "fitness": -8.901576294642634,
            "fitness_balanced": 3.828299402589085,
            "gains": [
                100,
                -90.0,
                -60.0,
                -80.0,
                80.80000000000018,
                -100,
                -100,
                -80.0
            ],
            "wins": [
                true,
                false,
                false,
                false,
                true,
                false,
                false,
                false
            ]
        }
    ]
}