{
    "gen": 29,
    "enemies": [
        6
    ],
    "results": [
        {
            "gain": -1.839999999999867,
            "fitness": 62.31085652897478,
            "fitness_balanced": 33.25594081368865,
            "wins": [
                0.4
            ]
        }
    ]
}