{
    "gen": 29,
    "enemies": [
        6
    ],
    "results": [
        {
            "gain": -36.119999999999955,
            "fitness": 50.19272416519222,
            "fitness_balanced": 14.482547103535293,
            "wins": [
                0.2
            ]
        }
    ]
}