{
    "gen": 29,
    "enemies": [
        1,
        2,
        3,
        4,
        5,
        6,
        7,
        8
    ],
    "results": [
        {
            "gain": -352.39999999999975,
            "fitness": 3.2015982434571164,
            "fitness_balanced": -6.419170127650812,
            "gains": [
                -90.0,
                90,
                -70.0,
                -70.0,
                7.600000000000232,
                -80.0,
                -70.0,
                -70.0
            ],
            "wins": [
                false,
                true,
                false,
                false,
                true,
                false,
                false,
                false
            ]
        },
        {
            "gain": -352.39999999999975,
            "fitness": 3.2015982434571164,
            "fitness_balanced": -6.419170127650812,
            "gains": [
                -90.0,
                90,
                -70.0,
                -70.0,
                7.600000000000232,
                -80.0,
                -70.0,
                -70.0
            ],
            "wins": [
                false,
                true,
                false,
                false,
                true,
                false,
                false,
                false
            ]
        },
        {
            "gain": -352.39999999999975,
            "fitness": 3.2015982434571164,
            "fitness_balanced": -6.419170127650812,
            "gains": [
                -90.0,
                90,
                -70.0,
                -70.0,
                7.600000000000232,
                -80.0,
                -70.0,
                -70.0
            ],
            "wins": [
                false,
                true,
                false,
                false,
                true,
                false,
                false,
                false
            ]
        },
        {
            "gain": -352.39999999999975,
            "fitness": 3.2015982434571164,
            "fitness_balanced": -6.419170127650812,
            "gains": [
                -90.0,
                90,
                -70.0,
                -70.0,
                7.600000000000232,
                -80.0,
                -70.0,
                -70.0
            ],
            "wins": [
                false,
                true,
                false,
                false,
                true,
                false,
                false,
                false
            ]
        },
        {
            "gain": -352.39999999999975,
            "fitness": 3.2015982434571164,
            "fitness_balanced": -6.419170127650812,
            "gains": [
                -90.0,
                90,
                -70.0,
                -70.0,
                7.600000000000232,
                -80.0,
                -70.0,
                -70.0
            ],
            "wins": [
                false,
                true,
                false,
                false,
                true,
                false,
                false,
                false
            ]
        }
    ]
}