{
    "gen": 29,
    "enemies": [
        5
    ],
    "results": [
        {
            "gain": 80.50000000000018,
            "fitness": 92.60025411288397,
            "fitness_balanced": 88.28835394814502,
            "wins": [
                1.0
            ]
        }
    ]
}