{
    "gen": 29,
    "enemies": [
        5
    ],
    "results": [
        {
            "gain": 35.25000000000018,
            "fitness": 55.36921617844952,
            "fitness_balanced": 91.54467888464232,
            "wins": [
                0.5
            ]
        }
    ]
}