{
    "gen": 29,
    "enemies": [
        1,
        2,
        3,
        4,
        5,
        6,
        7,
        8
    ],
    "results": [
        {
            "gain": -277.3999999999995,
            "fitness": 0.5109544404158441,
            "fitness_balanced": 84.16878821817873,
            "gains": [
                -90.0,
                -90.0,
                -50.0,
                -20.0,
                73.00000000000026,
                -80.0,
                -100,
                79.6000000000002
            ],
            "wins": [
                false,
                false,
                false,
                false,
                true,
                false,
                false,
                true
            ]
        },
        {
            "gain": -277.3999999999995,
            "fitness": 0.5109544404158441,
            "fitness_balanced": 84.16878821817873,
            "gains": [
                -90.0,
                -90.0,
                -50.0,
                -20.0,
                73.00000000000026,
                -80.0,
                -100,
                79.6000000000002
            ],
            "wins": [
                false,
                false,
                false,
                false,
                true,
                false,
                false,
                true
            ]
        },
        {
            "gain": -277.3999999999995,
            "fitness": 0.5109544404158441,
            "fitness_balanced": 84.16878821817873,
            "gains": [
                -90.0,
                -90.0,
                -50.0,
                -20.0,
                73.00000000000026,
                -80.0,
                -100,
                79.6000000000002
            ],
            "wins": [
                false,
                false,
                false,
                false,
                true,
                false,
                false,
                true
            ]
        },
        {
            "gain": -277.3999999999995,
            "fitness": 0.5109544404158441,
            "fitness_balanced": 84.16878821817873,
            "gains": [
                -90.0,
                -90.0,
                -50.0,
                -20.0,
                73.00000000000026,
                -80.0,
                -100,
                79.6000000000002
            ],
            "wins": [
                false,
                false,
                false,
                false,
                true,
                false,
                false,
                true
            ]
        },
        {
            "gain": -277.3999999999995,
            "fitness": 0.5109544404158441,
            "fitness_balanced": 84.16878821817873,
            "gains": [
                -90.0,
                -90.0,
                -50.0,
                -20.0,
                73.00000000000026,
                -80.0,
                -100,
                79.6000000000002
            ],
            "wins": [
                false,
                false,
                false,
                false,
                true,
                false,
                false,
                true
            ]
        }
    ]
}