{
    "gen": 29,
    "enemies": [
        8
    ],
    "results": [
        {
            "gain": 43.12000000000029,
            "fitness": 88.67631994298895,
            "fitness_balanced": 71.72772932632869,
            "wins": [
                1.0
            ]
        }
    ]
}