{
    "gen": 29,
    "enemies": [
        1,
        2,
        3,
        4,
        5,
        6,
        7,
        8
    ],
    "results": [
        {
            "gain": -444.79999999999995,
            "fitness": -3.880679090990224,
            "fitness_balanced": -12.662844016314136,
            "gains": [
                -50.0,
                -70.0,
                -80.0,
                -80.0,
                95.20000000000005,
                -90.0,
                -100,
                -70.0
            ],
            "wins": [
                false,
                false,
                false,
                false,
                true,
                false,
                false,
                false
            ]
        },
        {
            "gain": -444.79999999999995,
            "fitness": -3.880679090990224,
            "fitness_balanced": -12.662844016314136,
            "gains": [
                -50.0,
                -70.0,
                -80.0,
                -80.0,
                95.20000000000005,
                -90.0,
                -100,
                -70.0
            ],
            "wins": [
                false,
                false,
                false,
                false,
                true,
                false,
                false,
                false
            ]
        },
        {
            "gain": -444.79999999999995,
            "fitness": -3.880679090990224,
            "fitness_balanced": -12.662844016314136,
            "gains": [
                -50.0,
                -70.0,
                -80.0,
                -80.0,
                95.20000000000005,
                -90.0,
                -100,
                -70.0
            ],
            "wins": [
                false,
                false,
                false,
                false,
                true,
                false,
                false,
                false
            ]
        },
        {
            "gain": -444.79999999999995,
            "fitness": -3.880679090990224,
            "fitness_balanced": -12.662844016314136,
            "gains": [
                -50.0,
                -70.0,
                -80.0,
                -80.0,
                95.20000000000005,
                -90.0,
                -100,
                -70.0
            ],
            "wins": [
                false,
                false,
                false,
                false,
                true,
                false,
                false,
                false
            ]
        },
        {
            "gain": -444.79999999999995,
            "fitness": -3.880679090990224,
            "fitness_balanced": -12.662844016314136,
            "gains": [
                -50.0,
                -70.0,
                -80.0,
                -80.0,
                95.20000000000005,
                -90.0,
                -100,
                -70.0
            ],
            "wins": [
                false,
                false,
                false,
                false,
                true,
                false,
                false,
                false
            ]
        }
    ]
}