{
    "gen": 29,
    "enemies": [
        1,
        2,
        3,
        4,
        5,
        6,
        7,
        8
    ],
    "results": [
        {
            "gain": -165.59999999999943,
            "fitness": 12.301263917418389,
            "fitness_balanced": 81.59788162462306,
            "gains": [
                -50.0,
                28,
                -70.0,
                -90.0,
                61.600000000000335,
                -100,
                -20.0,
                74.80000000000024
            ],
            "wins": [
                false,
                true,
                false,
                false,
                true,
                false,
                false,
                true
            ]
        },
        {
            "gain": -165.59999999999943,
            "fitness": 12.301263917418389,
            "fitness_balanced": 81.59788162462306,
            "gains": [
                -50.0,
                28,
                -70.0,
                -90.0,
                61.600000000000335,
                -100,
                -20.0,
                74.80000000000024
            ],
            "wins": [
                false,
                true,
                false,
                false,
                true,
                false,
                false,
                true
            ]
        },
        {
            "gain": -165.59999999999943,
            "fitness": 12.301263917418389,
            "fitness_balanced": 81.59788162462306,
            "gains": [
                -50.0,
                28,
                -70.0,
                -90.0,
                61.600000000000335,
                -100,
                -20.0,
                74.80000000000024
            ],
            "wins": [
                false,
                true,
                false,
                false,
                true,
                false,
                false,
                true
            ]
        },
        {
            "gain": -165.59999999999943,
            "fitness": 12.301263917418389,
            "fitness_balanced": 81.59788162462306,
            "gains": [
                -50.0,
                28,
                -70.0,
                -90.0,
                61.600000000000335,
                -100,
                -20.0,
                74.80000000000024
            ],
            "wins": [
                false,
                true,
                false,
                false,
                true,
                false,
                false,
                true
            ]
        },
        {
            "gain": -165.59999999999943,
            "fitness": 12.301263917418389,
            "fitness_balanced": 81.59788162462306,
            "gains": [
                -50.0,
                28,
                -70.0,
                -90.0,
                61.600000000000335,
                -100,
                -20.0,
                74.80000000000024
            ],
            "wins": [
                false,
                true,
                false,
                false,
                true,
                false,
                false,
                true
            ]
        }
    ]
}