{
    "gen": 29,
    "enemies": [
        1,
        2,
        3,
        4,
        5,
        6,
        7,
        8
    ],
    "results": [
        {
            "gain": -271.99999999999983,
            "fitness": 5.619814845015888,
            "fitness_balanced": -5.343614742939884,
            "gains": [
                -50.0,
                -70.0,
                76,
                -70.0,
                82.00000000000017,
                -80.0,
                -90.0,
                -70.0
            ],
            "wins": [
                false,
                false,
                true,
                false,
                true,
                false,
                false,
                false
            ]
        },
        {
            "gain": -271.99999999999983,
            "fitness": 5.619814845015888,
            "fitness_balanced": -5.343614742939884,
            "gains": [
                -50.0,
                -70.0,
                76,
                -70.0,
                82.00000000000017,
                -80.0,
                -90.0,
                -70.0
            ],
            "wins": [
                false,
                false,
                true,
                false,
                true,
                false,
                false,
                false
            ]
        },
        {
            "gain": -271.99999999999983,
            "fitness": 5.619814845015888,
            "fitness_balanced": -5.343614742939884,
            "gains": [
                -50.0,
                -70.0,
                76,
                -70.0,
                82.00000000000017,
                -80.0,
                -90.0,
                -70.0
            ],
            "wins": [
                false,
                false,
                true,
                false,
                true,
                false,
                false,
                false
            ]
        },
        {
            "gain": -271.99999999999983,
            "fitness": 5.619814845015888,
            "fitness_balanced": -5.343614742939884,
            "gains": [
                -50.0,
                -70.0,
                76,
                -70.0,
                82.00000000000017,
                -80.0,
                -90.0,
                -70.0
            ],
            "wins": [
                false,
                false,
                true,
                false,
                true,
                false,
                false,
                false
            ]
        },
        {
            "gain": -271.99999999999983,
            "fitness": 5.619814845015888,
            "fitness_balanced": -5.343614742939884,
            "gains": [
                -50.0,
                -70.0,
                76,
                -70.0,
                82.00000000000017,
                -80.0,
                -90.0,
                -70.0
            ],
            "wins": [
                false,
                false,
                true,
                false,
                true,
                false,
                false,
                false
            ]
        }
    ]
}