{
    "gen": 29,
    "enemies": [
        3
    ],
    "results": [
        {
            "gain": -6.0,
            "fitness": 56.217427546246995,
            "fitness_balanced": 75.89075241723563,
            "wins": [
                0.4
            ]
        }
    ]
}