{
    "gen": 29,
    "enemies": [
        1,
        2,
        3,
        4,
        5,
        6,
        7,
        8
    ],
    "results": [
        {
            "gain": -271.59999999999974,
            "fitness": 6.994249522653718,
            "fitness_balanced": 9.31302464366018,
            "gains": [
                -30.0,
                -70.0,
                66,
                -60.0,
                72.40000000000026,
                -90.0,
                -90.0,
                -70.0
            ],
            "wins": [
                false,
                false,
                true,
                false,
                true,
                false,
                false,
                false
            ]
        },
        {
            "gain": -271.59999999999974,
            "fitness": 6.994249522653718,
            "fitness_balanced": 9.31302464366018,
            "gains": [
                -30.0,
                -70.0,
                66,
                -60.0,
                72.40000000000026,
                -90.0,
                -90.0,
                -70.0
            ],
            "wins": [
                false,
                false,
                true,
                false,
                true,
                false,
                false,
                false
            ]
        },
        {
            "gain": -271.59999999999974,
            "fitness": 6.994249522653718,
            "fitness_balanced": 9.31302464366018,
            "gains": [
                -30.0,
                -70.0,
                66,
                -60.0,
                72.40000000000026,
                -90.0,
                -90.0,
                -70.0
            ],
            "wins": [
                false,
                false,
                true,
                false,
                true,
                false,
                false,
                false
            ]
        },
        {
            "gain": -271.59999999999974,
            "fitness": 6.994249522653718,
            "fitness_balanced": 9.31302464366018,
            "gains": [
                -30.0,
                -70.0,
                66,
                -60.0,
                72.40000000000026,
                -90.0,
                -90.0,
                -70.0
            ],
            "wins": [
                false,
                false,
                true,
                false,
                true,
                false,
                false,
                false
            ]
        },
        {
            "gain": -271.59999999999974,
            "fitness": 6.994249522653718,
            "fitness_balanced": 9.31302464366018,
            "gains": [
                -30.0,
                -70.0,
                66,
                -60.0,
                72.40000000000026,
                -90.0,
                -90.0,
                -70.0
            ],
            "wins": [
                false,
                false,
                true,
                false,
                true,
                false,
                false,
                false
            ]
        }
    ]
}