{
    "gen": 29,
    "enemies": [
        3
    ],
    "results": [
        {
            "gain": -4.4,
            "fitness": 61.25357429619489,
            "fitness_balanced": 70.04416263053517,
            "wins": [
                0.4
            ]
        }
    ]
}