{
    "gen": 29,
    "enemies": [
        5
    ],
    "results": [
        {
            "gain": 50.400000000000134,
            "fitness": 75.41426839779889,
            "fitness_balanced": 91.56420156294976,
            "wins": [
                0.75
            ]
        }
    ]
}