{
    "gen": 29,
    "enemies": [
        1,
        2,
        3,
        4,
        5,
        6,
        7,
        8
    ],
    "results": [
        {
            "gain": -257.1999999999997,
            "fitness": 13.393201540398405,
            "fitness_balanced": 4.672123831210419,
            "gains": [
                -70.0,
                -50.0,
                46,
                -70.0,
                56.800000000000324,
                -80.0,
                -10.0,
                -80.0
            ],
            "wins": [
                false,
                false,
                true,
                false,
                true,
                false,
                false,
                false
            ]
        },
        {
            "gain": -257.1999999999997,
            "fitness": 13.393201540398405,
            "fitness_balanced": 4.672123831210419,
            "gains": [
                -70.0,
                -50.0,
                46,
                -70.0,
                56.800000000000324,
                -80.0,
                -10.0,
                -80.0
            ],
            "wins": [
                false,
                false,
                true,
                false,
                true,
                false,
                false,
                false
            ]
        },
        {
            "gain": -257.1999999999997,
            "fitness": 13.393201540398405,
            "fitness_balanced": 4.672123831210419,
            "gains": [
                -70.0,
                -50.0,
                46,
                -70.0,
                56.800000000000324,
                -80.0,
                -10.0,
                -80.0
            ],
            "wins": [
                false,
                false,
                true,
                false,
                true,
                false,
                false,
                false
            ]
        },
        {
            "gain": -257.1999999999997,
            "fitness": 13.393201540398405,
            "fitness_balanced": 4.672123831210419,
            "gains": [
                -70.0,
                -50.0,
                46,
                -70.0,
                56.800000000000324,
                -80.0,
                -10.0,
                -80.0
            ],
            "wins": [
                false,
                false,
                true,
                false,
                true,
                false,
                false,
                false
            ]
        },
        {
            "gain": -257.1999999999997,
            "fitness": 13.393201540398405,
            "fitness_balanced": 4.672123831210419,
            "gains": [
                -70.0,
                -50.0,
                46,
                -70.0,
                56.800000000000324,
                -80.0,
                -10.0,
                -80.0
            ],
            "wins": [
                false,
                false,
                true,
                false,
                true,
                false,
                false,
                false
            ]
        }
    ]
}