{
    "gen": 29,
    "enemies": [
        1,
        2,
        3,
        4,
        5,
        6,
        7,
        8
    ],
    "results": [
        {
            "gain": -275.1999999999999,
            "fitness": -1.084914291337114,
            "fitness_balanced": -10.275768580520776,
            "gains": [
                98,
                -80.0,
                -70.0,
                -80.0,
                86.80000000000013,
                -100,
                -80.0,
                -50.0
            ],
            "wins": [
                true,
                false,
                false,
                false,
                true,
                false,
                false,
                false
            ]
        },
        {
            "gain": -275.1999999999999,
            "fitness": -1.084914291337114,
            "fitness_balanced": -10.275768580520776,
            "gains": [
                98,
                -80.0,
                -70.0,
                -80.0,
                86.80000000000013,
                -100,
                -80.0,
                -50.0
            ],
            "wins": [
                true,
                false,
                false,
                false,
                true,
                false,
                false,
                false
            ]
        },
        {
            "gain": -275.1999999999999,
            "fitness": -1.084914291337114,
            "fitness_balanced": -10.275768580520776,
            "gains": [
                98,
                -80.0,
                -70.0,
                -80.0,
                86.80000000000013,
                -100,
                -80.0,
                -50.0
            ],
            "wins": [
                true,
                false,
                false,
                false,
                true,
                false,
                false,
                false
            ]
        },
        {
            "gain": -275.1999999999999,
            "fitness": -1.084914291337114,
            "fitness_balanced": -10.275768580520776,
            "gains": [
                98,
                -80.0,
                -70.0,
                -80.0,
                86.80000000000013,
                -100,
                -80.0,
                -50.0
            ],
            "wins": [
                true,
                false,
                false,
                false,
                true,
                false,
                false,
                false
            ]
        },
        {
            "gain": -275.1999999999999,
            "fitness": -1.084914291337114,
            "fitness_balanced": -10.275768580520776,
            "gains": [
                98,
                -80.0,
                -70.0,
                -80.0,
                86.80000000000013,
                -100,
                -80.0,
                -50.0
            ],
            "wins": [
                true,
                false,
                false,
                false,
                true,
                false,
                false,
                false
            ]
        }
    ]
}