{
    "gen": 29,
    "enemies": [
        1,
        2,
        3,
        4,
        5,
        6,
        7,
        8
    ],
    "results": [
        {
            "gain": -495.5999999999997,
            "fitness": -10.295504785504722,
            "fitness_balanced": -5.537334267018537,
            "gains": [
                -100,
                -20.0,
                -80.0,
                -100,
                -70.0,
                -80.0,
                54.40000000000032,
                -100
            ],
            "wins": [
                false,
                false,
                false,
                false,
                false,
                false,
                true,
                false
            ]
        },
        {
            "gain": -495.5999999999997,
            "fitness": -10.295504785504722,
            "fitness_balanced": -5.537334267018537,
            "gains": [
                -100,
                -20.0,
                -80.0,
                -100,
                -70.0,
                -80.0,
                54.40000000000032,
                -100
            ],
            "wins": [
                false,
                false,
                false,
                false,
                false,
                false,
                true,
                false
            ]
        },
        {
            "gain": -495.5999999999997,
            "fitness": -10.295504785504722,
            "fitness_balanced": -5.537334267018537,
            "gains": [
                -100,
                -20.0,
                -80.0,
                -100,
                -70.0,
                -80.0,
                54.40000000000032,
                -100
            ],
            "wins": [
                false,
                false,
                false,
                false,
                false,
                false,
                true,
                false
            ]
        },
        {
            "gain": -495.5999999999997,
            "fitness": -10.295504785504722,
            "fitness_balanced": -5.537334267018537,
            "gains": [
                -100,
                -20.0,
                -80.0,
                -100,
                -70.0,
                -80.0,
                54.40000000000032,
                -100
            ],
            "wins": [
                false,
                false,
                false,
                false,
                false,
                false,
                true,
                false
            ]
        },
        {
            "gain": -495.5999999999997,
            "fitness": -10.295504785504722,
            "fitness_balanced": -5.537334267018537,
            "gains": [
                -100,
                -20.0,
                -80.0,
                -100,
                -70.0,
                -80.0,
                54.40000000000032,
                -100
            ],
            "wins": [
                false,
                false,
                false,
                false,
                false,
                false,
                true,
                false
            ]
        }
    ]
}