{
    "gen": 29,
    "enemies": [
        8
    ],
    "results": [
        {
            "gain": 76.00000000000023,
            "fitness": 92.0587364548416,
            "fitness_balanced": 82.45482255552055,
            "wins": [
                true
            ]
        }
    ]
}