{
    "gen": 29,
    "enemies": [
        1,
        2,
        3,
        4,
        5,
        6,
        7,
        8
    ],
    "results": [
        {
            "gain": -363.9999999999998,
            "fitness": 3.7337933329652913,
            "fitness_balanced": 82.45482255552055,
            "gains": [
                -80.0,
                -10.0,
                -70.0,
                -90.0,
                -70.0,
                -90.0,
                -30.0,
                76.00000000000023
            ],
            "wins": [
                false,
                false,
                false,
                false,
                false,
                false,
                false,
                true
            ]
        },
        {
            "gain": -363.9999999999998,
            "fitness": 3.7337933329652913,
            "fitness_balanced": 82.45482255552055,
            "gains": [
                -80.0,
                -10.0,
                -70.0,
                -90.0,
                -70.0,
                -90.0,
                -30.0,
                76.00000000000023
            ],
            "wins": [
                false,
                false,
                false,
                false,
                false,
                false,
                false,
                true
            ]
        },
        {
            "gain": -363.9999999999998,
            "fitness": 3.7337933329652913,
            "fitness_balanced": 82.45482255552055,
            "gains": [
                -80.0,
                -10.0,
                -70.0,
                -90.0,
                -70.0,
                -90.0,
                -30.0,
                76.00000000000023
            ],
            "wins": [
                false,
                false,
                false,
                false,
                false,
                false,
                false,
                true
            ]
        },
        {
            "gain": -363.9999999999998,
            "fitness": 3.7337933329652913,
            "fitness_balanced": 82.45482255552055,
            "gains": [
                -80.0,
                -10.0,
                -70.0,
                -90.0,
                -70.0,
                -90.0,
                -30.0,
                76.00000000000023
            ],
            "wins": [
                false,
                false,
                false,
                false,
                false,
                false,
                false,
                true
            ]
        },
        {
            "gain": -363.9999999999998,
            "fitness": 3.7337933329652913,
            "fitness_balanced": 82.45482255552055,
            "gains": [
                -80.0,
                -10.0,
                -70.0,
                -90.0,
                -70.0,
                -90.0,
                -30.0,
                76.00000000000023
            ],
            "wins": [
                false,
                false,
                false,
                false,
                false,
                false,
                false,
                true
            ]
        }
    ]
}