{
    "gen": 29,
    "enemies": [
        1
    ],
    "results": [
        {
            "gain": -32.5,
            "fitness": 55.352291670896875,
            "fitness_balanced": 29.197881624622937,
            "wins": [
                0.0
            ]
        }
    ]
}