{
    "gen": 299,
    "enemies": [
        1,
        2,
        3,
        4,
        5,
        6,
        7,
        8
    ],
    "results": [
        {
            "gain": -133.19999999999902,
            "fitness": 24.13960404917021,
            "fitness_balanced": 59.08288884003693,
            "gains": [
                -100,
                16,
                -60.0,
                -70.0,
                29.20000000000026,
                2.200000000000234,
                19.600000000000236,
                29.80000000000026
            ],
            "wins": [
                false,
                true,
                false,
                false,
                true,
                true,
                true,
                true
            ]
        },
        {
            "gain": -133.19999999999902,
            "fitness": 24.13960404917021,
            "fitness_balanced": 59.08288884003693,
            "gains": [
                -100,
                16,
                -60.0,
                -70.0,
                29.20000000000026,
                2.200000000000234,
                19.600000000000236,
                29.80000000000026
            ],
            "wins": [
                false,
                true,
                false,
                false,
                true,
                true,
                true,
                true
            ]
        },
        {
            "gain": -133.19999999999902,
            "fitness": 24.13960404917021,
            "fitness_balanced": 59.08288884003693,
            "gains": [
                -100,
                16,
                -60.0,
                -70.0,
                29.20000000000026,
                2.200000000000234,
                19.600000000000236,
                29.80000000000026
            ],
            "wins": [
                false,
                true,
                false,
                false,
                true,
                true,
                true,
                true
            ]
        },
        {
            "gain": -133.19999999999902,
            "fitness": 24.13960404917021,
            "fitness_balanced": 59.08288884003693,
            "gains": [
                -100,
                16,
                -60.0,
                -70.0,
                29.20000000000026,
                2.200000000000234,
                19.600000000000236,
                29.80000000000026
            ],
            "wins": [
                false,
                true,
                false,
                false,
                true,
                true,
                true,
                true
            ]
        },
        {
            "gain": -133.19999999999902,
            "fitness": 24.13960404917021,
            "fitness_balanced": 59.08288884003693,
            "gains": [
                -100,
                16,
                -60.0,
                -70.0,
                29.20000000000026,
                2.200000000000234,
                19.600000000000236,
                29.80000000000026
            ],
            "wins": [
                false,
                true,
                false,
                false,
                true,
                true,
                true,
                true
            ]
        }
    ]
}