{
    "gen": 29,
    "enemies": [
        4
    ],
    "results": [
        {
            "gain": 61.600000000000335,
            "fitness": 89.78497518017194,
            "fitness_balanced": 74.42327305210154,
            "wins": [
                true
            ]
        }
    ]
}