{
    "gen": 29,
    "enemies": [
        4
    ],
    "results": [
        {
            "gain": 39.28000000000026,
            "fitness": 87.14096921277891,
            "fitness_balanced": 58.66374072272306,
            "wins": [
                1.0
            ]
        }
    ]
}