{
    "gen": 29,
    "enemies": [
        1,
        2,
        3,
        4,
        5,
        6,
        7,
        8
    ],
    "results": [
        {
            "gain": -172.59999999999928,
            "fitness": 13.767450662048027,
            "fitness_balanced": 52.34180219718785,
            "gains": [
                -70.0,
                -70.0,
                -60.0,
                74.20000000000024,
                75.40000000000023,
                -40.0,
                -100,
                17.80000000000023
            ],
            "wins": [
                false,
                false,
                false,
                true,
                true,
                false,
                false,
                true
            ]
        },
        {
            "gain": -172.59999999999928,
            "fitness": 13.767450662048027,
            "fitness_balanced": 52.34180219718785,
            "gains": [
                -70.0,
                -70.0,
                -60.0,
                74.20000000000024,
                75.40000000000023,
                -40.0,
                -100,
                17.80000000000023
            ],
            "wins": [
                false,
                false,
                false,
                true,
                true,
                false,
                false,
                true
            ]
        },
        {
            "gain": -172.59999999999928,
            "fitness": 13.767450662048027,
            "fitness_balanced": 52.34180219718785,
            "gains": [
                -70.0,
                -70.0,
                -60.0,
                74.20000000000024,
                75.40000000000023,
                -40.0,
                -100,
                17.80000000000023
            ],
            "wins": [
                false,
                false,
                false,
                true,
                true,
                false,
                false,
                true
            ]
        },
        {
            "gain": -172.59999999999928,
            "fitness": 13.767450662048027,
            "fitness_balanced": 52.34180219718785,
            "gains": [
                -70.0,
                -70.0,
                -60.0,
                74.20000000000024,
                75.40000000000023,
                -40.0,
                -100,
                17.80000000000023
            ],
            "wins": [
                false,
                false,
                false,
                true,
                true,
                false,
                false,
                true
            ]
        },
        {
            "gain": -172.59999999999928,
            "fitness": 13.767450662048027,
            "fitness_balanced": 52.34180219718785,
            "gains": [
                -70.0,
                -70.0,
                -60.0,
                74.20000000000024,
                75.40000000000023,
                -40.0,
                -100,
                17.80000000000023
            ],
            "wins": [
                false,
                false,
                false,
                true,
                true,
                false,
                false,
                true
            ]
        }
    ]
}