{
    "gen": 29,
    "enemies": [
        6
    ],
    "results": [
        {
            "gain": -10.0,
            "fitness": 75.3062678611973,
            "fitness_balanced": 39.3029065134946,
            "wins": [
                false
            ]
        }
    ]
}