{
    "gen": 29,
    "enemies": [
        6
    ],
    "results": [
        {
            "gain": 24.880000000000223,
            "fitness": 82.67980991123905,
            "fitness_balanced": 68.11289139213363,
            "wins": [
                0.8
            ]
        }
    ]
}