{
    "gen": 29,
    "enemies": [
        1,
        2,
        3,
        4,
        5,
        6,
        7,
        8
    ],
    "results": [
        {
            "gain": -353.5999999999992,
            "fitness": -1.1183618069209373,
            "fitness_balanced": 46.82926227199763,
            "gains": [
                -100,
                -10.0,
                -90.0,
                -80.0,
                -43.599999999999724,
                44.200000000000294,
                -80.0,
                5.800000000000233
            ],
            "wins": [
                false,
                false,
                false,
                false,
                false,
                true,
                false,
                true
            ]
        },
        {
            "gain": -353.5999999999992,
            "fitness": -1.1183618069209373,
            "fitness_balanced": 46.82926227199763,
            "gains": [
                -100,
                -10.0,
                -90.0,
                -80.0,
                -43.599999999999724,
                44.200000000000294,
                -80.0,
                5.800000000000233
            ],
            "wins": [
                false,
                false,
                false,
                false,
                false,
                true,
                false,
                true
            ]
        },
        {
            "gain": -353.5999999999992,
            "fitness": -1.1183618069209373,
            "fitness_balanced": 46.82926227199763,
            "gains": [
                -100,
                -10.0,
                -90.0,
                -80.0,
                -43.599999999999724,
                44.200000000000294,
                -80.0,
                5.800000000000233
            ],
            "wins": [
                false,
                false,
                false,
                false,
                false,
                true,
                false,
                true
            ]
        },
        {
            "gain": -353.5999999999992,
            "fitness": -1.1183618069209373,
            "fitness_balanced": 46.82926227199763,
            "gains": [
                -100,
                -10.0,
                -90.0,
                -80.0,
                -43.599999999999724,
                44.200000000000294,
                -80.0,
                5.800000000000233
            ],
            "wins": [
                false,
                false,
                false,
                false,
                false,
                true,
                false,
                true
            ]
        },
        {
            "gain": -353.5999999999992,
            "fitness": -1.1183618069209373,
            "fitness_balanced": 46.82926227199763,
            "gains": [
                -100,
                -10.0,
                -90.0,
                -80.0,
                -43.599999999999724,
                44.200000000000294,
                -80.0,
                5.800000000000233
            ],
            "wins": [
                false,
                false,
                false,
                false,
                false,
                true,
                false,
                true
            ]
        }
    ]
}