{
    "gen": 29,
    "enemies": [
        6
    ],
    "results": [
        {
            "gain": 25.00000000000025,
            "fitness": 86.83357331188759,
            "fitness_balanced": 56.83011907701961,
            "wins": [
                true
            ]
        }
    ]
}