{
    "gen": 29,
    "enemies": [
        1,
        2,
        3,
        4,
        5,
        6,
        7,
        8
    ],
    "results": [
        {
            "gain": -360.7999999999997,
            "fitness": 0.3413608289896928,
            "fitness_balanced": 18.73469878726229,
            "gains": [
                -90.0,
                -80.0,
                -70.0,
                2.8000000000002343,
                96.40000000000003,
                -70.0,
                -100,
                -50.0
            ],
            "wins": [
                false,
                false,
                false,
                true,
                true,
                false,
                false,
                false
            ]
        },
        {
            "gain": -360.7999999999997,
            "fitness": 0.3413608289896928,
            "fitness_balanced": 18.73469878726229,
            "gains": [
                -90.0,
                -80.0,
                -70.0,
                2.8000000000002343,
                96.40000000000003,
                -70.0,
                -100,
                -50.0
            ],
            "wins": [
                false,
                false,
                false,
                true,
                true,
                false,
                false,
                false
            ]
        },
        {
            "gain": -360.7999999999997,
            "fitness": 0.3413608289896928,
            "fitness_balanced": 18.73469878726229,
            "gains": [
                -90.0,
                -80.0,
                -70.0,
                2.8000000000002343,
                96.40000000000003,
                -70.0,
                -100,
                -50.0
            ],
            "wins": [
                false,
                false,
                false,
                true,
                true,
                false,
                false,
                false
            ]
        },
        {
            "gain": -360.7999999999997,
            "fitness": 0.3413608289896928,
            "fitness_balanced": 18.73469878726229,
            "gains": [
                -90.0,
                -80.0,
                -70.0,
                2.8000000000002343,
                96.40000000000003,
                -70.0,
                -100,
                -50.0
            ],
            "wins": [
                false,
                false,
                false,
                true,
                true,
                false,
                false,
                false
            ]
        },
        {
            "gain": -360.7999999999997,
            "fitness": 0.3413608289896928,
            "fitness_balanced": 18.73469878726229,
            "gains": [
                -90.0,
                -80.0,
                -70.0,
                2.8000000000002343,
                96.40000000000003,
                -70.0,
                -100,
                -50.0
            ],
            "wins": [
                false,
                false,
                false,
                true,
                true,
                false,
                false,
                false
            ]
        }
    ]
}