{
    "gen": 29,
    "enemies": [
        1,
        2,
        3,
        4,
        5,
        6,
        7,
        8
    ],
    "results": [
        {
            "gain": -523.5999999999997,
            "fitness": -10.29498391475741,
            "fitness_balanced": 77.60528862039833,
            "gains": [
                -100,
                -80.0,
                -90.0,
                -60.0,
                -90.0,
                -70.0,
                -100,
                66.40000000000032
            ],
            "wins": [
                false,
                false,
                false,
                false,
                false,
                false,
                false,
                true
            ]
        },
        {
            "gain": -523.5999999999997,
            "fitness": -10.29498391475741,
            "fitness_balanced": 77.60528862039833,
            "gains": [
                -100,
                -80.0,
                -90.0,
                -60.0,
                -90.0,
                -70.0,
                -100,
                66.40000000000032
            ],
            "wins": [
                false,
                false,
                false,
                false,
                false,
                false,
                false,
                true
            ]
        },
        {
            "gain": -523.5999999999997,
            "fitness": -10.29498391475741,
            "fitness_balanced": 77.60528862039833,
            "gains": [
                -100,
                -80.0,
                -90.0,
                -60.0,
                -90.0,
                -70.0,
                -100,
                66.40000000000032
            ],
            "wins": [
                false,
                false,
                false,
                false,
                false,
                false,
                false,
                true
            ]
        },
        {
            "gain": -523.5999999999997,
            "fitness": -10.29498391475741,
            "fitness_balanced": 77.60528862039833,
            "gains": [
                -100,
                -80.0,
                -90.0,
                -60.0,
                -90.0,
                -70.0,
                -100,
                66.40000000000032
            ],
            "wins": [
                false,
                false,
                false,
                false,
                false,
                false,
                false,
                true
            ]
        },
        {
            "gain": -523.5999999999997,
            "fitness": -10.29498391475741,
            "fitness_balanced": 77.60528862039833,
            "gains": [
                -100,
                -80.0,
                -90.0,
                -60.0,
                -90.0,
                -70.0,
                -100,
                66.40000000000032
            ],
            "wins": [
                false,
                false,
                false,
                false,
                false,
                false,
                false,
                true
            ]
        }
    ]
}