{
    "gen": 29,
    "enemies": [
        1,
        2,
        3,
        4,
        5,
        6,
        7,
        8
    ],
    "results": [
        {
            "gain": -426.1999999999997,
            "fitness": 5.634202050641697,
            "fitness_balanced": 14.454822555520437,
            "gains": [
                -100,
                -50.0,
                -80.0,
                -70.0,
                -60.0,
                53.80000000000032,
                -60.0,
                -60.0
            ],
            "wins": [
                false,
                false,
                false,
                false,
                false,
                true,
                false,
                false
            ]
        },
        {
            "gain": -426.1999999999997,
            "fitness": 5.634202050641697,
            "fitness_balanced": 14.454822555520437,
            "gains": [
                -100,
                -50.0,
                -80.0,
                -70.0,
                -60.0,
                53.80000000000032,
                -60.0,
                -60.0
            ],
            "wins": [
                false,
                false,
                false,
                false,
                false,
                true,
                false,
                false
            ]
        },
        {
            "gain": -426.1999999999997,
            "fitness": 5.634202050641697,
            "fitness_balanced": 14.454822555520437,
            "gains": [
                -100,
                -50.0,
                -80.0,
                -70.0,
                -60.0,
                53.80000000000032,
                -60.0,
                -60.0
            ],
            "wins": [
                false,
                false,
                false,
                false,
                false,
                true,
                false,
                false
            ]
        },
        {
            "gain": -426.1999999999997,
            "fitness": 5.634202050641697,
            "fitness_balanced": 14.454822555520437,
            "gains": [
                -100,
                -50.0,
                -80.0,
                -70.0,
                -60.0,
                53.80000000000032,
                -60.0,
                -60.0
            ],
            "wins": [
                false,
                false,
                false,
                false,
                false,
                true,
                false,
                false
            ]
        },
        {
            "gain": -426.1999999999997,
            "fitness": 5.634202050641697,
            "fitness_balanced": 14.454822555520437,
            "gains": [
                -100,
                -50.0,
                -80.0,
                -70.0,
                -60.0,
                53.80000000000032,
                -60.0,
                -60.0
            ],
            "wins": [
                false,
                false,
                false,
                false,
                false,
                true,
                false,
                false
            ]
        }
    ]
}