{
    "gen": 29,
    "enemies": [
        6
    ],
    "results": [
        {
            "gain": 53.80000000000032,
            "fitness": 88.70165788534571,
            "fitness_balanced": 70.22040081415578,
            "wins": [
                true
            ]
        }
    ]
}