{
    "gen": 29,
    "enemies": [
        1,
        2,
        3,
        4,
        5,
        6,
        7,
        8
    ],
    "results": [
        {
            "gain": -397.19999999999993,
            "fitness": -2.5132138027619852,
            "fitness_balanced": 9.044162630535169,
            "gains": [
                -60.0,
                -70.0,
                -10.0,
                -90.0,
                92.80000000000007,
                -90.0,
                -100,
                -70.0
            ],
            "wins": [
                false,
                false,
                false,
                false,
                true,
                false,
                false,
                false
            ]
        },
        {
            "gain": -397.19999999999993,
            "fitness": -2.5132138027619852,
            "fitness_balanced": 9.044162630535169,
            "gains": [
                -60.0,
                -70.0,
                -10.0,
                -90.0,
                92.80000000000007,
                -90.0,
                -100,
                -70.0
            ],
            "wins": [
                false,
                false,
                false,
                false,
                true,
                false,
                false,
                false
            ]
        },
        {
            "gain": -397.19999999999993,
            "fitness": -2.5132138027619852,
            "fitness_balanced": 9.044162630535169,
            "gains": [
                -60.0,
                -70.0,
                -10.0,
                -90.0,
                92.80000000000007,
                -90.0,
                -100,
                -70.0
            ],
            "wins": [
                false,
                false,
                false,
                false,
                true,
                false,
                false,
                false
            ]
        },
        {
            "gain": -397.19999999999993,
            "fitness": -2.5132138027619852,
            "fitness_balanced": 9.044162630535169,
            "gains": [
                -60.0,
                -70.0,
                -10.0,
                -90.0,
                92.80000000000007,
                -90.0,
                -100,
                -70.0
            ],
            "wins": [
                false,
                false,
                false,
                false,
                true,
                false,
                false,
                false
            ]
        },
        {
            "gain": -397.19999999999993,
            "fitness": -2.5132138027619852,
            "fitness_balanced": 9.044162630535169,
            "gains": [
                -60.0,
                -70.0,
                -10.0,
                -90.0,
                92.80000000000007,
                -90.0,
                -100,
                -70.0
            ],
            "wins": [
                false,
                false,
                false,
                false,
                true,
                false,
                false,
                false
            ]
        }
    ]
}