{
    "gen": 29,
    "enemies": [
        1,
        2,
        3,
        4,
        5,
        6,
        7,
        8
    ],
    "results": [
        {
            "gain": -372.1999999999998,
            "fitness": -4.3216918188337345,
            "fitness_balanced": -9.570049646147304,
            "gains": [
                -70.0,
                -90.0,
                -80.0,
                89.8000000000001,
                18.000000000000114,
                -100,
                -90.0,
                -50.0
            ],
            "wins": [
                false,
                false,
                false,
                true,
                false,
                false,
                false,
                false
            ]
        },
        {
            "gain": -372.1999999999998,
            "fitness": -4.3216918188337345,
            "fitness_balanced": -9.570049646147304,
            "gains": [
                -70.0,
                -90.0,
                -80.0,
                89.8000000000001,
                18.000000000000114,
                -100,
                -90.0,
                -50.0
            ],
            "wins": [
                false,
                false,
                false,
                true,
                false,
                false,
                false,
                false
            ]
        },
        {
            "gain": -372.1999999999998,
            "fitness": -4.3216918188337345,
            "fitness_balanced": -9.570049646147304,
            "gains": [
                -70.0,
                -90.0,
                -80.0,
                89.8000000000001,
                18.000000000000114,
                -100,
                -90.0,
                -50.0
            ],
            "wins": [
                false,
                false,
                false,
                true,
                false,
                false,
                false,
                false
            ]
        },
        {
            "gain": -372.1999999999998,
            "fitness": -4.3216918188337345,
            "fitness_balanced": -9.570049646147304,
            "gains": [
                -70.0,
                -90.0,
                -80.0,
                89.8000000000001,
                18.000000000000114,
                -100,
                -90.0,
                -50.0
            ],
            "wins": [
                false,
                false,
                false,
                true,
                false,
                false,
                false,
                false
            ]
        },
        {
            "gain": -372.1999999999998,
            "fitness": -4.3216918188337345,
            "fitness_balanced": -9.570049646147304,
            "gains": [
                -70.0,
                -90.0,
                -80.0,
                89.8000000000001,
                18.000000000000114,
                -100,
                -90.0,
                -50.0
            ],
            "wins": [
                false,
                false,
                false,
                true,
                false,
                false,
                false,
                false
            ]
        }
    ]
}