{
    "gen": 29,
    "enemies": [
        5
    ],
    "results": [
        {
            "gain": 73.50000000000023,
            "fitness": 89.07009412743406,
            "fitness_balanced": 84.05621026685242,
            "wins": [
                0.75
            ]
        }
    ]
}