{
    "gen": 29,
    "enemies": [
        1,
        2,
        3,
        4,
        5,
        6,
        7,
        8
    ],
    "results": [
        {
            "gain": -557.1999999999999,
            "fitness": -21.023393748781906,
            "fitness_balanced": -21.665499140760435,
            "gains": [
                -100,
                -100,
                -50.0,
                -100,
                92.80000000000007,
                -100,
                -100,
                -100
            ],
            "wins": [
                false,
                false,
                false,
                false,
                true,
                false,
                false,
                false
            ]
        },
        {
            "gain": -557.1999999999999,
            "fitness": -21.023393748781906,
            "fitness_balanced": -21.665499140760435,
            "gains": [
                -100,
                -100,
                -50.0,
                -100,
                92.80000000000007,
                -100,
                -100,
                -100
            ],
            "wins": [
                false,
                false,
                false,
                false,
                true,
                false,
                false,
                false
            ]
        },
        {
            "gain": -557.1999999999999,
            "fitness": -21.023393748781906,
            "fitness_balanced": -21.665499140760435,
            "gains": [
                -100,
                -100,
                -50.0,
                -100,
                92.80000000000007,
                -100,
                -100,
                -100
            ],
            "wins": [
                false,
                false,
                false,
                false,
                true,
                false,
                false,
                false
            ]
        },
        {
            "gain": -557.1999999999999,
            "fitness": -21.023393748781906,
            "fitness_balanced": -21.665499140760435,
            "gains": [
                -100,
                -100,
                -50.0,
                -100,
                92.80000000000007,
                -100,
                -100,
                -100
            ],
            "wins": [
                false,
                false,
                false,
                false,
                true,
                false,
                false,
                false
            ]
        },
        {
            "gain": -557.1999999999999,
            "fitness": -21.023393748781906,
            "fitness_balanced": -21.665499140760435,
            "gains": [
                -100,
                -100,
                -50.0,
                -100,
                92.80000000000007,
                -100,
                -100,
                -100
            ],
            "wins": [
                false,
                false,
                false,
                false,
                true,
                false,
                false,
                false
            ]
        }
    ]
}