{
    "gen": 29,
    "enemies": [
        4
    ],
    "results": [
        {
            "gain": -6.359999999999838,
            "fitness": 63.548050271633045,
            "fitness_balanced": 44.87345477644352,
            "wins": [
                0.6
            ]
        }
    ]
}