{
    "gen": 29,
    "enemies": [
        6
    ],
    "results": [
        {
            "gain": 62.560000000000244,
            "fitness": 90.32354653195786,
            "fitness_balanced": 51.7633084024088,
            "wins": [
                1.0
            ]
        }
    ]
}