{
    "gen": 29,
    "enemies": [
        3
    ],
    "results": [
        {
            "gain": 62,
            "fitness": 90.22111423509888,
            "fitness_balanced": 75.01858578874553,
            "wins": [
                true
            ]
        }
    ]
}