{
    "gen": 29,
    "enemies": [
        1,
        2,
        3,
        4,
        5,
        6,
        7,
        8
    ],
    "results": [
        {
            "gain": -299.7999999999995,
            "fitness": -0.5248148438585574,
            "fitness_balanced": -5.923319648846743,
            "gains": [
                -90.0,
                84,
                -70.0,
                -90.0,
                16.000000000000227,
                -100,
                -70.0,
                20.200000000000237
            ],
            "wins": [
                false,
                true,
                false,
                false,
                true,
                false,
                false,
                true
            ]
        },
        {
            "gain": -299.7999999999995,
            "fitness": -0.5248148438585574,
            "fitness_balanced": -5.923319648846743,
            "gains": [
                -90.0,
                84,
                -70.0,
                -90.0,
                16.000000000000227,
                -100,
                -70.0,
                20.200000000000237
            ],
            "wins": [
                false,
                true,
                false,
                false,
                true,
                false,
                false,
                true
            ]
        },
        {
            "gain": -299.7999999999995,
            "fitness": -0.5248148438585574,
            "fitness_balanced": -5.923319648846743,
            "gains": [
                -90.0,
                84,
                -70.0,
                -90.0,
                16.000000000000227,
                -100,
                -70.0,
                20.200000000000237
            ],
            "wins": [
                false,
                true,
                false,
                false,
                true,
                false,
                false,
                true
            ]
        },
        {
            "gain": -299.7999999999995,
            "fitness": -0.5248148438585574,
            "fitness_balanced": -5.923319648846743,
            "gains": [
                -90.0,
                84,
                -70.0,
                -90.0,
                16.000000000000227,
                -100,
                -70.0,
                20.200000000000237
            ],
            "wins": [
                false,
                true,
                false,
                false,
                true,
                false,
                false,
                true
            ]
        },
        {
            "gain": -299.7999999999995,
            "fitness": -0.5248148438585574,
            "fitness_balanced": -5.923319648846743,
            "gains": [
                -90.0,
                84,
                -70.0,
                -90.0,
                16.000000000000227,
                -100,
                -70.0,
                20.200000000000237
            ],
            "wins": [
                false,
                true,
                false,
                false,
                true,
                false,
                false,
                true
            ]
        }
    ]
}