{
    "gen": 29,
    "enemies": [
        1,
        2,
        3,
        4,
        5,
        6,
        7,
        8
    ],
    "results": [
        {
            "gain": -158.99999999999963,
            "fitness": -0.9688387561661926,
            "fitness_balanced": -7.062729233277935,
            "gains": [
                100,
                -90.0,
                -90.0,
                -80.0,
                94.60000000000005,
                -60.0,
                -100,
                66.40000000000032
            ],
            "wins": [
                true,
                false,
                false,
                false,
                true,
                false,
                false,
                true
            ]
        },
        {
            "gain": -158.99999999999963,
            "fitness": -0.9688387561661926,
            "fitness_balanced": -7.062729233277935,
            "gains": [
                100,
                -90.0,
                -90.0,
                -80.0,
                94.60000000000005,
                -60.0,
                -100,
                66.40000000000032
            ],
            "wins": [
                true,
                false,
                false,
                false,
                true,
                false,
                false,
                true
            ]
        },
        {
            "gain": -158.99999999999963,
            "fitness": -0.9688387561661926,
            "fitness_balanced": -7.062729233277935,
            "gains": [
                100,
                -90.0,
                -90.0,
                -80.0,
                94.60000000000005,
                -60.0,
                -100,
                66.40000000000032
            ],
            "wins": [
                true,
                false,
                false,
                false,
                true,
                false,
                false,
                true
            ]
        },
        {
            "gain": -158.99999999999963,
            "fitness": -0.9688387561661926,
            "fitness_balanced": -7.062729233277935,
            "gains": [
                100,
                -90.0,
                -90.0,
                -80.0,
                94.60000000000005,
                -60.0,
                -100,
                66.40000000000032
            ],
            "wins": [
                true,
                false,
                false,
                false,
                true,
                false,
                false,
                true
            ]
        },
        {
            "gain": -158.99999999999963,
            "fitness": -0.9688387561661926,
            "fitness_balanced": -7.062729233277935,
            "gains": [
                100,
                -90.0,
                -90.0,
                -80.0,
                94.60000000000005,
                -60.0,
                -100,
                66.40000000000032
            ],
            "wins": [
                true,
                false,
                false,
                false,
                true,
                false,
                false,
                true
            ]
        }
    ]
}