{
    "gen": 29,
    "enemies": [
        5
    ],
    "results": [
        {
            "gain": 71.05000000000018,
            "fitness": 91.31117439311437,
            "fitness_balanced": 87.11642023266138,
            "wins": [
                1.0
            ]
        }
    ]
}