{
    "gen": 29,
    "enemies": [
        1,
        2,
        3,
        4,
        5,
        6,
        7,
        8
    ],
    "results": [
        {
            "gain": -56.39999999999992,
            "fitness": 11.859479475798587,
            "fitness_balanced": 9.253796809459846,
            "gains": [
                100,
                70,
                2,
                -70.0,
                91.60000000000008,
                -100,
                -80.0,
                -70.0
            ],
            "wins": [
                true,
                true,
                true,
                false,
                true,
                false,
                false,
                false
            ]
        },
        {
            "gain": -56.39999999999992,
            "fitness": 11.859479475798587,
            "fitness_balanced": 9.253796809459846,
            "gains": [
                100,
                70,
                2,
                -70.0,
                91.60000000000008,
                -100,
                -80.0,
                -70.0
            ],
            "wins": [
                true,
                true,
                true,
                false,
                true,
                false,
                false,
                false
            ]
        },
        {
            "gain": -56.39999999999992,
            "fitness": 11.859479475798587,
            "fitness_balanced": 9.253796809459846,
            "gains": [
                100,
                70,
                2,
                -70.0,
                91.60000000000008,
                -100,
                -80.0,
                -70.0
            ],
            "wins": [
                true,
                true,
                true,
                false,
                true,
                false,
                false,
                false
            ]
        },
        {
            "gain": -56.39999999999992,
            "fitness": 11.859479475798587,
            "fitness_balanced": 9.253796809459846,
            "gains": [
                100,
                70,
                2,
                -70.0,
                91.60000000000008,
                -100,
                -80.0,
                -70.0
            ],
            "wins": [
                true,
                true,
                true,
                false,
                true,
                false,
                false,
                false
            ]
        },
        {
            "gain": -56.39999999999992,
            "fitness": 11.859479475798587,
            "fitness_balanced": 9.253796809459846,
            "gains": [
                100,
                70,
                2,
                -70.0,
                91.60000000000008,
                -100,
                -80.0,
                -70.0
            ],
            "wins": [
                true,
                true,
                true,
                false,
                true,
                false,
                false,
                false
            ]
        }
    ]
}