{
    "gen": 29,
    "enemies": [
        4
    ],
    "results": [
        {
            "gain": 28.000000000000263,
            "fitness": 86.2219102417716,
            "fitness_balanced": 51.93686730400931,
            "wins": [
                1.0
            ]
        }
    ]
}