{
    "gen": 29,
    "enemies": [
        7
    ],
    "results": [
        {
            "gain": 53.80000000000032,
            "fitness": 89.88693855665949,
            "fitness_balanced": 71.40283177470695,
            "wins": [
                true
            ]
        }
    ]
}