{
    "gen": 29,
    "enemies": [
        7
    ],
    "results": [
        {
            "gain": 28.32000000000024,
            "fitness": 80.95034148505138,
            "fitness_balanced": 71.15326262833385,
            "wins": [
                0.8
            ]
        }
    ]
}