{
    "gen": 29,
    "enemies": [
        1,
        2,
        3,
        4,
        5,
        6,
        7,
        8
    ],
    "results": [
        {
            "gain": -344.3999999999996,
            "fitness": -6.279916858005457,
            "fitness_balanced": 9.225448454455591,
            "gains": [
                -90.0,
                22,
                -70.0,
                -90.0,
                -1.399999999999892,
                -100,
                55.00000000000032,
                -70.0
            ],
            "wins": [
                false,
                true,
                false,
                false,
                false,
                false,
                true,
                false
            ]
        },
        {
            "gain": -344.3999999999996,
            "fitness": -6.279916858005457,
            "fitness_balanced": 9.225448454455591,
            "gains": [
                -90.0,
                22,
                -70.0,
                -90.0,
                -1.399999999999892,
                -100,
                55.00000000000032,
                -70.0
            ],
            "wins": [
                false,
                true,
                false,
                false,
                false,
                false,
                true,
                false
            ]
        },
        {
            "gain": -344.3999999999996,
            "fitness": -6.279916858005457,
            "fitness_balanced": 9.225448454455591,
            "gains": [
                -90.0,
                22,
                -70.0,
                -90.0,
                -1.399999999999892,
                -100,
                55.00000000000032,
                -70.0
            ],
            "wins": [
                false,
                true,
                false,
                false,
                false,
                false,
                true,
                false
            ]
        },
        {
            "gain": -344.3999999999996,
            "fitness": -6.279916858005457,
            "fitness_balanced": 9.225448454455591,
            "gains": [
                -90.0,
                22,
                -70.0,
                -90.0,
                -1.399999999999892,
                -100,
                55.00000000000032,
                -70.0
            ],
            "wins": [
                false,
                true,
                false,
                false,
                false,
                false,
                true,
                false
            ]
        },
        {
            "gain": -344.3999999999996,
            "fitness": -6.279916858005457,
            "fitness_balanced": 9.225448454455591,
            "gains": [
                -90.0,
                22,
                -70.0,
                -90.0,
                -1.399999999999892,
                -100,
                55.00000000000032,
                -70.0
            ],
            "wins": [
                false,
                true,
                false,
                false,
                false,
                false,
                true,
                false
            ]
        }
    ]
}