{
    "gen": 29,
    "enemies": [
        1,
        2,
        3,
        4,
        5,
        6,
        7,
        8
    ],
    "results": [
        {
            "gain": -246.79999999999956,
            "fitness": 7.791694011663537,
            "fitness_balanced": -3.2202533948733674,
            "gains": [
                -50.0,
                -70.0,
                -30.0,
                -80.0,
                82.00000000000017,
                -70.0,
                -100,
                71.20000000000027
            ],
            "wins": [
                false,
                false,
                false,
                false,
                true,
                false,
                false,
                true
            ]
        },
        {
            "gain": -246.79999999999956,
            "fitness": 7.791694011663537,
            "fitness_balanced": -3.2202533948733674,
            "gains": [
                -50.0,
                -70.0,
                -30.0,
                -80.0,
                82.00000000000017,
                -70.0,
                -100,
                71.20000000000027
            ],
            "wins": [
                false,
                false,
                false,
                false,
                true,
                false,
                false,
                true
            ]
        },
        {
            "gain": -246.79999999999956,
            "fitness": 7.791694011663537,
            "fitness_balanced": -3.2202533948733674,
            "gains": [
                -50.0,
                -70.0,
                -30.0,
                -80.0,
                82.00000000000017,
                -70.0,
                -100,
                71.20000000000027
            ],
            "wins": [
                false,
                false,
                false,
                false,
                true,
                false,
                false,
                true
            ]
        },
        {
            "gain": -246.79999999999956,
            "fitness": 7.791694011663537,
            "fitness_balanced": -3.2202533948733674,
            "gains": [
                -50.0,
                -70.0,
                -30.0,
                -80.0,
                82.00000000000017,
                -70.0,
                -100,
                71.20000000000027
            ],
            "wins": [
                false,
                false,
                false,
                false,
                true,
                false,
                false,
                true
            ]
        },
        {
            "gain": -246.79999999999956,
            "fitness": 7.791694011663537,
            "fitness_balanced": -3.2202533948733674,
            "gains": [
                -50.0,
                -70.0,
                -30.0,
                -80.0,
                82.00000000000017,
                -70.0,
                -100,
                71.20000000000027
            ],
            "wins": [
                false,
                false,
                false,
                false,
                true,
                false,
                false,
                true
            ]
        }
    ]
}