{
    "gen": 29,
    "enemies": [
        1,
        2,
        3,
        4,
        5,
        6,
        7,
        8
    ],
    "results": [
        {
            "gain": -207.59999999999974,
            "fitness": 8.10219830208704,
            "fitness_balanced": -1.2382706461476474,
            "gains": [
                -70.0,
                72,
                76,
                -70.0,
                24.400000000000247,
                -70.0,
                -90.0,
                -80.0
            ],
            "wins": [
                false,
                true,
                true,
                false,
                true,
                false,
                false,
                false
            ]
        },
        {
            "gain": -207.59999999999974,
            "fitness": 8.10219830208704,
            "fitness_balanced": -1.2382706461476474,
            "gains": [
                -70.0,
                72,
                76,
                -70.0,
                24.400000000000247,
                -70.0,
                -90.0,
                -80.0
            ],
            "wins": [
                false,
                true,
                true,
                false,
                true,
                false,
                false,
                false
            ]
        },
        {
            "gain": -207.59999999999974,
            "fitness": 8.10219830208704,
            "fitness_balanced": -1.2382706461476474,
            "gains": [
                -70.0,
                72,
                76,
                -70.0,
                24.400000000000247,
                -70.0,
                -90.0,
                -80.0
            ],
            "wins": [
                false,
                true,
                true,
                false,
                true,
                false,
                false,
                false
            ]
        },
        {
            "gain": -207.59999999999974,
            "fitness": 8.10219830208704,
            "fitness_balanced": -1.2382706461476474,
            "gains": [
                -70.0,
                72,
                76,
                -70.0,
                24.400000000000247,
                -70.0,
                -90.0,
                -80.0
            ],
            "wins": [
                false,
                true,
                true,
                false,
                true,
                false,
                false,
                false
            ]
        },
        {
            "gain": -207.59999999999974,
            "fitness": 8.10219830208704,
            "fitness_balanced": -1.2382706461476474,
            "gains": [
                -70.0,
                72,
                76,
                -70.0,
                24.400000000000247,
                -70.0,
                -90.0,
                -80.0
            ],
            "wins": [
                false,
                true,
                true,
                false,
                true,
                false,
                false,
                false
            ]
        }
    ]
}