{
    "gen": 29,
    "enemies": [
        7
    ],
    "results": [
        {
            "gain": 26.920000000000197,
            "fitness": 80.77970254094903,
            "fitness_balanced": 74.83870783429073,
            "wins": [
                0.6
            ]
        }
    ]
}