{
    "gen": 29,
    "enemies": [
        6
    ],
    "results": [
        {
            "gain": 52.600000000000314,
            "fitness": 89.84389959779561,
            "fitness_balanced": 70.87946500072786,
            "wins": [
                true
            ]
        }
    ]
}