{
    "gen": 29,
    "enemies": [
        4
    ],
    "results": [
        {
            "gain": -11.199999999999932,
            "fitness": 47.511610342717645,
            "fitness_balanced": 9.260207087820767,
            "wins": [
                0.4
            ]
        }
    ]
}