{
    "gen": 29,
    "enemies": [
        1,
        2,
        3,
        4,
        5,
        6,
        7,
        8
    ],
    "results": [
        {
            "gain": -294.79999999999944,
            "fitness": 12.702158236242326,
            "fitness_balanced": 28.755833099336265,
            "gains": [
                -70.0,
                -40.0,
                -60.0,
                46.6000000000003,
                28.600000000000257,
                -100,
                -70.0,
                -30.0
            ],
            "wins": [
                false,
                false,
                false,
                true,
                true,
                false,
                false,
                false
            ]
        },
        {
            "gain": -294.79999999999944,
            "fitness": 12.702158236242326,
            "fitness_balanced": 28.755833099336265,
            "gains": [
                -70.0,
                -40.0,
                -60.0,
                46.6000000000003,
                28.600000000000257,
                -100,
                -70.0,
                -30.0
            ],
            "wins": [
                false,
                false,
                false,
                true,
                true,
                false,
                false,
                false
            ]
        },
        {
            "gain": -294.79999999999944,
            "fitness": 12.702158236242326,
            "fitness_balanced": 28.755833099336265,
            "gains": [
                -70.0,
                -40.0,
                -60.0,
                46.6000000000003,
                28.600000000000257,
                -100,
                -70.0,
                -30.0
            ],
            "wins": [
                false,
                false,
                false,
                true,
                true,
                false,
                false,
                false
            ]
        },
        {
            "gain": -294.79999999999944,
            "fitness": 12.702158236242326,
            "fitness_balanced": 28.755833099336265,
            "gains": [
                -70.0,
                -40.0,
                -60.0,
                46.6000000000003,
                28.600000000000257,
                -100,
                -70.0,
                -30.0
            ],
            "wins": [
                false,
                false,
                false,
                true,
                true,
                false,
                false,
                false
            ]
        },
        {
            "gain": -294.79999999999944,
            "fitness": 12.702158236242326,
            "fitness_balanced": 28.755833099336265,
            "gains": [
                -70.0,
                -40.0,
                -60.0,
                46.6000000000003,
                28.600000000000257,
                -100,
                -70.0,
                -30.0
            ],
            "wins": [
                false,
                false,
                false,
                true,
                true,
                false,
                false,
                false
            ]
        }
    ]
}