{
    "gen": 149,
    "enemies": [
        1,
        2,
        3,
        4,
        5,
        6,
        7,
        8
    ],
    "results": [
        {
            "gain": 61.600000000000996,
            "fitness": 60.7423849019536,
            "fitness_balanced": 32.58219274322806,
            "gains": [
                -50.0,
                50,
                -20.0,
                28.600000000000257,
                33.40000000000027,
                8.800000000000232,
                20.80000000000024,
                -10.0
            ],
            "wins": [
                false,
                true,
                false,
                true,
                true,
                true,
                true,
                false
            ]
        },
        {
            "gain": 61.600000000000996,
            "fitness": 60.7423849019536,
            "fitness_balanced": 32.58219274322806,
            "gains": [
                -50.0,
                50,
                -20.0,
                28.600000000000257,
                33.40000000000027,
                8.800000000000232,
                20.80000000000024,
                -10.0
            ],
            "wins": [
                false,
                true,
                false,
                true,
                true,
                true,
                true,
                false
            ]
        },
        {
            "gain": 61.600000000000996,
            "fitness": 60.7423849019536,
            "fitness_balanced": 32.58219274322806,
            "gains": [
                -50.0,
                50,
                -20.0,
                28.600000000000257,
                33.40000000000027,
                8.800000000000232,
                20.80000000000024,
                -10.0
            ],
            "wins": [
                false,
                true,
                false,
                true,
                true,
                true,
                true,
                false
            ]
        },
        {
            "gain": 61.600000000000996,
            "fitness": 60.7423849019536,
            "fitness_balanced": 32.58219274322806,
            "gains": [
                -50.0,
                50,
                -20.0,
                28.600000000000257,
                33.40000000000027,
                8.800000000000232,
                20.80000000000024,
                -10.0
            ],
            "wins": [
                false,
                true,
                false,
                true,
                true,
                true,
                true,
                false
            ]
        },
        {
            "gain": 61.600000000000996,
            "fitness": 60.7423849019536,
            "fitness_balanced": 32.58219274322806,
            "gains": [
                -50.0,
                50,
                -20.0,
                28.600000000000257,
                33.40000000000027,
                8.800000000000232,
                20.80000000000024,
                -10.0
            ],
            "wins": [
                false,
                true,
                false,
                true,
                true,
                true,
                true,
                false
            ]
        }
    ]
}