{
    "gen": 29,
    "enemies": [
        1,
        2,
        3,
        4,
        5,
        6,
        7,
        8
    ],
    "results": [
        {
            "gain": -221.3999999999997,
            "fitness": 13.555020926803216,
            "fitness_balanced": 2.863925673933746,
            "gains": [
                -70.0,
                62,
                -70.0,
                -70.0,
                -10.0,
                -100,
                -10.0,
                46.6000000000003
            ],
            "wins": [
                false,
                true,
                false,
                false,
                false,
                false,
                false,
                true
            ]
        },
        {
            "gain": -221.3999999999997,
            "fitness": 13.555020926803216,
            "fitness_balanced": 2.863925673933746,
            "gains": [
                -70.0,
                62,
                -70.0,
                -70.0,
                -10.0,
                -100,
                -10.0,
                46.6000000000003
            ],
            "wins": [
                false,
                true,
                false,
                false,
                false,
                false,
                false,
                true
            ]
        },
        {
            "gain": -221.3999999999997,
            "fitness": 13.555020926803216,
            "fitness_balanced": 2.863925673933746,
            "gains": [
                -70.0,
                62,
                -70.0,
                -70.0,
                -10.0,
                -100,
                -10.0,
                46.6000000000003
            ],
            "wins": [
                false,
                true,
                false,
                false,
                false,
                false,
                false,
                true
            ]
        },
        {
            "gain": -221.3999999999997,
            "fitness": 13.555020926803216,
            "fitness_balanced": 2.863925673933746,
            "gains": [
                -70.0,
                62,
                -70.0,
                -70.0,
                -10.0,
                -100,
                -10.0,
                46.6000000000003
            ],
            "wins": [
                false,
                true,
                false,
                false,
                false,
                false,
                false,
                true
            ]
        },
        {
            "gain": -221.3999999999997,
            "fitness": 13.555020926803216,
            "fitness_balanced": 2.863925673933746,
            "gains": [
                -70.0,
                62,
                -70.0,
                -70.0,
                -10.0,
                -100,
                -10.0,
                46.6000000000003
            ],
            "wins": [
                false,
                true,
                false,
                false,
                false,
                false,
                false,
                true
            ]
        }
    ]
}