{
    "gen": 29,
    "enemies": [
        1
    ],
    "results": [
        {
            "gain": -30.0,
            "fitness": 57.54128416871516,
            "fitness_balanced": 34.185869468174936,
            "wins": [
                0.0
            ]
        }
    ]
}