{
    "gen": 149,
    "enemies": [
        1,
        2,
        3,
        4,
        5,
        6,
        7,
        8
    ],
    "results": [
        {
            "gain": -8.19999999999943,
            "fitness": 46.25861396073701,
            "fitness_balanced": 19.969394890719357,
            "gains": [
                -50.0,
                82,
                -10.0,
                -60.0,
                64.60000000000034,
                -30.0,
                -10.0,
                5.200000000000234
            ],
            "wins": [
                false,
                true,
                false,
                false,
                true,
                false,
                false,
                true
            ]
        },
        {
            "gain": -8.19999999999943,
            "fitness": 46.25861396073701,
            "fitness_balanced": 19.969394890719357,
            "gains": [
                -50.0,
                82,
                -10.0,
                -60.0,
                64.60000000000034,
                -30.0,
                -10.0,
                5.200000000000234
            ],
            "wins": [
                false,
                true,
                false,
                false,
                true,
                false,
                false,
                true
            ]
        },
        {
            "gain": -8.19999999999943,
            "fitness": 46.25861396073701,
            "fitness_balanced": 19.969394890719357,
            "gains": [
                -50.0,
                82,
                -10.0,
                -60.0,
                64.60000000000034,
                -30.0,
                -10.0,
                5.200000000000234
            ],
            "wins": [
                false,
                true,
                false,
                false,
                true,
                false,
                false,
                true
            ]
        },
        {
            "gain": -8.19999999999943,
            "fitness": 46.25861396073701,
            "fitness_balanced": 19.969394890719357,
            "gains": [
                -50.0,
                82,
                -10.0,
                -60.0,
                64.60000000000034,
                -30.0,
                -10.0,
                5.200000000000234
            ],
            "wins": [
                false,
                true,
                false,
                false,
                true,
                false,
                false,
                true
            ]
        },
        {
            "gain": -8.19999999999943,
            "fitness": 46.25861396073701,
            "fitness_balanced": 19.969394890719357,
            "gains": [
                -50.0,
                82,
                -10.0,
                -60.0,
                64.60000000000034,
                -30.0,
                -10.0,
                5.200000000000234
            ],
            "wins": [
                false,
                true,
                false,
                false,
                true,
                false,
                false,
                true
            ]
        }
    ]
}