{
    "gen": 29,
    "enemies": [
        1,
        2,
        3,
        4,
        5,
        6,
        7,
        8
    ],
    "results": [
        {
            "gain": -414.79999999999944,
            "fitness": -6.331211858959676,
            "fitness_balanced": -8.642547317693708,
            "gains": [
                -100,
                -40.0,
                -90.0,
                -80.0,
                26.800000000000253,
                -90.0,
                48.400000000000304,
                -90.0
            ],
            "wins": [
                false,
                false,
                false,
                false,
                true,
                false,
                true,
                false
            ]
        },
        {
            "gain": -414.79999999999944,
            "fitness": -6.331211858959676,
            "fitness_balanced": -8.642547317693708,
            "gains": [
                -100,
                -40.0,
                -90.0,
                -80.0,
                26.800000000000253,
                -90.0,
                48.400000000000304,
                -90.0
            ],
            "wins": [
                false,
                false,
                false,
                false,
                true,
                false,
                true,
                false
            ]
        },
        {
            "gain": -414.79999999999944,
            "fitness": -6.331211858959676,
            "fitness_balanced": -8.642547317693708,
            "gains": [
                -100,
                -40.0,
                -90.0,
                -80.0,
                26.800000000000253,
                -90.0,
                48.400000000000304,
                -90.0
            ],
            "wins": [
                false,
                false,
                false,
                false,
                true,
                false,
                true,
                false
            ]
        },
        {
            "gain": -414.79999999999944,
            "fitness": -6.331211858959676,
            "fitness_balanced": -8.642547317693708,
            "gains": [
                -100,
                -40.0,
                -90.0,
                -80.0,
                26.800000000000253,
                -90.0,
                48.400000000000304,
                -90.0
            ],
            "wins": [
                false,
                false,
                false,
                false,
                true,
                false,
                true,
                false
            ]
        },
        {
            "gain": -414.79999999999944,
            "fitness": -6.331211858959676,
            "fitness_balanced": -8.642547317693708,
            "gains": [
                -100,
                -40.0,
                -90.0,
                -80.0,
                26.800000000000253,
                -90.0,
                48.400000000000304,
                -90.0
            ],
            "wins": [
                false,
                false,
                false,
                false,
                true,
                false,
                true,
                false
            ]
        }
    ]
}