{
    "gen": 29,
    "enemies": [
        8
    ],
    "results": [
        {
            "gain": 77.20000000000022,
            "fitness": 92.09598249381268,
            "fitness_balanced": 82.97237888630947,
            "wins": [
                true
            ]
        }
    ]
}