{
    "gen": 29,
    "enemies": [
        1,
        2,
        3,
        4,
        5,
        6,
        7,
        8
    ],
    "results": [
        {
            "gain": -232.1999999999991,
            "fitness": 3.399268456324336,
            "fitness_balanced": 72.68297229859394,
            "gains": [
                -80.0,
                -40.0,
                -70.0,
                68.8000000000003,
                32.200000000000266,
                -100,
                -100,
                56.800000000000324
            ],
            "wins": [
                false,
                false,
                false,
                true,
                true,
                false,
                false,
                true
            ]
        },
        {
            "gain": -232.1999999999991,
            "fitness": 3.399268456324336,
            "fitness_balanced": 72.68297229859394,
            "gains": [
                -80.0,
                -40.0,
                -70.0,
                68.8000000000003,
                32.200000000000266,
                -100,
                -100,
                56.800000000000324
            ],
            "wins": [
                false,
                false,
                false,
                true,
                true,
                false,
                false,
                true
            ]
        },
        {
            "gain": -232.1999999999991,
            "fitness": 3.399268456324336,
            "fitness_balanced": 72.68297229859394,
            "gains": [
                -80.0,
                -40.0,
                -70.0,
                68.8000000000003,
                32.200000000000266,
                -100,
                -100,
                56.800000000000324
            ],
            "wins": [
                false,
                false,
                false,
                true,
                true,
                false,
                false,
                true
            ]
        },
        {
            "gain": -232.1999999999991,
            "fitness": 3.399268456324336,
            "fitness_balanced": 72.68297229859394,
            "gains": [
                -80.0,
                -40.0,
                -70.0,
                68.8000000000003,
                32.200000000000266,
                -100,
                -100,
                56.800000000000324
            ],
            "wins": [
                false,
                false,
                false,
                true,
                true,
                false,
                false,
                true
            ]
        },
        {
            "gain": -232.1999999999991,
            "fitness": 3.399268456324336,
            "fitness_balanced": 72.68297229859394,
            "gains": [
                -80.0,
                -40.0,
                -70.0,
                68.8000000000003,
                32.200000000000266,
                -100,
                -100,
                56.800000000000324
            ],
            "wins": [
                false,
                false,
                false,
                true,
                true,
                false,
                false,
                true
            ]
        }
    ]
}