{
    "gen": 29,
    "enemies": [
        6
    ],
    "results": [
        {
            "gain": 65.80000000000032,
            "fitness": 91.36506424239104,
            "fitness_balanced": 77.67964417492183,
            "wins": [
                true
            ]
        }
    ]
}