{
    "gen": 29,
    "enemies": [
        1,
        2,
        3,
        4,
        5,
        6,
        7,
        8
    ],
    "results": [
        {
            "gain": -288.9999999999999,
            "fitness": -4.151298003601177,
            "fitness_balanced": 9.253796809459846,
            "gains": [
                100,
                -90.0,
                -70.0,
                -60.0,
                91.00000000000009,
                -100,
                -90.0,
                -70.0
            ],
            "wins": [
                true,
                false,
                false,
                false,
                true,
                false,
                false,
                false
            ]
        },
        {
            "gain": -288.9999999999999,
            "fitness": -4.151298003601177,
            "fitness_balanced": 9.253796809459846,
            "gains": [
                100,
                -90.0,
                -70.0,
                -60.0,
                91.00000000000009,
                -100,
                -90.0,
                -70.0
            ],
            "wins": [
                true,
                false,
                false,
                false,
                true,
                false,
                false,
                false
            ]
        },
        {
            "gain": -288.9999999999999,
            "fitness": -4.151298003601177,
            "fitness_balanced": 9.253796809459846,
            "gains": [
                100,
                -90.0,
                -70.0,
                -60.0,
                91.00000000000009,
                -100,
                -90.0,
                -70.0
            ],
            "wins": [
                true,
                false,
                false,
                false,
                true,
                false,
                false,
                false
            ]
        },
        {
            "gain": -288.9999999999999,
            "fitness": -4.151298003601177,
            "fitness_balanced": 9.253796809459846,
            "gains": [
                100,
                -90.0,
                -70.0,
                -60.0,
                91.00000000000009,
                -100,
                -90.0,
                -70.0
            ],
            "wins": [
                true,
                false,
                false,
                false,
                true,
                false,
                false,
                false
            ]
        },
        {
            "gain": -288.9999999999999,
            "fitness": -4.151298003601177,
            "fitness_balanced": 9.253796809459846,
            "gains": [
                100,
                -90.0,
                -70.0,
                -60.0,
                91.00000000000009,
                -100,
                -90.0,
                -70.0
            ],
            "wins": [
                true,
                false,
                false,
                false,
                true,
                false,
                false,
                false
            ]
        }
    ]
}