{
    "gen": 29,
    "enemies": [
        1,
        2,
        3,
        4,
        5,
        6,
        7,
        8
    ],
    "results": [
        {
            "gain": -459.5999999999999,
            "fitness": -17.8123914437678,
            "fitness_balanced": 3.838792678304923,
            "gains": [
                100,
                -90.0,
                -100,
                -90.0,
                0.40000000000009095,
                -100,
                -100,
                -80.0
            ],
            "wins": [
                true,
                false,
                false,
                false,
                false,
                false,
                false,
                false
            ]
        },
        {
            "gain": -459.5999999999999,
            "fitness": -17.8123914437678,
            "fitness_balanced": 3.838792678304923,
            "gains": [
                100,
                -90.0,
                -100,
                -90.0,
                0.40000000000009095,
                -100,
                -100,
                -80.0
            ],
            "wins": [
                true,
                false,
                false,
                false,
                false,
                false,
                false,
                false
            ]
        },
        {
            "gain": -459.5999999999999,
            "fitness": -17.8123914437678,
            "fitness_balanced": 3.838792678304923,
            "gains": [
                100,
                -90.0,
                -100,
                -90.0,
                0.40000000000009095,
                -100,
                -100,
                -80.0
            ],
            "wins": [
                true,
                false,
                false,
                false,
                false,
                false,
                false,
                false
            ]
        },
        {
            "gain": -459.5999999999999,
            "fitness": -17.8123914437678,
            "fitness_balanced": 3.838792678304923,
            "gains": [
                100,
                -90.0,
                -100,
                -90.0,
                0.40000000000009095,
                -100,
                -100,
                -80.0
            ],
            "wins": [
                true,
                false,
                false,
                false,
                false,
                false,
                false,
                false
            ]
        },
        {
            "gain": -459.5999999999999,
            "fitness": -17.8123914437678,
            "fitness_balanced": 3.838792678304923,
            "gains": [
                100,
                -90.0,
                -100,
                -90.0,
                0.40000000000009095,
                -100,
                -100,
                -80.0
            ],
            "wins": [
                true,
                false,
                false,
                false,
                false,
                false,
                false,
                false
            ]
        }
    ]
}