{
    "gen": 29,
    "enemies": [
        3
    ],
    "results": [
        {
            "gain": 56,
            "fitness": 89.39342407327507,
            "fitness_balanced": 71.79140997390337,
            "wins": [
                true
            ]
        }
    ]
}