{
    "gen": 29,
    "enemies": [
        8
    ],
    "results": [
        {
            "gain": 83.20000000000016,
            "fitness": 93.17833644349736,
            "fitness_balanced": 86.45250552318663,
            "wins": [
                true
            ]
        }
    ]
}