{
    "gen": 29,
    "enemies": [
        4
    ],
    "results": [
        {
            "gain": -17.479999999999905,
            "fitness": 53.04504748735756,
            "fitness_balanced": 52.19069565974182,
            "wins": [
                0.4
            ]
        }
    ]
}