{
    "gen": 29,
    "enemies": [
        1,
        2,
        3,
        4,
        5,
        6,
        7,
        8
    ],
    "results": [
        {
            "gain": -169.79999999999967,
            "fitness": 19.410212268698885,
            "fitness_balanced": 14.06775481255199,
            "gains": [
                -80.0,
                88,
                -30.0,
                -70.0,
                62.20000000000034,
                -70.0,
                -10.0,
                -60.0
            ],
            "wins": [
                false,
                true,
                false,
                false,
                true,
                false,
                false,
                false
            ]
        },
        {
            "gain": -169.79999999999967,
            "fitness": 19.410212268698885,
            "fitness_balanced": 14.06775481255199,
            "gains": [
                -80.0,
                88,
                -30.0,
                -70.0,
                62.20000000000034,
                -70.0,
                -10.0,
                -60.0
            ],
            "wins": [
                false,
                true,
                false,
                false,
                true,
                false,
                false,
                false
            ]
        },
        {
            "gain": -169.79999999999967,
            "fitness": 19.410212268698885,
            "fitness_balanced": 14.06775481255199,
            "gains": [
                -80.0,
                88,
                -30.0,
                -70.0,
                62.20000000000034,
                -70.0,
                -10.0,
                -60.0
            ],
            "wins": [
                false,
                true,
                false,
                false,
                true,
                false,
                false,
                false
            ]
        },
        {
            "gain": -169.79999999999967,
            "fitness": 19.410212268698885,
            "fitness_balanced": 14.06775481255199,
            "gains": [
                -80.0,
                88,
                -30.0,
                -70.0,
                62.20000000000034,
                -70.0,
                -10.0,
                -60.0
            ],
            "wins": [
                false,
                true,
                false,
                false,
                true,
                false,
                false,
                false
            ]
        },
        {
            "gain": -169.79999999999967,
            "fitness": 19.410212268698885,
            "fitness_balanced": 14.06775481255199,
            "gains": [
                -80.0,
                88,
                -30.0,
                -70.0,
                62.20000000000034,
                -70.0,
                -10.0,
                -60.0
            ],
            "wins": [
                false,
                true,
                false,
                false,
                true,
                false,
                false,
                false
            ]
        }
    ]
}