{
    "gen": 29,
    "enemies": [
        4
    ],
    "results": [
        {
            "gain": -24.0,
            "fitness": 62.189529931874105,
            "fitness_balanced": 23.9086901179223,
            "wins": [
                0.0
            ]
        }
    ]
}