{
    "gen": 29,
    "enemies": [
        1,
        2,
        3,
        4,
        5,
        6,
        7,
        8
    ],
    "results": [
        {
            "gain": -145.99999999999966,
            "fitness": 11.832094948993607,
            "fitness_balanced": 1.2311438295130515,
            "gains": [
                -70.0,
                74,
                72,
                -60.0,
                58.00000000000033,
                -100,
                -50.0,
                -70.0
            ],
            "wins": [
                false,
                true,
                true,
                false,
                true,
                false,
                false,
                false
            ]
        },
        {
            "gain": -145.99999999999966,
            "fitness": 11.832094948993607,
            "fitness_balanced": 1.2311438295130515,
            "gains": [
                -70.0,
                74,
                72,
                -60.0,
                58.00000000000033,
                -100,
                -50.0,
                -70.0
            ],
            "wins": [
                false,
                true,
                true,
                false,
                true,
                false,
                false,
                false
            ]
        },
        {
            "gain": -145.99999999999966,
            "fitness": 11.832094948993607,
            "fitness_balanced": 1.2311438295130515,
            "gains": [
                -70.0,
                74,
                72,
                -60.0,
                58.00000000000033,
                -100,
                -50.0,
                -70.0
            ],
            "wins": [
                false,
                true,
                true,
                false,
                true,
                false,
                false,
                false
            ]
        },
        {
            "gain": -145.99999999999966,
            "fitness": 11.832094948993607,
            "fitness_balanced": 1.2311438295130515,
            "gains": [
                -70.0,
                74,
                72,
                -60.0,
                58.00000000000033,
                -100,
                -50.0,
                -70.0
            ],
            "wins": [
                false,
                true,
                true,
                false,
                true,
                false,
                false,
                false
            ]
        },
        {
            "gain": -145.99999999999966,
            "fitness": 11.832094948993607,
            "fitness_balanced": 1.2311438295130515,
            "gains": [
                -70.0,
                74,
                72,
                -60.0,
                58.00000000000033,
                -100,
                -50.0,
                -70.0
            ],
            "wins": [
                false,
                true,
                true,
                false,
                true,
                false,
                false,
                false
            ]
        }
    ]
}