{
    "gen": 29,
    "enemies": [
        3
    ],
    "results": [
        {
            "gain": 15.6,
            "fitness": 72.81290785217428,
            "fitness_balanced": 75.01606371931281,
            "wins": [
                0.6
            ]
        }
    ]
}