{
    "gen": 29,
    "enemies": [
        1,
        2,
        3,
        4,
        5,
        6,
        7,
        8
    ],
    "results": [
        {
            "gain": -307.99999999999983,
            "fitness": -6.507496367103528,
            "fitness_balanced": -12.907693743833704,
            "gains": [
                100,
                -90.0,
                -50.0,
                -70.0,
                82.00000000000017,
                -100,
                -100,
                -80.0
            ],
            "wins": [
                true,
                false,
                false,
                false,
                true,
                false,
                false,
                false
            ]
        },
        {
            "gain": -307.99999999999983,
            "fitness": -6.507496367103528,
            "fitness_balanced": -12.907693743833704,
            "gains": [
                100,
                -90.0,
                -50.0,
                -70.0,
                82.00000000000017,
                -100,
                -100,
                -80.0
            ],
            "wins": [
                true,
                false,
                false,
                false,
                true,
                false,
                false,
                false
            ]
        },
        {
            "gain": -307.99999999999983,
            "fitness": -6.507496367103528,
            "fitness_balanced": -12.907693743833704,
            "gains": [
                100,
                -90.0,
                -50.0,
                -70.0,
                82.00000000000017,
                -100,
                -100,
                -80.0
            ],
            "wins": [
                true,
                false,
                false,
                false,
                true,
                false,
                false,
                false
            ]
        },
        {
            "gain": -307.99999999999983,
            "fitness": -6.507496367103528,
            "fitness_balanced": -12.907693743833704,
            "gains": [
                100,
                -90.0,
                -50.0,
                -70.0,
                82.00000000000017,
                -100,
                -100,
                -80.0
            ],
            "wins": [
                true,
                false,
                false,
                false,
                true,
                false,
                false,
                false
            ]
        },
        {
            "gain": -307.99999999999983,
            "fitness": -6.507496367103528,
            "fitness_balanced": -12.907693743833704,
            "gains": [
                100,
                -90.0,
                -50.0,
                -70.0,
                82.00000000000017,
                -100,
                -100,
                -80.0
            ],
            "wins": [
                true,
                false,
                false,
                false,
                true,
                false,
                false,
                false
            ]
        }
    ]
}