{
    "gen": 29,
    "enemies": [
        4
    ],
    "results": [
        {
            "gain": 4.08000000000016,
            "fitness": 73.80527282769756,
            "fitness_balanced": 18.217807943993208,
            "wins": [
                0.6
            ]
        }
    ]
}