{
    "gen": 29,
    "enemies": [
        7
    ],
    "results": [
        {
            "gain": 7.560000000000042,
            "fitness": 63.27704305967543,
            "fitness_balanced": 89.28272016318513,
            "wins": [
                0.4
            ]
        }
    ]
}