{
    "gen": 29,
    "enemies": [
        2
    ],
    "results": [
        {
            "gain": 82.4,
            "fitness": 93.22509461026618,
            "fitness_balanced": 84.91240366476762,
            "wins": [
                1.0
            ]
        }
    ]
}