{
    "gen": 29,
    "enemies": [
        1,
        2,
        3,
        4,
        5,
        6,
        7,
        8
    ],
    "results": [
        {
            "gain": -362.9999999999998,
            "fitness": -1.011941810233246,
            "fitness_balanced": 19.02619038813074,
            "gains": [
                -100,
                84,
                -70.0,
                -90.0,
                -60.0,
                -90.0,
                13.00000000000023,
                -50.0
            ],
            "wins": [
                false,
                true,
                false,
                false,
                false,
                false,
                true,
                false
            ]
        },
        {
            "gain": -362.9999999999998,
            "fitness": -1.011941810233246,
            "fitness_balanced": 19.02619038813074,
            "gains": [
                -100,
                84,
                -70.0,
                -90.0,
                -60.0,
                -90.0,
                13.00000000000023,
                -50.0
            ],
            "wins": [
                false,
                true,
                false,
                false,
                false,
                false,
                true,
                false
            ]
        },
        {
            "gain": -362.9999999999998,
            "fitness": -1.011941810233246,
            "fitness_balanced": 19.02619038813074,
            "gains": [
                -100,
                84,
                -70.0,
                -90.0,
                -60.0,
                -90.0,
                13.00000000000023,
                -50.0
            ],
            "wins": [
                false,
                true,
                false,
                false,
                false,
                false,
                true,
                false
            ]
        },
        {
            "gain": -362.9999999999998,
            "fitness": -1.011941810233246,
            "fitness_balanced": 19.02619038813074,
            "gains": [
                -100,
                84,
                -70.0,
                -90.0,
                -60.0,
                -90.0,
                13.00000000000023,
                -50.0
            ],
            "wins": [
                false,
                true,
                false,
                false,
                false,
                false,
                true,
                false
            ]
        },
        {
            "gain": -362.9999999999998,
            "fitness": -1.011941810233246,
            "fitness_balanced": 19.02619038813074,
            "gains": [
                -100,
                84,
                -70.0,
                -90.0,
                -60.0,
                -90.0,
                13.00000000000023,
                -50.0
            ],
            "wins": [
                false,
                true,
                false,
                false,
                false,
                false,
                true,
                false
            ]
        }
    ]
}