{
    "gen": 29,
    "enemies": [
        1
    ],
    "results": [
        {
            "gain": 2.5,
            "fitness": 67.19528507894631,
            "fitness_balanced": 94.87010128507693,
            "wins": [
                0.25
            ]
        }
    ]
}