{
    "gen": 29,
    "enemies": [
        3
    ],
    "results": [
        {
            "gain": -6.4,
            "fitness": 65.78035769103079,
            "fitness_balanced": 45.76558927428163,
            "wins": [
                0.4
            ]
        }
    ]
}