{
    "gen": 29,
    "enemies": [
        1,
        2,
        3,
        4,
        5,
        6,
        7,
        8
    ],
    "results": [
        {
            "gain": -250.9999999999998,
            "fitness": 0.9031475272737666,
            "fitness_balanced": 4.1083557881742285,
            "gains": [
                100,
                -70.0,
                -20.0,
                -70.0,
                79.0000000000002,
                -100,
                -90.0,
                -80.0
            ],
            "wins": [
                true,
                false,
                false,
                false,
                true,
                false,
                false,
                false
            ]
        },
        {
            "gain": -250.9999999999998,
            "fitness": 0.9031475272737666,
            "fitness_balanced": 4.1083557881742285,
            "gains": [
                100,
                -70.0,
                -20.0,
                -70.0,
                79.0000000000002,
                -100,
                -90.0,
                -80.0
            ],
            "wins": [
                true,
                false,
                false,
                false,
                true,
                false,
                false,
                false
            ]
        },
        {
            "gain": -250.9999999999998,
            "fitness": 0.9031475272737666,
            "fitness_balanced": 4.1083557881742285,
            "gains": [
                100,
                -70.0,
                -20.0,
                -70.0,
                79.0000000000002,
                -100,
                -90.0,
                -80.0
            ],
            "wins": [
                true,
                false,
                false,
                false,
                true,
                false,
                false,
                false
            ]
        },
        {
            "gain": -250.9999999999998,
            "fitness": 0.9031475272737666,
            "fitness_balanced": 4.1083557881742285,
            "gains": [
                100,
                -70.0,
                -20.0,
                -70.0,
                79.0000000000002,
                -100,
                -90.0,
                -80.0
            ],
            "wins": [
                true,
                false,
                false,
                false,
                true,
                false,
                false,
                false
            ]
        },
        {
            "gain": -250.9999999999998,
            "fitness": 0.9031475272737666,
            "fitness_balanced": 4.1083557881742285,
            "gains": [
                100,
                -70.0,
                -20.0,
                -70.0,
                79.0000000000002,
                -100,
                -90.0,
                -80.0
            ],
            "wins": [
                true,
                false,
                false,
                false,
                true,
                false,
                false,
                false
            ]
        }
    ]
}