{
    "gen": 29,
    "enemies": [
        8
    ],
    "results": [
        {
            "gain": 20.520000000000145,
            "fitness": 66.97381254940785,
            "fitness_balanced": 83.76665872310235,
            "wins": [
                0.6
            ]
        }
    ]
}