{
    "gen": 149,
    "enemies": [
        1,
        2,
        3,
        4,
        5,
        6,
        7,
        8
    ],
    "results": [
        {
            "gain": 18.200000000000898,
            "fitness": 46.91400202490618,
            "fitness_balanced": 66.48920335595962,
            "gains": [
                -80.0,
                -10.0,
                -30.0,
                -10.0,
                64.60000000000034,
                38.80000000000028,
                0,
                44.800000000000296
            ],
            "wins": [
                false,
                false,
                false,
                false,
                true,
                true,
                true,
                true
            ]
        },
        {
            "gain": 18.200000000000898,
            "fitness": 46.91400202490618,
            "fitness_balanced": 66.48920335595962,
            "gains": [
                -80.0,
                -10.0,
                -30.0,
                -10.0,
                64.60000000000034,
                38.80000000000028,
                0,
                44.800000000000296
            ],
            "wins": [
                false,
                false,
                false,
                false,
                true,
                true,
                true,
                true
            ]
        },
        {
            "gain": 18.200000000000898,
            "fitness": 46.91400202490618,
            "fitness_balanced": 66.48920335595962,
            "gains": [
                -80.0,
                -10.0,
                -30.0,
                -10.0,
                64.60000000000034,
                38.80000000000028,
                0,
                44.800000000000296
            ],
            "wins": [
                false,
                false,
                false,
                false,
                true,
                true,
                true,
                true
            ]
        },
        {
            "gain": 18.200000000000898,
            "fitness": 46.91400202490618,
            "fitness_balanced": 66.48920335595962,
            "gains": [
                -80.0,
                -10.0,
                -30.0,
                -10.0,
                64.60000000000034,
                38.80000000000028,
                0,
                44.800000000000296
            ],
            "wins": [
                false,
                false,
                false,
                false,
                true,
                true,
                true,
                true
            ]
        },
        {
            "gain": 18.200000000000898,
            "fitness": 46.91400202490618,
            "fitness_balanced": 66.48920335595962,
            "gains": [
                -80.0,
                -10.0,
                -30.0,
                -10.0,
                64.60000000000034,
                38.80000000000028,
                0,
                44.800000000000296
            ],
            "wins": [
                false,
                false,
                false,
                false,
                true,
                true,
                true,
                true
            ]
        }
    ]
}