{
    "gen": 999,
    "enemies": [
        1,
        2,
        3,
        4,
        5,
        6,
        7,
        8
    ],
    "results": [
        {
            "gain": 40.00000000000095,
            "fitness": 33.378630927597996,
            "fitness_balanced": 17.304282452694665,
            "gains": [
                -90.0,
                78,
                -10.0,
                -60.0,
                58.00000000000033,
                -40.0,
                49.60000000000031,
                54.40000000000032
            ],
            "wins": [
                false,
                true,
                false,
                false,
                true,
                false,
                true,
                true
            ]
        },
        {
            "gain": 40.00000000000095,
            "fitness": 33.378630927597996,
            "fitness_balanced": 17.304282452694665,
            "gains": [
                -90.0,
                78,
                -10.0,
                -60.0,
                58.00000000000033,
                -40.0,
                49.60000000000031,
                54.40000000000032
            ],
            "wins": [
                false,
                true,
                false,
                false,
                true,
                false,
                true,
                true
            ]
        },
        {
            "gain": 40.00000000000095,
            "fitness": 33.378630927597996,
            "fitness_balanced": 17.304282452694665,
            "gains": [
                -90.0,
                78,
                -10.0,
                -60.0,
                58.00000000000033,
                -40.0,
                49.60000000000031,
                54.40000000000032
            ],
            "wins": [
                false,
                true,
                false,
                false,
                true,
                false,
                true,
                true
            ]
        },
        {
            "gain": 40.00000000000095,
            "fitness": 33.378630927597996,
            "fitness_balanced": 17.304282452694665,
            "gains": [
                -90.0,
                78,
                -10.0,
                -60.0,
                58.00000000000033,
                -40.0,
                49.60000000000031,
                54.40000000000032
            ],
            "wins": [
                false,
                true,
                false,
                false,
                true,
                false,
                true,
                true
            ]
        },
        {
            "gain": 40.00000000000095,
            "fitness": 33.378630927597996,
            "fitness_balanced": 17.304282452694665,
            "gains": [
                -90.0,
                78,
                -10.0,
                -60.0,
                58.00000000000033,
                -40.0,
                49.60000000000031,
                54.40000000000032
            ],
            "wins": [
                false,
                true,
                false,
                false,
                true,
                false,
                true,
                true
            ]
        }
    ]
}