{
    "gen": 29,
    "enemies": [
        3
    ],
    "results": [
        {
            "gain": -12.8,
            "fitness": 61.88131338751551,
            "fitness_balanced": 76.78739390424847,
            "wins": [
                0.2
            ]
        }
    ]
}