{
    "gen": 29,
    "enemies": [
        7
    ],
    "results": [
        {
            "gain": 50.20000000000031,
            "fitness": 89.67289246928257,
            "fitness_balanced": 69.74814186652408,
            "wins": [
                true
            ]
        }
    ]
}