{
    "gen": 29,
    "enemies": [
        1,
        2,
        3,
        4,
        5,
        6,
        7,
        8
    ],
    "results": [
        {
            "gain": -313.7999999999997,
            "fitness": 2.3412591527760895,
            "fitness_balanced": 9.515203066509345,
            "gains": [
                -100,
                76,
                -70.0,
                -80.0,
                -40.0,
                -80.0,
                50.20000000000031,
                -70.0
            ],
            "wins": [
                false,
                true,
                false,
                false,
                false,
                false,
                true,
                false
            ]
        },
        {
            "gain": -313.7999999999997,
            "fitness": 2.3412591527760895,
            "fitness_balanced": 9.515203066509345,
            "gains": [
                -100,
                76,
                -70.0,
                -80.0,
                -40.0,
                -80.0,
                50.20000000000031,
                -70.0
            ],
            "wins": [
                false,
                true,
                false,
                false,
                false,
                false,
                true,
                false
            ]
        },
        {
            "gain": -313.7999999999997,
            "fitness": 2.3412591527760895,
            "fitness_balanced": 9.515203066509345,
            "gains": [
                -100,
                76,
                -70.0,
                -80.0,
                -40.0,
                -80.0,
                50.20000000000031,
                -70.0
            ],
            "wins": [
                false,
                true,
                false,
                false,
                false,
                false,
                true,
                false
            ]
        },
        {
            "gain": -313.7999999999997,
            "fitness": 2.3412591527760895,
            "fitness_balanced": 9.515203066509345,
            "gains": [
                -100,
                76,
                -70.0,
                -80.0,
                -40.0,
                -80.0,
                50.20000000000031,
                -70.0
            ],
            "wins": [
                false,
                true,
                false,
                false,
                false,
                false,
                true,
                false
            ]
        },
        {
            "gain": -313.7999999999997,
            "fitness": 2.3412591527760895,
            "fitness_balanced": 9.515203066509345,
            "gains": [
                -100,
                76,
                -70.0,
                -80.0,
                -40.0,
                -80.0,
                50.20000000000031,
                -70.0
            ],
            "wins": [
                false,
                true,
                false,
                false,
                false,
                false,
                true,
                false
            ]
        }
    ]
}