{
    "gen": 29,
    "enemies": [
        1,
        2,
        3,
        4,
        5,
        6,
        7,
        8
    ],
    "results": [
        {
            "gain": -256.99999999999966,
            "fitness": 8.736297673846245,
            "fitness_balanced": 9.523536448068489,
            "gains": [
                -70.0,
                88,
                -90.0,
                -60.0,
                55.00000000000032,
                -80.0,
                -30.0,
                -70.0
            ],
            "wins": [
                false,
                true,
                false,
                false,
                true,
                false,
                false,
                false
            ]
        },
        {
            "gain": -256.99999999999966,
            "fitness": 8.736297673846245,
            "fitness_balanced": 9.523536448068489,
            "gains": [
                -70.0,
                88,
                -90.0,
                -60.0,
                55.00000000000032,
                -80.0,
                -30.0,
                -70.0
            ],
            "wins": [
                false,
                true,
                false,
                false,
                true,
                false,
                false,
                false
            ]
        },
        {
            "gain": -256.99999999999966,
            "fitness": 8.736297673846245,
            "fitness_balanced": 9.523536448068489,
            "gains": [
                -70.0,
                88,
                -90.0,
                -60.0,
                55.00000000000032,
                -80.0,
                -30.0,
                -70.0
            ],
            "wins": [
                false,
                true,
                false,
                false,
                true,
                false,
                false,
                false
            ]
        },
        {
            "gain": -256.99999999999966,
            "fitness": 8.736297673846245,
            "fitness_balanced": 9.523536448068489,
            "gains": [
                -70.0,
                88,
                -90.0,
                -60.0,
                55.00000000000032,
                -80.0,
                -30.0,
                -70.0
            ],
            "wins": [
                false,
                true,
                false,
                false,
                true,
                false,
                false,
                false
            ]
        },
        {
            "gain": -256.99999999999966,
            "fitness": 8.736297673846245,
            "fitness_balanced": 9.523536448068489,
            "gains": [
                -70.0,
                88,
                -90.0,
                -60.0,
                55.00000000000032,
                -80.0,
                -30.0,
                -70.0
            ],
            "wins": [
                false,
                true,
                false,
                false,
                true,
                false,
                false,
                false
            ]
        }
    ]
}