{
    "gen": 29,
    "enemies": [
        1,
        2,
        3,
        4,
        5,
        6,
        7,
        8
    ],
    "results": [
        {
            "gain": -264.79999999999995,
            "fitness": 15.066182151997555,
            "fitness_balanced": 9.443171938300463,
            "gains": [
                -20.0,
                -30.0,
                -10.0,
                -60.0,
                95.20000000000005,
                -80.0,
                -90.0,
                -70.0
            ],
            "wins": [
                false,
                false,
                false,
                false,
                true,
                false,
                false,
                false
            ]
        },
        {
            "gain": -264.79999999999995,
            "fitness": 15.066182151997555,
            "fitness_balanced": 9.443171938300463,
            "gains": [
                -20.0,
                -30.0,
                -10.0,
                -60.0,
                95.20000000000005,
                -80.0,
                -90.0,
                -70.0
            ],
            "wins": [
                false,
                false,
                false,
                false,
                true,
                false,
                false,
                false
            ]
        },
        {
            "gain": -264.79999999999995,
            "fitness": 15.066182151997555,
            "fitness_balanced": 9.443171938300463,
            "gains": [
                -20.0,
                -30.0,
                -10.0,
                -60.0,
                95.20000000000005,
                -80.0,
                -90.0,
                -70.0
            ],
            "wins": [
                false,
                false,
                false,
                false,
                true,
                false,
                false,
                false
            ]
        },
        {
            "gain": -264.79999999999995,
            "fitness": 15.066182151997555,
            "fitness_balanced": 9.443171938300463,
            "gains": [
                -20.0,
                -30.0,
                -10.0,
                -60.0,
                95.20000000000005,
                -80.0,
                -90.0,
                -70.0
            ],
            "wins": [
                false,
                false,
                false,
                false,
                true,
                false,
                false,
                false
            ]
        },
        {
            "gain": -264.79999999999995,
            "fitness": 15.066182151997555,
            "fitness_balanced": 9.443171938300463,
            "gains": [
                -20.0,
                -30.0,
                -10.0,
                -60.0,
                95.20000000000005,
                -80.0,
                -90.0,
                -70.0
            ],
            "wins": [
                false,
                false,
                false,
                false,
                true,
                false,
                false,
                false
            ]
        }
    ]
}