{
    "gen": 29,
    "enemies": [
        1
    ],
    "results": [
        {
            "gain": -37.5,
            "fitness": 50.75239525587679,
            "fitness_balanced": 39.026190388130736,
            "wins": [
                0.0
            ]
        }
    ]
}