{
    "experiment_name": "[1, 2, 3, 4, 5, 6, 7, 8]_all_enemies_e_f-rank",
    "enemies": [
        1,
        2,
        3,
        4,
        5,
        6,
        7,
        8
    ],
    "n_hidden_neurons": 10,
    "domain_upper": 1,
    "domain_lower": -1,
    "pop_size": 100,
    "gens": 10000,
    "mutation_rate": 0.2,
    "normalization_method": "default",
    "fitness_method": "rank",
    "pick_parent_method": "multinomial",
    "survivor_method": "multinomial",
    "headless": true,
    "multi_ini": false,
    "randomini": "no",
    "crossover_method": "none",
    "mutation_type": "stochastic_decaying",
    "start_new": true,
    "exploration_island": true,
    "exploration_gens": 15,
    "gen": 1135,
    "best_default": 52.278788419550565,
    "mean_default": 40.3093967060455,
    "std_default": 6.167807485047874,
    "Q5_default": 27.497053160480277,
    "Q95_default": 47.42219792327941,
    "best_balanced": 47.4193285097736,
    "mean_balanced": 43.264870737276716,
    "std_balanced": 2.0134359571880336,
    "Q5_balanced": 40.201846541877394,
    "Q95_balanced": 46.91023631954722,
    "best_default_explore": 34.9452480497718,
    "mean_default_explore": 28.446686262870568,
    "std_default_explore": 7.111953885431518,
    "Q5_default_explore": 10.922673316548746,
    "Q95_default_explore": 34.93637224895767,
    "best_balanced_explore": 43.50064199704318,
    "mean_balanced_explore": 39.82062910202261,
    "std_balanced_explore": 2.535451418302815,
    "Q5_balanced_explore": 36.400988179405765,
    "Q95_balanced_explore": 42.655194637220404
}