{
    "gen": 29,
    "enemies": [
        1,
        2,
        3,
        4,
        5,
        6,
        7,
        8
    ],
    "results": [
        {
            "gain": -273.39999999999964,
            "fitness": 6.576846095111371,
            "fitness_balanced": -2.8994422119102374,
            "gains": [
                -70.0,
                -40.0,
                68,
                -90.0,
                58.60000000000033,
                -90.0,
                -30.0,
                -80.0
            ],
            "wins": [
                false,
                false,
                true,
                false,
                true,
                false,
                false,
                false
            ]
        },
        {
            "gain": -273.39999999999964,
            "fitness": 6.576846095111371,
            "fitness_balanced": -2.8994422119102374,
            "gains": [
                -70.0,
                -40.0,
                68,
                -90.0,
                58.60000000000033,
                -90.0,
                -30.0,
                -80.0
            ],
            "wins": [
                false,
                false,
                true,
                false,
                true,
                false,
                false,
                false
            ]
        },
        {
            "gain": -273.39999999999964,
            "fitness": 6.576846095111371,
            "fitness_balanced": -2.8994422119102374,
            "gains": [
                -70.0,
                -40.0,
                68,
                -90.0,
                58.60000000000033,
                -90.0,
                -30.0,
                -80.0
            ],
            "wins": [
                false,
                false,
                true,
                false,
                true,
                false,
                false,
                false
            ]
        },
        {
            "gain": -273.39999999999964,
            "fitness": 6.576846095111371,
            "fitness_balanced": -2.8994422119102374,
            "gains": [
                -70.0,
                -40.0,
                68,
                -90.0,
                58.60000000000033,
                -90.0,
                -30.0,
                -80.0
            ],
            "wins": [
                false,
                false,
                true,
                false,
                true,
                false,
                false,
                false
            ]
        },
        {
            "gain": -273.39999999999964,
            "fitness": 6.576846095111371,
            "fitness_balanced": -2.8994422119102374,
            "gains": [
                -70.0,
                -40.0,
                68,
                -90.0,
                58.60000000000033,
                -90.0,
                -30.0,
                -80.0
            ],
            "wins": [
                false,
                false,
                true,
                false,
                true,
                false,
                false,
                false
            ]
        }
    ]
}