{
    "gen": 29,
    "enemies": [
        3
    ],
    "results": [
        {
            "gain": 0.8,
            "fitness": 68.09931493845734,
            "fitness_balanced": 61.92006680490441,
            "wins": [
                0.4
            ]
        }
    ]
}