{
    "gen": 29,
    "enemies": [
        5
    ],
    "results": [
        {
            "gain": 95.80000000000004,
            "fitness": 94.25212383121041,
            "fitness_balanced": 92.56728120673465,
            "wins": [
                true
            ]
        }
    ]
}