{
    "gen": 29,
    "enemies": [
        4
    ],
    "results": [
        {
            "gain": 23.5200000000002,
            "fitness": 76.0987382303513,
            "fitness_balanced": 74.20421948603885,
            "wins": [
                0.6
            ]
        }
    ]
}