{
    "gen": 29,
    "enemies": [
        1,
        2,
        3,
        4,
        5,
        6,
        7,
        8
    ],
    "results": [
        {
            "gain": -333.5999999999997,
            "fitness": 1.0923850712999723,
            "fitness_balanced": 4.58389959779558,
            "gains": [
                -100,
                52,
                -90.0,
                -70.0,
                -70.0,
                54.40000000000032,
                -30.0,
                -80.0
            ],
            "wins": [
                false,
                true,
                false,
                false,
                false,
                true,
                false,
                false
            ]
        },
        {
            "gain": -333.5999999999997,
            "fitness": 1.0923850712999723,
            "fitness_balanced": 4.58389959779558,
            "gains": [
                -100,
                52,
                -90.0,
                -70.0,
                -70.0,
                54.40000000000032,
                -30.0,
                -80.0
            ],
            "wins": [
                false,
                true,
                false,
                false,
                false,
                true,
                false,
                false
            ]
        },
        {
            "gain": -333.5999999999997,
            "fitness": 1.0923850712999723,
            "fitness_balanced": 4.58389959779558,
            "gains": [
                -100,
                52,
                -90.0,
                -70.0,
                -70.0,
                54.40000000000032,
                -30.0,
                -80.0
            ],
            "wins": [
                false,
                true,
                false,
                false,
                false,
                true,
                false,
                false
            ]
        },
        {
            "gain": -333.5999999999997,
            "fitness": 1.0923850712999723,
            "fitness_balanced": 4.58389959779558,
            "gains": [
                -100,
                52,
                -90.0,
                -70.0,
                -70.0,
                54.40000000000032,
                -30.0,
                -80.0
            ],
            "wins": [
                false,
                true,
                false,
                false,
                false,
                true,
                false,
                false
            ]
        },
        {
            "gain": -333.5999999999997,
            "fitness": 1.0923850712999723,
            "fitness_balanced": 4.58389959779558,
            "gains": [
                -100,
                52,
                -90.0,
                -70.0,
                -70.0,
                54.40000000000032,
                -30.0,
                -80.0
            ],
            "wins": [
                false,
                true,
                false,
                false,
                false,
                true,
                false,
                false
            ]
        }
    ]
}