{
    "gen": 29,
    "enemies": [
        1,
        2,
        3,
        4,
        5,
        6,
        7,
        8
    ],
    "results": [
        {
            "gain": -409.5999999999999,
            "fitness": 0.4015786935623389,
            "fitness_balanced": 9.091917061831069,
            "gains": [
                -50.0,
                -70.0,
                -40.0,
                -80.0,
                90.40000000000009,
                -90.0,
                -100,
                -70.0
            ],
            "wins": [
                false,
                false,
                false,
                false,
                true,
                false,
                false,
                false
            ]
        },
        {
            "gain": -409.5999999999999,
            "fitness": 0.4015786935623389,
            "fitness_balanced": 9.091917061831069,
            "gains": [
                -50.0,
                -70.0,
                -40.0,
                -80.0,
                90.40000000000009,
                -90.0,
                -100,
                -70.0
            ],
            "wins": [
                false,
                false,
                false,
                false,
                true,
                false,
                false,
                false
            ]
        },
        {
            "gain": -409.5999999999999,
            "fitness": 0.4015786935623389,
            "fitness_balanced": 9.091917061831069,
            "gains": [
                -50.0,
                -70.0,
                -40.0,
                -80.0,
                90.40000000000009,
                -90.0,
                -100,
                -70.0
            ],
            "wins": [
                false,
                false,
                false,
                false,
                true,
                false,
                false,
                false
            ]
        },
        {
            "gain": -409.5999999999999,
            "fitness": 0.4015786935623389,
            "fitness_balanced": 9.091917061831069,
            "gains": [
                -50.0,
                -70.0,
                -40.0,
                -80.0,
                90.40000000000009,
                -90.0,
                -100,
                -70.0
            ],
            "wins": [
                false,
                false,
                false,
                false,
                true,
                false,
                false,
                false
            ]
        },
        {
            "gain": -409.5999999999999,
            "fitness": 0.4015786935623389,
            "fitness_balanced": 9.091917061831069,
            "gains": [
                -50.0,
                -70.0,
                -40.0,
                -80.0,
                90.40000000000009,
                -90.0,
                -100,
                -70.0
            ],
            "wins": [
                false,
                false,
                false,
                false,
                true,
                false,
                false,
                false
            ]
        }
    ]
}