{
    "gen": 29,
    "enemies": [
        1,
        2,
        3,
        4,
        5,
        6,
        7,
        8
    ],
    "results": [
        {
            "gain": -279.39999999999975,
            "fitness": 10.469320159100036,
            "fitness_balanced": 1.4738937981060936,
            "gains": [
                -100,
                52,
                -70.0,
                -70.0,
                -10.0,
                -30.0,
                28.600000000000257,
                -80.0
            ],
            "wins": [
                false,
                true,
                false,
                false,
                false,
                false,
                true,
                false
            ]
        },
        {
            "gain": -279.39999999999975,
            "fitness": 10.469320159100036,
            "fitness_balanced": 1.4738937981060936,
            "gains": [
                -100,
                52,
                -70.0,
                -70.0,
                -10.0,
                -30.0,
                28.600000000000257,
                -80.0
            ],
            "wins": [
                false,
                true,
                false,
                false,
                false,
                false,
                true,
                false
            ]
        },
        {
            "gain": -279.39999999999975,
            "fitness": 10.469320159100036,
            "fitness_balanced": 1.4738937981060936,
            "gains": [
                -100,
                52,
                -70.0,
                -70.0,
                -10.0,
                -30.0,
                28.600000000000257,
                -80.0
            ],
            "wins": [
                false,
                true,
                false,
                false,
                false,
                false,
                true,
                false
            ]
        },
        {
            "gain": -279.39999999999975,
            "fitness": 10.469320159100036,
            "fitness_balanced": 1.4738937981060936,
            "gains": [
                -100,
                52,
                -70.0,
                -70.0,
                -10.0,
                -30.0,
                28.600000000000257,
                -80.0
            ],
            "wins": [
                false,
                true,
                false,
                false,
                false,
                false,
                true,
                false
            ]
        },
        {
            "gain": -279.39999999999975,
            "fitness": 10.469320159100036,
            "fitness_balanced": 1.4738937981060936,
            "gains": [
                -100,
                52,
                -70.0,
                -70.0,
                -10.0,
                -30.0,
                28.600000000000257,
                -80.0
            ],
            "wins": [
                false,
                true,
                false,
                false,
                false,
                false,
                true,
                false
            ]
        }
    ]
}