{
    "gen": 29,
    "enemies": [
        1
    ],
    "results": [
        {
            "gain": 25.5,
            "fitness": 69.54760020894899,
            "fitness_balanced": 94.77964417492167,
            "wins": [
                0.5
            ]
        }
    ]
}