{
    "gen": 14,
    "enemies": [
        1
    ],
    "results": [
        {
            "gain": -30.0,
            "fitness": 57.168117522716486,
            "fitness_balanced": 29.165189262937396,
            "wins": [
                false
            ]
        }
    ]
}