{
    "gen": 300,
    "enemies": [
        1,
        2,
        3,
        4,
        5,
        6,
        7,
        8
    ],
    "results": [
        {
            "gain": 40.00000000000068,
            "fitness": 47.28440203819461,
            "fitness_balanced": 22.50674474945456,
            "gains": [
                -70.0,
                62,
                -10.0,
                -30.0,
                64.60000000000034,
                -30.0,
                -10.0,
                63.40000000000034
            ],
            "wins": [
                false,
                true,
                false,
                false,
                true,
                false,
                false,
                true
            ]
        },
        {
            "gain": 40.00000000000068,
            "fitness": 47.28440203819461,
            "fitness_balanced": 22.50674474945456,
            "gains": [
                -70.0,
                62,
                -10.0,
                -30.0,
                64.60000000000034,
                -30.0,
                -10.0,
                63.40000000000034
            ],
            "wins": [
                false,
                true,
                false,
                false,
                true,
                false,
                false,
                true
            ]
        },
        {
            "gain": 40.00000000000068,
            "fitness": 47.28440203819461,
            "fitness_balanced": 22.50674474945456,
            "gains": [
                -70.0,
                62,
                -10.0,
                -30.0,
                64.60000000000034,
                -30.0,
                -10.0,
                63.40000000000034
            ],
            "wins": [
                false,
                true,
                false,
                false,
                true,
                false,
                false,
                true
            ]
        },
        {
            "gain": 40.00000000000068,
            "fitness": 47.28440203819461,
            "fitness_balanced": 22.50674474945456,
            "gains": [
                -70.0,
                62,
                -10.0,
                -30.0,
                64.60000000000034,
                -30.0,
                -10.0,
                63.40000000000034
            ],
            "wins": [
                false,
                true,
                false,
                false,
                true,
                false,
                false,
                true
            ]
        },
        {
            "gain": 40.00000000000068,
            "fitness": 47.28440203819461,
            "fitness_balanced": 22.50674474945456,
            "gains": [
                -70.0,
                62,
                -10.0,
                -30.0,
                64.60000000000034,
                -30.0,
                -10.0,
                63.40000000000034
            ],
            "wins": [
                false,
                true,
                false,
                false,
                true,
                false,
                false,
                true
            ]
        }
    ]
}