{
    "gen": 29,
    "enemies": [
        1,
        2,
        3,
        4,
        5,
        6,
        7,
        8
    ],
    "results": [
        {
            "gain": -240.99999999999952,
            "fitness": 6.044649143719731,
            "fitness_balanced": 86.548141866524,
            "gains": [
                -60.0,
                -50.0,
                -10.0,
                -80.0,
                65.20000000000033,
                -90.0,
                -100,
                83.80000000000015
            ],
            "wins": [
                false,
                false,
                false,
                false,
                true,
                false,
                false,
                true
            ]
        },
        {
            "gain": -240.99999999999952,
            "fitness": 6.044649143719731,
            "fitness_balanced": 86.548141866524,
            "gains": [
                -60.0,
                -50.0,
                -10.0,
                -80.0,
                65.20000000000033,
                -90.0,
                -100,
                83.80000000000015
            ],
            "wins": [
                false,
                false,
                false,
                false,
                true,
                false,
                false,
                true
            ]
        },
        {
            "gain": -240.99999999999952,
            "fitness": 6.044649143719731,
            "fitness_balanced": 86.548141866524,
            "gains": [
                -60.0,
                -50.0,
                -10.0,
                -80.0,
                65.20000000000033,
                -90.0,
                -100,
                83.80000000000015
            ],
            "wins": [
                false,
                false,
                false,
                false,
                true,
                false,
                false,
                true
            ]
        },
        {
            "gain": -240.99999999999952,
            "fitness": 6.044649143719731,
            "fitness_balanced": 86.548141866524,
            "gains": [
                -60.0,
                -50.0,
                -10.0,
                -80.0,
                65.20000000000033,
                -90.0,
                -100,
                83.80000000000015
            ],
            "wins": [
                false,
                false,
                false,
                false,
                true,
                false,
                false,
                true
            ]
        },
        {
            "gain": -240.99999999999952,
            "fitness": 6.044649143719731,
            "fitness_balanced": 86.548141866524,
            "gains": [
                -60.0,
                -50.0,
                -10.0,
                -80.0,
                65.20000000000033,
                -90.0,
                -100,
                83.80000000000015
            ],
            "wins": [
                false,
                false,
                false,
                false,
                true,
                false,
                false,
                true
            ]
        }
    ]
}