{
    "gen": 29,
    "enemies": [
        5
    ],
    "results": [
        {
            "gain": 94.00000000000006,
            "fitness": 94.39605369405454,
            "fitness_balanced": 91.98936470590377,
            "wins": [
                true
            ]
        }
    ]
}