{
    "gen": 29,
    "enemies": [
        1,
        2,
        3,
        4,
        5,
        6,
        7,
        8
    ],
    "results": [
        {
            "gain": -335.99999999999994,
            "fitness": 8.006764895643357,
            "fitness_balanced": 9.247427361174367,
            "gains": [
                -50.0,
                -40.0,
                -20.0,
                -80.0,
                94.00000000000006,
                -90.0,
                -80.0,
                -70.0
            ],
            "wins": [
                false,
                false,
                false,
                false,
                true,
                false,
                false,
                false
            ]
        },
        {
            "gain": -335.99999999999994,
            "fitness": 8.006764895643357,
            "fitness_balanced": 9.247427361174367,
            "gains": [
                -50.0,
                -40.0,
                -20.0,
                -80.0,
                94.00000000000006,
                -90.0,
                -80.0,
                -70.0
            ],
            "wins": [
                false,
                false,
                false,
                false,
                true,
                false,
                false,
                false
            ]
        },
        {
            "gain": -335.99999999999994,
            "fitness": 8.006764895643357,
            "fitness_balanced": 9.247427361174367,
            "gains": [
                -50.0,
                -40.0,
                -20.0,
                -80.0,
                94.00000000000006,
                -90.0,
                -80.0,
                -70.0
            ],
            "wins": [
                false,
                false,
                false,
                false,
                true,
                false,
                false,
                false
            ]
        },
        {
            "gain": -335.99999999999994,
            "fitness": 8.006764895643357,
            "fitness_balanced": 9.247427361174367,
            "gains": [
                -50.0,
                -40.0,
                -20.0,
                -80.0,
                94.00000000000006,
                -90.0,
                -80.0,
                -70.0
            ],
            "wins": [
                false,
                false,
                false,
                false,
                true,
                false,
                false,
                false
            ]
        },
        {
            "gain": -335.99999999999994,
            "fitness": 8.006764895643357,
            "fitness_balanced": 9.247427361174367,
            "gains": [
                -50.0,
                -40.0,
                -20.0,
                -80.0,
                94.00000000000006,
                -90.0,
                -80.0,
                -70.0
            ],
            "wins": [
                false,
                false,
                false,
                false,
                true,
                false,
                false,
                false
            ]
        }
    ]
}