{
    "gen": 29,
    "enemies": [
        1
    ],
    "results": [
        {
            "gain": 2.0,
            "fitness": 70.09132486428055,
            "fitness_balanced": 83.05982874727957,
            "wins": [
                0.25
            ]
        }
    ]
}