{
    "gen": 19,
    "enemies": [
        5
    ],
    "results": [
        {
            "gain": 78.4000000000002,
            "fitness": 91.85606371931283,
            "fitness_balanced": 83.21354799471567,
            "wins": [
                true
            ]
        }
    ]
}