{
    "gen": 29,
    "enemies": [
        1,
        2,
        3,
        4,
        5,
        6,
        7,
        8
    ],
    "results": [
        {
            "gain": -74.19999999999968,
            "fitness": 16.32338764835879,
            "fitness_balanced": 9.482547103535293,
            "gains": [
                100,
                76,
                -50.0,
                -70.0,
                59.80000000000033,
                -100,
                -20.0,
                -70.0
            ],
            "wins": [
                true,
                true,
                false,
                false,
                true,
                false,
                false,
                false
            ]
        },
        {
            "gain": -74.19999999999968,
            "fitness": 16.32338764835879,
            "fitness_balanced": 9.482547103535293,
            "gains": [
                100,
                76,
                -50.0,
                -70.0,
                59.80000000000033,
                -100,
                -20.0,
                -70.0
            ],
            "wins": [
                true,
                true,
                false,
                false,
                true,
                false,
                false,
                false
            ]
        },
        {
            "gain": -74.19999999999968,
            "fitness": 16.32338764835879,
            "fitness_balanced": 9.482547103535293,
            "gains": [
                100,
                76,
                -50.0,
                -70.0,
                59.80000000000033,
                -100,
                -20.0,
                -70.0
            ],
            "wins": [
                true,
                true,
                false,
                false,
                true,
                false,
                false,
                false
            ]
        },
        {
            "gain": -74.19999999999968,
            "fitness": 16.32338764835879,
            "fitness_balanced": 9.482547103535293,
            "gains": [
                100,
                76,
                -50.0,
                -70.0,
                59.80000000000033,
                -100,
                -20.0,
                -70.0
            ],
            "wins": [
                true,
                true,
                false,
                false,
                true,
                false,
                false,
                false
            ]
        },
        {
            "gain": -74.19999999999968,
            "fitness": 16.32338764835879,
            "fitness_balanced": 9.482547103535293,
            "gains": [
                100,
                76,
                -50.0,
                -70.0,
                59.80000000000033,
                -100,
                -20.0,
                -70.0
            ],
            "wins": [
                true,
                true,
                false,
                false,
                true,
                false,
                false,
                false
            ]
        }
    ]
}