{
    "gen": 29,
    "enemies": [
        1,
        2,
        3,
        4,
        5,
        6,
        7,
        8
    ],
    "results": [
        {
            "gain": -372.3999999999997,
            "fitness": -13.67869237363761,
            "fitness_balanced": 8.69190155849047,
            "gains": [
                100,
                -100,
                -100,
                -80.0,
                67.6000000000003,
                -90.0,
                -100,
                -70.0
            ],
            "wins": [
                true,
                false,
                false,
                false,
                true,
                false,
                false,
                false
            ]
        },
        {
            "gain": -372.3999999999997,
            "fitness": -13.67869237363761,
            "fitness_balanced": 8.69190155849047,
            "gains": [
                100,
                -100,
                -100,
                -80.0,
                67.6000000000003,
                -90.0,
                -100,
                -70.0
            ],
            "wins": [
                true,
                false,
                false,
                false,
                true,
                false,
                false,
                false
            ]
        },
        {
            "gain": -372.3999999999997,
            "fitness": -13.67869237363761,
            "fitness_balanced": 8.69190155849047,
            "gains": [
                100,
                -100,
                -100,
                -80.0,
                67.6000000000003,
                -90.0,
                -100,
                -70.0
            ],
            "wins": [
                true,
                false,
                false,
                false,
                true,
                false,
                false,
                false
            ]
        },
        {
            "gain": -372.3999999999997,
            "fitness": -13.67869237363761,
            "fitness_balanced": 8.69190155849047,
            "gains": [
                100,
                -100,
                -100,
                -80.0,
                67.6000000000003,
                -90.0,
                -100,
                -70.0
            ],
            "wins": [
                true,
                false,
                false,
                false,
                true,
                false,
                false,
                false
            ]
        },
        {
            "gain": -372.3999999999997,
            "fitness": -13.67869237363761,
            "fitness_balanced": 8.69190155849047,
            "gains": [
                100,
                -100,
                -100,
                -80.0,
                67.6000000000003,
                -90.0,
                -100,
                -70.0
            ],
            "wins": [
                true,
                false,
                false,
                false,
                true,
                false,
                false,
                false
            ]
        }
    ]
}