{
    "gen": 29,
    "enemies": [
        7
    ],
    "results": [
        {
            "gain": 72.40000000000026,
            "fitness": 91.94669517527554,
            "fitness_balanced": 80.9016826334521,
            "wins": [
                true
            ]
        }
    ]
}