{
    "gen": 29,
    "enemies": [
        5
    ],
    "results": [
        {
            "gain": 58.45000000000011,
            "fitness": 85.99460708511279,
            "fitness_balanced": 87.63616819497446,
            "wins": [
                0.75
            ]
        }
    ]
}