{
    "gen": 29,
    "enemies": [
        8
    ],
    "results": [
        {
            "gain": 36.24000000000011,
            "fitness": 78.21202475938249,
            "fitness_balanced": 87.08835394814503,
            "wins": [
                0.6
            ]
        }
    ]
}