{
    "gen": 29,
    "enemies": [
        1
    ],
    "results": [
        {
            "gain": -32.5,
            "fitness": 54.559267098362795,
            "fitness_balanced": 38.573511542542306,
            "wins": [
                0.0
            ]
        }
    ]
}