{
    "gen": 29,
    "enemies": [
        1,
        2,
        3,
        4,
        5,
        6,
        7,
        8
    ],
    "results": [
        {
            "gain": -334.5999999999997,
            "fitness": -1.942918638354854,
            "fitness_balanced": 4.58389959779558,
            "gains": [
                -100,
                -40.0,
                62,
                -60.0,
                63.40000000000034,
                -100,
                -80.0,
                -80.0
            ],
            "wins": [
                false,
                false,
                true,
                false,
                true,
                false,
                false,
                false
            ]
        },
        {
            "gain": -334.5999999999997,
            "fitness": -1.942918638354854,
            "fitness_balanced": 4.58389959779558,
            "gains": [
                -100,
                -40.0,
                62,
                -60.0,
                63.40000000000034,
                -100,
                -80.0,
                -80.0
            ],
            "wins": [
                false,
                false,
                true,
                false,
                true,
                false,
                false,
                false
            ]
        },
        {
            "gain": -334.5999999999997,
            "fitness": -1.942918638354854,
            "fitness_balanced": 4.58389959779558,
            "gains": [
                -100,
                -40.0,
                62,
                -60.0,
                63.40000000000034,
                -100,
                -80.0,
                -80.0
            ],
            "wins": [
                false,
                false,
                true,
                false,
                true,
                false,
                false,
                false
            ]
        },
        {
            "gain": -334.5999999999997,
            "fitness": -1.942918638354854,
            "fitness_balanced": 4.58389959779558,
            "gains": [
                -100,
                -40.0,
                62,
                -60.0,
                63.40000000000034,
                -100,
                -80.0,
                -80.0
            ],
            "wins": [
                false,
                false,
                true,
                false,
                true,
                false,
                false,
                false
            ]
        },
        {
            "gain": -334.5999999999997,
            "fitness": -1.942918638354854,
            "fitness_balanced": 4.58389959779558,
            "gains": [
                -100,
                -40.0,
                62,
                -60.0,
                63.40000000000034,
                -100,
                -80.0,
                -80.0
            ],
            "wins": [
                false,
                false,
                true,
                false,
                true,
                false,
                false,
                false
            ]
        }
    ]
}