{
    "gen": 29,
    "enemies": [
        8
    ],
    "results": [
        {
            "gain": 1.4400000000001,
            "fitness": 61.84102631587426,
            "fitness_balanced": 80.95067522005327,
            "wins": [
                0.4
            ]
        }
    ]
}