{
    "gen": 29,
    "enemies": [
        4
    ],
    "results": [
        {
            "gain": 6.400000000000233,
            "fitness": 83.9294768905476,
            "fitness_balanced": 46.488259604943934,
            "wins": [
                true
            ]
        }
    ]
}