{
    "gen": 299,
    "enemies": [
        1,
        2,
        3,
        4,
        5,
        6,
        7,
        8
    ],
    "results": [
        {
            "gain": -29.799999999998875,
            "fitness": 20.67486592047333,
            "fitness_balanced": 10.758581711671908,
            "gains": [
                -90.0,
                74,
                -70.0,
                -90.0,
                55.60000000000032,
                5.200000000000234,
                37.60000000000028,
                47.8000000000003
            ],
            "wins": [
                false,
                true,
                false,
                false,
                true,
                true,
                true,
                true
            ]
        },
        {
            "gain": -29.799999999998875,
            "fitness": 20.67486592047333,
            "fitness_balanced": 10.758581711671908,
            "gains": [
                -90.0,
                74,
                -70.0,
                -90.0,
                55.60000000000032,
                5.200000000000234,
                37.60000000000028,
                47.8000000000003
            ],
            "wins": [
                false,
                true,
                false,
                false,
                true,
                true,
                true,
                true
            ]
        },
        {
            "gain": -29.799999999998875,
            "fitness": 20.67486592047333,
            "fitness_balanced": 10.758581711671908,
            "gains": [
                -90.0,
                74,
                -70.0,
                -90.0,
                55.60000000000032,
                5.200000000000234,
                37.60000000000028,
                47.8000000000003
            ],
            "wins": [
                false,
                true,
                false,
                false,
                true,
                true,
                true,
                true
            ]
        },
        {
            "gain": -29.799999999998875,
            "fitness": 20.67486592047333,
            "fitness_balanced": 10.758581711671908,
            "gains": [
                -90.0,
                74,
                -70.0,
                -90.0,
                55.60000000000032,
                5.200000000000234,
                37.60000000000028,
                47.8000000000003
            ],
            "wins": [
                false,
                true,
                false,
                false,
                true,
                true,
                true,
                true
            ]
        },
        {
            "gain": -29.799999999998875,
            "fitness": 20.67486592047333,
            "fitness_balanced": 10.758581711671908,
            "gains": [
                -90.0,
                74,
                -70.0,
                -90.0,
                55.60000000000032,
                5.200000000000234,
                37.60000000000028,
                47.8000000000003
            ],
            "wins": [
                false,
                true,
                false,
                false,
                true,
                true,
                true,
                true
            ]
        }
    ]
}