{
    "gen": 29,
    "enemies": [
        7
    ],
    "results": [
        {
            "gain": 77.20000000000022,
            "fitness": 92.42669517527554,
            "fitness_balanced": 83.30168263345207,
            "wins": [
                true
            ]
        }
    ]
}