{
    "gen": 29,
    "enemies": [
        6
    ],
    "results": [
        {
            "gain": -32.799999999999905,
            "fitness": 50.65114940437576,
            "fitness_balanced": 55.84742736117449,
            "wins": [
                0.4
            ]
        }
    ]
}