{
    "gen": 29,
    "enemies": [
        5
    ],
    "results": [
        {
            "gain": 91.00000000000009,
            "fitness": 94.02482618476618,
            "fitness_balanced": 90.41859563501558,
            "wins": [
                true
            ]
        }
    ]
}