{
    "gen": 29,
    "enemies": [
        7
    ],
    "results": [
        {
            "gain": 85.00000000000014,
            "fitness": 93.15289246928255,
            "fitness_balanced": 87.148141866524,
            "wins": [
                true
            ]
        }
    ]
}