{
    "gen": 29,
    "enemies": [
        1
    ],
    "results": [
        {
            "gain": 28.0,
            "fitness": 71.66503928154322,
            "fitness_balanced": 94.77964417492167,
            "wins": [
                0.5
            ]
        }
    ]
}