{
    "experiment_name": "[1, 2, 3, 4, 5, 6, 7, 8]_all_enemies_e_f-rank",
    "enemies": [
        1,
        2,
        3,
        4,
        5,
        6,
        7,
        8
    ],
    "n_hidden_neurons": 10,
    "domain_upper": 1,
    "domain_lower": -1,
    "pop_size": 100,
    "gens": 10000,
    "mutation_rate": 0.2,
    "normalization_method": "default",
    "fitness_method": "rank",
    "pick_parent_method": "multinomial",
    "survivor_method": "multinomial",
    "headless": true,
    "multi_ini": false,
    "randomini": "no",
    "crossover_method": "none",
    "mutation_type": "stochastic_decaying",
    "start_new": true,
    "exploration_island": true,
    "exploration_gens": 15,
    "gen": 1049,
    "best_default": 75.04741967962372,
    "mean_default": 36.582211496407986,
    "std_default": 15.855514168157445,
    "Q5_default": 17.475065514314203,
    "Q95_default": 75.04741967962372,
    "best_balanced": 48.621186272179635,
    "mean_balanced": 38.42590346910004,
    "std_balanced": 3.7799216212392492,
    "Q5_balanced": 32.384976581450275,
    "Q95_balanced": 44.58078945862729,
    "best_default_explore": 39.60676229411624,
    "mean_default_explore": 32.314225946199116,
    "std_default_explore": 5.159029185953623,
    "Q5_default_explore": 23.09120070232368,
    "Q95_default_explore": 39.59067004992813,
    "best_balanced_explore": 43.54263752623203,
    "mean_balanced_explore": 38.99073144852383,
    "std_balanced_explore": 2.792709747291244,
    "Q5_balanced_explore": 34.511122154177606,
    "Q95_balanced_explore": 43.14564307224559
}