{
    "gen": 29,
    "enemies": [
        5
    ],
    "results": [
        {
            "gain": 48.80000000000011,
            "fitness": 81.00265319018197,
            "fitness_balanced": 89.26878821817868,
            "wins": [
                0.75
            ]
        }
    ]
}