{
    "gen": 29,
    "enemies": [
        7
    ],
    "results": [
        {
            "gain": -11.799999999999983,
            "fitness": 59.49524090551247,
            "fitness_balanced": 30.171686262697698,
            "wins": [
                0.2
            ]
        }
    ]
}