{
    "gen": 29,
    "enemies": [
        1,
        2,
        3,
        4,
        5,
        6,
        7,
        8
    ],
    "results": [
        {
            "gain": -420.1999999999997,
            "fitness": -6.086877571577688,
            "fitness_balanced": 4.266658723102254,
            "gains": [
                -100,
                20,
                -70.0,
                -90.0,
                -90.0,
                -70.0,
                59.80000000000033,
                -80.0
            ],
            "wins": [
                false,
                true,
                false,
                false,
                false,
                false,
                true,
                false
            ]
        },
        {
            "gain": -420.1999999999997,
            "fitness": -6.086877571577688,
            "fitness_balanced": 4.266658723102254,
            "gains": [
                -100,
                20,
                -70.0,
                -90.0,
                -90.0,
                -70.0,
                59.80000000000033,
                -80.0
            ],
            "wins": [
                false,
                true,
                false,
                false,
                false,
                false,
                true,
                false
            ]
        },
        {
            "gain": -420.1999999999997,
            "fitness": -6.086877571577688,
            "fitness_balanced": 4.266658723102254,
            "gains": [
                -100,
                20,
                -70.0,
                -90.0,
                -90.0,
                -70.0,
                59.80000000000033,
                -80.0
            ],
            "wins": [
                false,
                true,
                false,
                false,
                false,
                false,
                true,
                false
            ]
        },
        {
            "gain": -420.1999999999997,
            "fitness": -6.086877571577688,
            "fitness_balanced": 4.266658723102254,
            "gains": [
                -100,
                20,
                -70.0,
                -90.0,
                -90.0,
                -70.0,
                59.80000000000033,
                -80.0
            ],
            "wins": [
                false,
                true,
                false,
                false,
                false,
                false,
                true,
                false
            ]
        },
        {
            "gain": -420.1999999999997,
            "fitness": -6.086877571577688,
            "fitness_balanced": 4.266658723102254,
            "gains": [
                -100,
                20,
                -70.0,
                -90.0,
                -90.0,
                -70.0,
                59.80000000000033,
                -80.0
            ],
            "wins": [
                false,
                true,
                false,
                false,
                false,
                false,
                true,
                false
            ]
        }
    ]
}