{
    "experiment_name": "[1, 2, 3, 4, 5, 6, 7, 8]_all_enemies_f-rank",
    "enemies": [
        1,
        2,
        3,
        4,
        5,
        6,
        7,
        8
    ],
    "n_hidden_neurons": 10,
    "domain_upper": 1,
    "domain_lower": -1,
    "pop_size": 100,
    "gens": 30,
    "mutation_rate": 0.2,
    "normalization_method": "default",
    "fitness_method": "rank",
    "pick_parent_method": "multinomial",
    "survivor_method": "multinomial",
    "randomini": "no",
    "headless": true,
    "multi_ini": false,
    "crossover_method": "none",
    "mutation_type": "stochastic_decaying",
    "start_new": true,
    "gen": 29,
    "best_default": 54.55314592332681,
    "mean_default": 32.47767913979085,
    "std_default": 7.230322272263693,
    "Q5_default": 20.60022318020716,
    "Q95_default": 44.557665353283134,
    "best_balanced": 37.950085791783316,
    "mean_balanced": 36.868530394415245,
    "std_balanced": 3.407325977967766,
    "Q5_balanced": 32.84980849806081,
    "Q95_balanced": 43.14432671430267
}