{
    "gen": 29,
    "enemies": [
        5
    ],
    "results": [
        {
            "gain": 77.5000000000002,
            "fitness": 91.9339866555276,
            "fitness_balanced": 82.41079506867479,
            "wins": [
                1.0
            ]
        }
    ]
}