{
    "gen": 29,
    "enemies": [
        3
    ],
    "results": [
        {
            "gain": 10.0,
            "fitness": 72.23910264740881,
            "fitness_balanced": 67.01354799471557,
            "wins": [
                0.6
            ]
        }
    ]
}