{
    "gen": 29,
    "enemies": [
        6
    ],
    "results": [
        {
            "gain": -21.559999999999953,
            "fitness": 64.74707099414685,
            "fitness_balanced": 29.266658723102253,
            "wins": [
                0.2
            ]
        }
    ]
}