{
    "gen": 29,
    "enemies": [
        4
    ],
    "results": [
        {
            "gain": -26.0,
            "fitness": 60.50254332623918,
            "fitness_balanced": 28.952627820953722,
            "wins": [
                0.0
            ]
        }
    ]
}