{
    "gen": 29,
    "enemies": [
        7
    ],
    "results": [
        {
            "gain": 6.400000000000124,
            "fitness": 70.82139413419564,
            "fitness_balanced": 71.37853908213792,
            "wins": [
                0.4
            ]
        }
    ]
}