{
    "gen": 29,
    "enemies": [
        1,
        2,
        3,
        4,
        5,
        6,
        7,
        8
    ],
    "results": [
        {
            "gain": -223.99999999999915,
            "fitness": 10.921055039475092,
            "fitness_balanced": 68.35586874329971,
            "gains": [
                -80.0,
                -70.0,
                -10.0,
                26.20000000000025,
                -29.79999999999969,
                -10.0,
                -100,
                49.60000000000031
            ],
            "wins": [
                false,
                false,
                false,
                true,
                false,
                false,
                false,
                true
            ]
        },
        {
            "gain": -223.99999999999915,
            "fitness": 10.921055039475092,
            "fitness_balanced": 68.35586874329971,
            "gains": [
                -80.0,
                -70.0,
                -10.0,
                26.20000000000025,
                -29.79999999999969,
                -10.0,
                -100,
                49.60000000000031
            ],
            "wins": [
                false,
                false,
                false,
                true,
                false,
                false,
                false,
                true
            ]
        },
        {
            "gain": -223.99999999999915,
            "fitness": 10.921055039475092,
            "fitness_balanced": 68.35586874329971,
            "gains": [
                -80.0,
                -70.0,
                -10.0,
                26.20000000000025,
                -29.79999999999969,
                -10.0,
                -100,
                49.60000000000031
            ],
            "wins": [
                false,
                false,
                false,
                true,
                false,
                false,
                false,
                true
            ]
        },
        {
            "gain": -223.99999999999915,
            "fitness": 10.921055039475092,
            "fitness_balanced": 68.35586874329971,
            "gains": [
                -80.0,
                -70.0,
                -10.0,
                26.20000000000025,
                -29.79999999999969,
                -10.0,
                -100,
                49.60000000000031
            ],
            "wins": [
                false,
                false,
                false,
                true,
                false,
                false,
                false,
                true
            ]
        },
        {
            "gain": -223.99999999999915,
            "fitness": 10.921055039475092,
            "fitness_balanced": 68.35586874329971,
            "gains": [
                -80.0,
                -70.0,
                -10.0,
                26.20000000000025,
                -29.79999999999969,
                -10.0,
                -100,
                49.60000000000031
            ],
            "wins": [
                false,
                false,
                false,
                true,
                false,
                false,
                false,
                true
            ]
        }
    ]
}