{
    "gen": 29,
    "enemies": [
        7
    ],
    "results": [
        {
            "gain": 73.60000000000025,
            "fitness": 92.00814186652396,
            "fitness_balanced": 81.44341372532811,
            "wins": [
                true
            ]
        }
    ]
}