{
    "gen": 29,
    "enemies": [
        4
    ],
    "results": [
        {
            "gain": -18.799999999999883,
            "fitness": 52.67664297332999,
            "fitness_balanced": 32.88930387702117,
            "wins": [
                0.4
            ]
        }
    ]
}