{
    "gen": 29,
    "enemies": [
        1,
        2,
        3,
        4,
        5,
        6,
        7,
        8
    ],
    "results": [
        {
            "gain": -88.7999999999997,
            "fitness": 22.457766090519865,
            "fitness_balanced": 63.029262271997645,
            "gains": [
                -60.0,
                76,
                -60.0,
                -80.0,
                97.00000000000003,
                -50.0,
                -50.0,
                38.20000000000028
            ],
            "wins": [
                false,
                true,
                false,
                false,
                true,
                false,
                false,
                true
            ]
        },
        {
            "gain": -88.7999999999997,
            "fitness": 22.457766090519865,
            "fitness_balanced": 63.029262271997645,
            "gains": [
                -60.0,
                76,
                -60.0,
                -80.0,
                97.00000000000003,
                -50.0,
                -50.0,
                38.20000000000028
            ],
            "wins": [
                false,
                true,
                false,
                false,
                true,
                false,
                false,
                true
            ]
        },
        {
            "gain": -88.7999999999997,
            "fitness": 22.457766090519865,
            "fitness_balanced": 63.029262271997645,
            "gains": [
                -60.0,
                76,
                -60.0,
                -80.0,
                97.00000000000003,
                -50.0,
                -50.0,
                38.20000000000028
            ],
            "wins": [
                false,
                true,
                false,
                false,
                true,
                false,
                false,
                true
            ]
        },
        {
            "gain": -88.7999999999997,
            "fitness": 22.457766090519865,
            "fitness_balanced": 63.029262271997645,
            "gains": [
                -60.0,
                76,
                -60.0,
                -80.0,
                97.00000000000003,
                -50.0,
                -50.0,
                38.20000000000028
            ],
            "wins": [
                false,
                true,
                false,
                false,
                true,
                false,
                false,
                true
            ]
        },
        {
            "gain": -88.7999999999997,
            "fitness": 22.457766090519865,
            "fitness_balanced": 63.029262271997645,
            "gains": [
                -60.0,
                76,
                -60.0,
                -80.0,
                97.00000000000003,
                -50.0,
                -50.0,
                38.20000000000028
            ],
            "wins": [
                false,
                true,
                false,
                false,
                true,
                false,
                false,
                true
            ]
        }
    ]
}