{
    "gen": 29,
    "enemies": [
        5
    ],
    "results": [
        {
            "gain": 97.00000000000003,
            "fitness": 94.64375419465169,
            "fitness_balanced": 93.43740496697305,
            "wins": [
                true
            ]
        }
    ]
}