{
    "gen": 29,
    "enemies": [
        1,
        2,
        3,
        4,
        5,
        6,
        7,
        8
    ],
    "results": [
        {
            "gain": -170.3999999999998,
            "fitness": 17.889650384484934,
            "fitness_balanced": 14.540414485855841,
            "gains": [
                -30.0,
                -70.0,
                -50.0,
                -60.0,
                86.80000000000013,
                -80.0,
                92.80000000000007,
                -60.0
            ],
            "wins": [
                false,
                false,
                false,
                false,
                true,
                false,
                true,
                false
            ]
        },
        {
            "gain": -170.3999999999998,
            "fitness": 17.889650384484934,
            "fitness_balanced": 14.540414485855841,
            "gains": [
                -30.0,
                -70.0,
                -50.0,
                -60.0,
                86.80000000000013,
                -80.0,
                92.80000000000007,
                -60.0
            ],
            "wins": [
                false,
                false,
                false,
                false,
                true,
                false,
                true,
                false
            ]
        },
        {
            "gain": -170.3999999999998,
            "fitness": 17.889650384484934,
            "fitness_balanced": 14.540414485855841,
            "gains": [
                -30.0,
                -70.0,
                -50.0,
                -60.0,
                86.80000000000013,
                -80.0,
                92.80000000000007,
                -60.0
            ],
            "wins": [
                false,
                false,
                false,
                false,
                true,
                false,
                true,
                false
            ]
        },
        {
            "gain": -170.3999999999998,
            "fitness": 17.889650384484934,
            "fitness_balanced": 14.540414485855841,
            "gains": [
                -30.0,
                -70.0,
                -50.0,
                -60.0,
                86.80000000000013,
                -80.0,
                92.80000000000007,
                -60.0
            ],
            "wins": [
                false,
                false,
                false,
                false,
                true,
                false,
                true,
                false
            ]
        },
        {
            "gain": -170.3999999999998,
            "fitness": 17.889650384484934,
            "fitness_balanced": 14.540414485855841,
            "gains": [
                -30.0,
                -70.0,
                -50.0,
                -60.0,
                86.80000000000013,
                -80.0,
                92.80000000000007,
                -60.0
            ],
            "wins": [
                false,
                false,
                false,
                false,
                true,
                false,
                true,
                false
            ]
        }
    ]
}