{
    "gen": 29,
    "enemies": [
        1,
        2,
        3,
        4,
        5,
        6,
        7,
        8
    ],
    "results": [
        {
            "gain": -211.99999999999952,
            "fitness": 15.134189660602658,
            "fitness_balanced": 2.6501710572338375,
            "gains": [
                -70.0,
                -20.0,
                -30.0,
                80.80000000000018,
                47.2000000000003,
                -80.0,
                -100,
                -40.0
            ],
            "wins": [
                false,
                false,
                false,
                true,
                true,
                false,
                false,
                false
            ]
        },
        {
            "gain": -211.99999999999952,
            "fitness": 15.134189660602658,
            "fitness_balanced": 2.6501710572338375,
            "gains": [
                -70.0,
                -20.0,
                -30.0,
                80.80000000000018,
                47.2000000000003,
                -80.0,
                -100,
                -40.0
            ],
            "wins": [
                false,
                false,
                false,
                true,
                true,
                false,
                false,
                false
            ]
        },
        {
            "gain": -211.99999999999952,
            "fitness": 15.134189660602658,
            "fitness_balanced": 2.6501710572338375,
            "gains": [
                -70.0,
                -20.0,
                -30.0,
                80.80000000000018,
                47.2000000000003,
                -80.0,
                -100,
                -40.0
            ],
            "wins": [
                false,
                false,
                false,
                true,
                true,
                false,
                false,
                false
            ]
        },
        {
            "gain": -211.99999999999952,
            "fitness": 15.134189660602658,
            "fitness_balanced": 2.6501710572338375,
            "gains": [
                -70.0,
                -20.0,
                -30.0,
                80.80000000000018,
                47.2000000000003,
                -80.0,
                -100,
                -40.0
            ],
            "wins": [
                false,
                false,
                false,
                true,
                true,
                false,
                false,
                false
            ]
        },
        {
            "gain": -211.99999999999952,
            "fitness": 15.134189660602658,
            "fitness_balanced": 2.6501710572338375,
            "gains": [
                -70.0,
                -20.0,
                -30.0,
                80.80000000000018,
                47.2000000000003,
                -80.0,
                -100,
                -40.0
            ],
            "wins": [
                false,
                false,
                false,
                true,
                true,
                false,
                false,
                false
            ]
        }
    ]
}