{
    "gen": 29,
    "enemies": [
        5
    ],
    "results": [
        {
            "gain": 87.25000000000013,
            "fitness": 93.40630990440062,
            "fitness_balanced": 89.53740496697309,
            "wins": [
                1.0
            ]
        }
    ]
}