{
    "gen": 29,
    "enemies": [
        5
    ],
    "results": [
        {
            "gain": 71.95000000000019,
            "fitness": 91.52995615512278,
            "fitness_balanced": 84.27853908213785,
            "wins": [
                1.0
            ]
        }
    ]
}