{
    "gen": 29,
    "enemies": [
        1,
        2,
        3,
        4,
        5,
        6,
        7,
        8
    ],
    "results": [
        {
            "gain": -63.19999999999915,
            "fitness": 22.40652369591254,
            "fitness_balanced": 62.62506926914811,
            "gains": [
                -90.0,
                88,
                -50.0,
                -60.0,
                61.000000000000334,
                -70.0,
                20.80000000000024,
                37.00000000000028
            ],
            "wins": [
                false,
                true,
                false,
                false,
                true,
                false,
                true,
                true
            ]
        },
        {
            "gain": -63.19999999999915,
            "fitness": 22.40652369591254,
            "fitness_balanced": 62.62506926914811,
            "gains": [
                -90.0,
                88,
                -50.0,
                -60.0,
                61.000000000000334,
                -70.0,
                20.80000000000024,
                37.00000000000028
            ],
            "wins": [
                false,
                true,
                false,
                false,
                true,
                false,
                true,
                true
            ]
        },
        {
            "gain": -63.19999999999915,
            "fitness": 22.40652369591254,
            "fitness_balanced": 62.62506926914811,
            "gains": [
                -90.0,
                88,
                -50.0,
                -60.0,
                61.000000000000334,
                -70.0,
                20.80000000000024,
                37.00000000000028
            ],
            "wins": [
                false,
                true,
                false,
                false,
                true,
                false,
                true,
                true
            ]
        },
        {
            "gain": -63.19999999999915,
            "fitness": 22.40652369591254,
            "fitness_balanced": 62.62506926914811,
            "gains": [
                -90.0,
                88,
                -50.0,
                -60.0,
                61.000000000000334,
                -70.0,
                20.80000000000024,
                37.00000000000028
            ],
            "wins": [
                false,
                true,
                false,
                false,
                true,
                false,
                true,
                true
            ]
        },
        {
            "gain": -63.19999999999915,
            "fitness": 22.40652369591254,
            "fitness_balanced": 62.62506926914811,
            "gains": [
                -90.0,
                88,
                -50.0,
                -60.0,
                61.000000000000334,
                -70.0,
                20.80000000000024,
                37.00000000000028
            ],
            "wins": [
                false,
                true,
                false,
                false,
                true,
                false,
                true,
                true
            ]
        }
    ]
}