{
    "gen": 29,
    "enemies": [
        8
    ],
    "results": [
        {
            "gain": 53.80000000000032,
            "fitness": 89.93326262833372,
            "fitness_balanced": 71.44896154643446,
            "wins": [
                true
            ]
        }
    ]
}