{
    "gen": 29,
    "enemies": [
        1,
        2,
        3,
        4,
        5,
        6,
        7,
        8
    ],
    "results": [
        {
            "gain": -366.3999999999997,
            "fitness": -3.6273089168344015,
            "fitness_balanced": -9.040827000244207,
            "gains": [
                100,
                -80.0,
                -100,
                -80.0,
                -46.39999999999971,
                -70.0,
                -20.0,
                -70.0
            ],
            "wins": [
                true,
                false,
                false,
                false,
                false,
                false,
                false,
                false
            ]
        },
        {
            "gain": -366.3999999999997,
            "fitness": -3.6273089168344015,
            "fitness_balanced": -9.040827000244207,
            "gains": [
                100,
                -80.0,
                -100,
                -80.0,
                -46.39999999999971,
                -70.0,
                -20.0,
                -70.0
            ],
            "wins": [
                true,
                false,
                false,
                false,
                false,
                false,
                false,
                false
            ]
        },
        {
            "gain": -366.3999999999997,
            "fitness": -3.6273089168344015,
            "fitness_balanced": -9.040827000244207,
            "gains": [
                100,
                -80.0,
                -100,
                -80.0,
                -46.39999999999971,
                -70.0,
                -20.0,
                -70.0
            ],
            "wins": [
                true,
                false,
                false,
                false,
                false,
                false,
                false,
                false
            ]
        },
        {
            "gain": -366.3999999999997,
            "fitness": -3.6273089168344015,
            "fitness_balanced": -9.040827000244207,
            "gains": [
                100,
                -80.0,
                -100,
                -80.0,
                -46.39999999999971,
                -70.0,
                -20.0,
                -70.0
            ],
            "wins": [
                true,
                false,
                false,
                false,
                false,
                false,
                false,
                false
            ]
        },
        {
            "gain": -366.3999999999997,
            "fitness": -3.6273089168344015,
            "fitness_balanced": -9.040827000244207,
            "gains": [
                100,
                -80.0,
                -100,
                -80.0,
                -46.39999999999971,
                -70.0,
                -20.0,
                -70.0
            ],
            "wins": [
                true,
                false,
                false,
                false,
                false,
                false,
                false,
                false
            ]
        }
    ]
}