{
    "gen": 29,
    "enemies": [
        2
    ],
    "results": [
        {
            "gain": 2.8,
            "fitness": 72.94591234318023,
            "fitness_balanced": 38.60307034478385,
            "wins": [
                0.2
            ]
        }
    ]
}