{
    "gen": 29,
    "enemies": [
        1,
        2,
        3,
        4,
        5,
        6,
        7,
        8
    ],
    "results": [
        {
            "gain": -185.39999999999966,
            "fitness": 10.045406600999847,
            "fitness_balanced": -0.819495659286197,
            "gains": [
                -20.0,
                -50.0,
                -80.0,
                -10.0,
                78.4000000000002,
                -90.0,
                -100,
                86.20000000000013
            ],
            "wins": [
                false,
                false,
                false,
                false,
                true,
                false,
                false,
                true
            ]
        },
        {
            "gain": -185.39999999999966,
            "fitness": 10.045406600999847,
            "fitness_balanced": -0.819495659286197,
            "gains": [
                -20.0,
                -50.0,
                -80.0,
                -10.0,
                78.4000000000002,
                -90.0,
                -100,
                86.20000000000013
            ],
            "wins": [
                false,
                false,
                false,
                false,
                true,
                false,
                false,
                true
            ]
        },
        {
            "gain": -185.39999999999966,
            "fitness": 10.045406600999847,
            "fitness_balanced": -0.819495659286197,
            "gains": [
                -20.0,
                -50.0,
                -80.0,
                -10.0,
                78.4000000000002,
                -90.0,
                -100,
                86.20000000000013
            ],
            "wins": [
                false,
                false,
                false,
                false,
                true,
                false,
                false,
                true
            ]
        },
        {
            "gain": -185.39999999999966,
            "fitness": 10.045406600999847,
            "fitness_balanced": -0.819495659286197,
            "gains": [
                -20.0,
                -50.0,
                -80.0,
                -10.0,
                78.4000000000002,
                -90.0,
                -100,
                86.20000000000013
            ],
            "wins": [
                false,
                false,
                false,
                false,
                true,
                false,
                false,
                true
            ]
        },
        {
            "gain": -185.39999999999966,
            "fitness": 10.045406600999847,
            "fitness_balanced": -0.819495659286197,
            "gains": [
                -20.0,
                -50.0,
                -80.0,
                -10.0,
                78.4000000000002,
                -90.0,
                -100,
                86.20000000000013
            ],
            "wins": [
                false,
                false,
                false,
                false,
                true,
                false,
                false,
                true
            ]
        }
    ]
}