{
    "gen": 19,
    "enemies": [
        8
    ],
    "results": [
        {
            "gain": 68.2000000000003,
            "fitness": 91.01788162462297,
            "fitness_balanced": 78.29486503108366,
            "wins": [
                true
            ]
        }
    ]
}