{
    "gen": 29,
    "enemies": [
        1,
        2,
        3,
        4,
        5,
        6,
        7,
        8
    ],
    "results": [
        {
            "gain": -121.59999999999916,
            "fitness": 17.220017794183704,
            "fitness_balanced": 5.280458499864267,
            "gains": [
                -70.0,
                -70.0,
                -20.0,
                59.80000000000033,
                77.80000000000021,
                -50.0,
                -100,
                50.80000000000031
            ],
            "wins": [
                false,
                false,
                false,
                true,
                true,
                false,
                false,
                true
            ]
        },
        {
            "gain": -121.59999999999916,
            "fitness": 17.220017794183704,
            "fitness_balanced": 5.280458499864267,
            "gains": [
                -70.0,
                -70.0,
                -20.0,
                59.80000000000033,
                77.80000000000021,
                -50.0,
                -100,
                50.80000000000031
            ],
            "wins": [
                false,
                false,
                false,
                true,
                true,
                false,
                false,
                true
            ]
        },
        {
            "gain": -121.59999999999916,
            "fitness": 17.220017794183704,
            "fitness_balanced": 5.280458499864267,
            "gains": [
                -70.0,
                -70.0,
                -20.0,
                59.80000000000033,
                77.80000000000021,
                -50.0,
                -100,
                50.80000000000031
            ],
            "wins": [
                false,
                false,
                false,
                true,
                true,
                false,
                false,
                true
            ]
        },
        {
            "gain": -121.59999999999916,
            "fitness": 17.220017794183704,
            "fitness_balanced": 5.280458499864267,
            "gains": [
                -70.0,
                -70.0,
                -20.0,
                59.80000000000033,
                77.80000000000021,
                -50.0,
                -100,
                50.80000000000031
            ],
            "wins": [
                false,
                false,
                false,
                true,
                true,
                false,
                false,
                true
            ]
        },
        {
            "gain": -121.59999999999916,
            "fitness": 17.220017794183704,
            "fitness_balanced": 5.280458499864267,
            "gains": [
                -70.0,
                -70.0,
                -20.0,
                59.80000000000033,
                77.80000000000021,
                -50.0,
                -100,
                50.80000000000031
            ],
            "wins": [
                false,
                false,
                false,
                true,
                true,
                false,
                false,
                true
            ]
        }
    ]
}