{
    "gen": 29,
    "enemies": [
        8
    ],
    "results": [
        {
            "gain": 26.88000000000016,
            "fitness": 77.09171826791406,
            "fitness_balanced": 28.748096116834112,
            "wins": [
                0.6
            ]
        }
    ]
}