{
    "gen": 29,
    "enemies": [
        4
    ],
    "results": [
        {
            "gain": 31.600000000000264,
            "fitness": 86.4494768905476,
            "fitness_balanced": 59.08825960494394,
            "wins": [
                true
            ]
        }
    ]
}