{
    "gen": 29,
    "enemies": [
        1,
        2,
        3,
        4,
        5,
        6,
        7,
        8
    ],
    "results": [
        {
            "gain": -458.9999999999999,
            "fitness": -10.466552333876319,
            "fitness_balanced": 8.466211162066656,
            "gains": [
                -20.0,
                -90.0,
                -80.0,
                -90.0,
                91.00000000000009,
                -100,
                -100,
                -70.0
            ],
            "wins": [
                false,
                false,
                false,
                false,
                true,
                false,
                false,
                false
            ]
        },
        {
            "gain": -458.9999999999999,
            "fitness": -10.466552333876319,
            "fitness_balanced": 8.466211162066656,
            "gains": [
                -20.0,
                -90.0,
                -80.0,
                -90.0,
                91.00000000000009,
                -100,
                -100,
                -70.0
            ],
            "wins": [
                false,
                false,
                false,
                false,
                true,
                false,
                false,
                false
            ]
        },
        {
            "gain": -458.9999999999999,
            "fitness": -10.466552333876319,
            "fitness_balanced": 8.466211162066656,
            "gains": [
                -20.0,
                -90.0,
                -80.0,
                -90.0,
                91.00000000000009,
                -100,
                -100,
                -70.0
            ],
            "wins": [
                false,
                false,
                false,
                false,
                true,
                false,
                false,
                false
            ]
        },
        {
            "gain": -458.9999999999999,
            "fitness": -10.466552333876319,
            "fitness_balanced": 8.466211162066656,
            "gains": [
                -20.0,
                -90.0,
                -80.0,
                -90.0,
                91.00000000000009,
                -100,
                -100,
                -70.0
            ],
            "wins": [
                false,
                false,
                false,
                false,
                true,
                false,
                false,
                false
            ]
        },
        {
            "gain": -458.9999999999999,
            "fitness": -10.466552333876319,
            "fitness_balanced": 8.466211162066656,
            "gains": [
                -20.0,
                -90.0,
                -80.0,
                -90.0,
                91.00000000000009,
                -100,
                -100,
                -70.0
            ],
            "wins": [
                false,
                false,
                false,
                false,
                true,
                false,
                false,
                false
            ]
        }
    ]
}