{
    "gen": 29,
    "enemies": [
        3
    ],
    "results": [
        {
            "gain": 72,
            "fitness": 91.15974528872259,
            "fitness_balanced": 79.95736716631762,
            "wins": [
                true
            ]
        }
    ]
}