{
    "gen": 29,
    "enemies": [
        1,
        2,
        3,
        4,
        5,
        6,
        7,
        8
    ],
    "results": [
        {
            "gain": -42.399999999999125,
            "fitness": 25.32868110348833,
            "fitness_balanced": 10.835314644696783,
            "gains": [
                -70.0,
                64,
                -50.0,
                -70.0,
                64.00000000000034,
                -70.0,
                68.8000000000003,
                20.80000000000024
            ],
            "wins": [
                false,
                true,
                false,
                false,
                true,
                false,
                true,
                true
            ]
        },
        {
            "gain": -42.399999999999125,
            "fitness": 25.32868110348833,
            "fitness_balanced": 10.835314644696783,
            "gains": [
                -70.0,
                64,
                -50.0,
                -70.0,
                64.00000000000034,
                -70.0,
                68.8000000000003,
                20.80000000000024
            ],
            "wins": [
                false,
                true,
                false,
                false,
                true,
                false,
                true,
                true
            ]
        },
        {
            "gain": -42.399999999999125,
            "fitness": 25.32868110348833,
            "fitness_balanced": 10.835314644696783,
            "gains": [
                -70.0,
                64,
                -50.0,
                -70.0,
                64.00000000000034,
                -70.0,
                68.8000000000003,
                20.80000000000024
            ],
            "wins": [
                false,
                true,
                false,
                false,
                true,
                false,
                true,
                true
            ]
        },
        {
            "gain": -42.399999999999125,
            "fitness": 25.32868110348833,
            "fitness_balanced": 10.835314644696783,
            "gains": [
                -70.0,
                64,
                -50.0,
                -70.0,
                64.00000000000034,
                -70.0,
                68.8000000000003,
                20.80000000000024
            ],
            "wins": [
                false,
                true,
                false,
                false,
                true,
                false,
                true,
                true
            ]
        },
        {
            "gain": -42.399999999999125,
            "fitness": 25.32868110348833,
            "fitness_balanced": 10.835314644696783,
            "gains": [
                -70.0,
                64,
                -50.0,
                -70.0,
                64.00000000000034,
                -70.0,
                68.8000000000003,
                20.80000000000024
            ],
            "wins": [
                false,
                true,
                false,
                false,
                true,
                false,
                true,
                true
            ]
        }
    ]
}