{
    "experiment_name": "[1, 2, 3, 4, 5, 6, 7, 8]_all_enemies_f-rank",
    "enemies": [
        1,
        2,
        3,
        4,
        5,
        6,
        7,
        8
    ],
    "n_hidden_neurons": 10,
    "domain_upper": 1,
    "domain_lower": -1,
    "pop_size": 100,
    "gens": 30,
    "mutation_rate": 0.2,
    "normalization_method": "default",
    "fitness_method": "rank",
    "pick_parent_method": "multinomial",
    "survivor_method": "multinomial",
    "randomini": "no",
    "headless": true,
    "multi_ini": false,
    "crossover_method": "none",
    "mutation_type": "stochastic_decaying",
    "start_new": true,
    "gen": 29,
    "best_default": 39.50040266390931,
    "mean_default": 31.566939738307177,
    "std_default": 4.920142526404705,
    "Q5_default": 24.59937876018427,
    "Q95_default": 38.61036017434513,
    "best_balanced": 47.1716292005906,
    "mean_balanced": 41.075465889387026,
    "std_balanced": 3.538312980916043,
    "Q5_balanced": 35.81938985666422,
    "Q95_balanced": 46.930689314747895
}