{
    "experiment_name": "[1, 2, 3, 4, 5, 6, 7, 8]_all_enemies_f-rank",
    "enemies": [
        1,
        2,
        3,
        4,
        5,
        6,
        7,
        8
    ],
    "n_hidden_neurons": 10,
    "domain_upper": 1,
    "domain_lower": -1,
    "pop_size": 100,
    "gens": 100,
    "mutation_rate": 0.2,
    "normalization_method": "default",
    "fitness_method": "rank",
    "pick_parent_method": "multinomial",
    "survivor_method": "multinomial",
    "randomini": "no",
    "headless": true,
    "multi_ini": false,
    "crossover_method": "none",
    "mutation_type": "stochastic_decaying",
    "start_new": false,
    "gen": 99,
    "best_default": 53.61638503525353,
    "mean_default": 32.887945741229544,
    "std_default": 10.314046328475472,
    "Q5_default": 19.09429936824791,
    "Q95_default": 53.61638503525353,
    "best_balanced": 50.42805028234628,
    "mean_balanced": 42.87050416479296,
    "std_balanced": 6.70765590991328,
    "Q5_balanced": 36.243596870362055,
    "Q95_balanced": 50.42805028234628
}