{
    "gen": 29,
    "enemies": [
        1,
        2,
        3,
        4,
        5,
        6,
        7,
        8
    ],
    "results": [
        {
            "gain": -83.75999999999915,
            "fitness": 26.96757148909798,
            "fitness_balanced": 68.87959913428301,
            "wins": [
                0.0,
                1.0,
                0.0,
                0.0,
                1.0,
                0.0,
                1.0,
                1.0
            ]
        }
    ]
}