{
    "gen": 29,
    "enemies": [
        1
    ],
    "results": [
        {
            "gain": -2.5,
            "fitness": 62.5093127806061,
            "fitness_balanced": 34.1888590070233,
            "wins": [
                0.25
            ]
        }
    ]
}