{
    "gen": 19,
    "enemies": [
        3
    ],
    "results": [
        {
            "gain": -60.0,
            "fitness": 30.17695410451698,
            "fitness_balanced": 14.17399989261955,
            "wins": [
                false
            ]
        }
    ]
}