{
    "gen": 29,
    "enemies": [
        4
    ],
    "results": [
        {
            "gain": -3.959999999999906,
            "fitness": 55.76662772995771,
            "fitness_balanced": 81.15945347071143,
            "wins": [
                0.4
            ]
        }
    ]
}