{
    "gen": 29,
    "enemies": [
        1,
        2,
        3,
        4,
        5,
        6,
        7,
        8
    ],
    "results": [
        {
            "gain": -246.79999999999956,
            "fitness": 3.2833280452993563,
            "fitness_balanced": -4.512190387640324,
            "gains": [
                -30.0,
                -90.0,
                -60.0,
                74.20000000000024,
                79.0000000000002,
                -100,
                -100,
                -20.0
            ],
            "wins": [
                false,
                false,
                false,
                true,
                true,
                false,
                false,
                false
            ]
        },
        {
            "gain": -246.79999999999956,
            "fitness": 3.2833280452993563,
            "fitness_balanced": -4.512190387640324,
            "gains": [
                -30.0,
                -90.0,
                -60.0,
                74.20000000000024,
                79.0000000000002,
                -100,
                -100,
                -20.0
            ],
            "wins": [
                false,
                false,
                false,
                true,
                true,
                false,
                false,
                false
            ]
        },
        {
            "gain": -246.79999999999956,
            "fitness": 3.2833280452993563,
            "fitness_balanced": -4.512190387640324,
            "gains": [
                -30.0,
                -90.0,
                -60.0,
                74.20000000000024,
                79.0000000000002,
                -100,
                -100,
                -20.0
            ],
            "wins": [
                false,
                false,
                false,
                true,
                true,
                false,
                false,
                false
            ]
        },
        {
            "gain": -246.79999999999956,
            "fitness": 3.2833280452993563,
            "fitness_balanced": -4.512190387640324,
            "gains": [
                -30.0,
                -90.0,
                -60.0,
                74.20000000000024,
                79.0000000000002,
                -100,
                -100,
                -20.0
            ],
            "wins": [
                false,
                false,
                false,
                true,
                true,
                false,
                false,
                false
            ]
        },
        {
            "gain": -246.79999999999956,
            "fitness": 3.2833280452993563,
            "fitness_balanced": -4.512190387640324,
            "gains": [
                -30.0,
                -90.0,
                -60.0,
                74.20000000000024,
                79.0000000000002,
                -100,
                -100,
                -20.0
            ],
            "wins": [
                false,
                false,
                false,
                true,
                true,
                false,
                false,
                false
            ]
        }
    ]
}