{
    "gen": 29,
    "enemies": [
        1,
        2,
        3,
        4,
        5,
        6,
        7,
        8
    ],
    "results": [
        {
            "gain": -384.79999999999967,
            "fitness": -4.044733828454916,
            "fitness_balanced": -8.10327270375689,
            "gains": [
                -100,
                -50.0,
                30,
                -60.0,
                65.20000000000033,
                -90.0,
                -100,
                -80.0
            ],
            "wins": [
                false,
                false,
                true,
                false,
                true,
                false,
                false,
                false
            ]
        },
        {
            "gain": -384.79999999999967,
            "fitness": -4.044733828454916,
            "fitness_balanced": -8.10327270375689,
            "gains": [
                -100,
                -50.0,
                30,
                -60.0,
                65.20000000000033,
                -90.0,
                -100,
                -80.0
            ],
            "wins": [
                false,
                false,
                true,
                false,
                true,
                false,
                false,
                false
            ]
        },
        {
            "gain": -384.79999999999967,
            "fitness": -4.044733828454916,
            "fitness_balanced": -8.10327270375689,
            "gains": [
                -100,
                -50.0,
                30,
                -60.0,
                65.20000000000033,
                -90.0,
                -100,
                -80.0
            ],
            "wins": [
                false,
                false,
                true,
                false,
                true,
                false,
                false,
                false
            ]
        },
        {
            "gain": -384.79999999999967,
            "fitness": -4.044733828454916,
            "fitness_balanced": -8.10327270375689,
            "gains": [
                -100,
                -50.0,
                30,
                -60.0,
                65.20000000000033,
                -90.0,
                -100,
                -80.0
            ],
            "wins": [
                false,
                false,
                true,
                false,
                true,
                false,
                false,
                false
            ]
        },
        {
            "gain": -384.79999999999967,
            "fitness": -4.044733828454916,
            "fitness_balanced": -8.10327270375689,
            "gains": [
                -100,
                -50.0,
                30,
                -60.0,
                65.20000000000033,
                -90.0,
                -100,
                -80.0
            ],
            "wins": [
                false,
                false,
                true,
                false,
                true,
                false,
                false,
                false
            ]
        }
    ]
}