{
    "gen": 29,
    "enemies": [
        3
    ],
    "results": [
        {
            "gain": 30,
            "fitness": 86.81173587691741,
            "fitness_balanced": 58.80968459414685,
            "wins": [
                true
            ]
        }
    ]
}