{
    "gen": 29,
    "enemies": [
        1,
        2,
        3,
        4,
        5,
        6,
        7,
        8
    ],
    "results": [
        {
            "gain": -450.19999999999993,
            "fitness": -4.510208324508486,
            "fitness_balanced": 8.943215986771374,
            "gains": [
                -50.0,
                -70.0,
                -80.0,
                -70.0,
                89.8000000000001,
                -100,
                -100,
                -70.0
            ],
            "wins": [
                false,
                false,
                false,
                false,
                true,
                false,
                false,
                false
            ]
        },
        {
            "gain": -450.19999999999993,
            "fitness": -4.510208324508486,
            "fitness_balanced": 8.943215986771374,
            "gains": [
                -50.0,
                -70.0,
                -80.0,
                -70.0,
                89.8000000000001,
                -100,
                -100,
                -70.0
            ],
            "wins": [
                false,
                false,
                false,
                false,
                true,
                false,
                false,
                false
            ]
        },
        {
            "gain": -450.19999999999993,
            "fitness": -4.510208324508486,
            "fitness_balanced": 8.943215986771374,
            "gains": [
                -50.0,
                -70.0,
                -80.0,
                -70.0,
                89.8000000000001,
                -100,
                -100,
                -70.0
            ],
            "wins": [
                false,
                false,
                false,
                false,
                true,
                false,
                false,
                false
            ]
        },
        {
            "gain": -450.19999999999993,
            "fitness": -4.510208324508486,
            "fitness_balanced": 8.943215986771374,
            "gains": [
                -50.0,
                -70.0,
                -80.0,
                -70.0,
                89.8000000000001,
                -100,
                -100,
                -70.0
            ],
            "wins": [
                false,
                false,
                false,
                false,
                true,
                false,
                false,
                false
            ]
        },
        {
            "gain": -450.19999999999993,
            "fitness": -4.510208324508486,
            "fitness_balanced": 8.943215986771374,
            "gains": [
                -50.0,
                -70.0,
                -80.0,
                -70.0,
                89.8000000000001,
                -100,
                -100,
                -70.0
            ],
            "wins": [
                false,
                false,
                false,
                false,
                true,
                false,
                false,
                false
            ]
        }
    ]
}