{
    "gen": 29,
    "enemies": [
        1,
        2,
        3,
        4,
        5,
        6,
        7,
        8
    ],
    "results": [
        {
            "gain": -334.3999999999994,
            "fitness": -4.252883211964004,
            "fitness_balanced": 58.456455582968765,
            "gains": [
                -100,
                28,
                -70.0,
                -90.0,
                -90.0,
                -90.0,
                49.000000000000306,
                28.600000000000257
            ],
            "wins": [
                false,
                true,
                false,
                false,
                false,
                false,
                true,
                true
            ]
        },
        {
            "gain": -334.3999999999994,
            "fitness": -4.252883211964004,
            "fitness_balanced": 58.456455582968765,
            "gains": [
                -100,
                28,
                -70.0,
                -90.0,
                -90.0,
                -90.0,
                49.000000000000306,
                28.600000000000257
            ],
            "wins": [
                false,
                true,
                false,
                false,
                false,
                false,
                true,
                true
            ]
        },
        {
            "gain": -334.3999999999994,
            "fitness": -4.252883211964004,
            "fitness_balanced": 58.456455582968765,
            "gains": [
                -100,
                28,
                -70.0,
                -90.0,
                -90.0,
                -90.0,
                49.000000000000306,
                28.600000000000257
            ],
            "wins": [
                false,
                true,
                false,
                false,
                false,
                false,
                true,
                true
            ]
        },
        {
            "gain": -334.3999999999994,
            "fitness": -4.252883211964004,
            "fitness_balanced": 58.456455582968765,
            "gains": [
                -100,
                28,
                -70.0,
                -90.0,
                -90.0,
                -90.0,
                49.000000000000306,
                28.600000000000257
            ],
            "wins": [
                false,
                true,
                false,
                false,
                false,
                false,
                true,
                true
            ]
        },
        {
            "gain": -334.3999999999994,
            "fitness": -4.252883211964004,
            "fitness_balanced": 58.456455582968765,
            "gains": [
                -100,
                28,
                -70.0,
                -90.0,
                -90.0,
                -90.0,
                49.000000000000306,
                28.600000000000257
            ],
            "wins": [
                false,
                true,
                false,
                false,
                false,
                false,
                true,
                true
            ]
        }
    ]
}