{
    "gen": 29,
    "enemies": [
        6
    ],
    "results": [
        {
            "gain": -64.0,
            "fitness": 26.53215607444462,
            "fitness_balanced": 9.127882210524584,
            "wins": [
                0.0
            ]
        }
    ]
}