{
    "gen": 29,
    "enemies": [
        1,
        2,
        3,
        4,
        5,
        6,
        7,
        8
    ],
    "results": [
        {
            "gain": -289.9999999999995,
            "fitness": 5.773538961132296,
            "fitness_balanced": 59.05645558296877,
            "gains": [
                -100,
                28,
                -60.0,
                -80.0,
                -50.0,
                -90.0,
                32.200000000000266,
                29.80000000000026
            ],
            "wins": [
                false,
                true,
                false,
                false,
                false,
                false,
                true,
                true
            ]
        },
        {
            "gain": -289.9999999999995,
            "fitness": 5.773538961132296,
            "fitness_balanced": 59.05645558296877,
            "gains": [
                -100,
                28,
                -60.0,
                -80.0,
                -50.0,
                -90.0,
                32.200000000000266,
                29.80000000000026
            ],
            "wins": [
                false,
                true,
                false,
                false,
                false,
                false,
                true,
                true
            ]
        },
        {
            "gain": -289.9999999999995,
            "fitness": 5.773538961132296,
            "fitness_balanced": 59.05645558296877,
            "gains": [
                -100,
                28,
                -60.0,
                -80.0,
                -50.0,
                -90.0,
                32.200000000000266,
                29.80000000000026
            ],
            "wins": [
                false,
                true,
                false,
                false,
                false,
                false,
                true,
                true
            ]
        },
        {
            "gain": -289.9999999999995,
            "fitness": 5.773538961132296,
            "fitness_balanced": 59.05645558296877,
            "gains": [
                -100,
                28,
                -60.0,
                -80.0,
                -50.0,
                -90.0,
                32.200000000000266,
                29.80000000000026
            ],
            "wins": [
                false,
                true,
                false,
                false,
                false,
                false,
                true,
                true
            ]
        },
        {
            "gain": -289.9999999999995,
            "fitness": 5.773538961132296,
            "fitness_balanced": 59.05645558296877,
            "gains": [
                -100,
                28,
                -60.0,
                -80.0,
                -50.0,
                -90.0,
                32.200000000000266,
                29.80000000000026
            ],
            "wins": [
                false,
                true,
                false,
                false,
                false,
                false,
                true,
                true
            ]
        }
    ]
}