{
    "gen": 29,
    "enemies": [
        1
    ],
    "results": [
        {
            "gain": -37.5,
            "fitness": 50.94887446429868,
            "fitness_balanced": 34.22855887686998,
            "wins": [
                0.0
            ]
        }
    ]
}