{
    "gen": 29,
    "enemies": [
        2
    ],
    "results": [
        {
            "gain": 80.0,
            "fitness": 92.85483680626119,
            "fitness_balanced": 87.77964417492167,
            "wins": [
                1.0
            ]
        }
    ]
}