{
    "gen": 29,
    "enemies": [
        1,
        2,
        3,
        4,
        5,
        6,
        7,
        8
    ],
    "results": [
        {
            "gain": -301.79999999999967,
            "fitness": -0.42782763405161006,
            "fitness_balanced": 75.37315225241296,
            "gains": [
                -100,
                86,
                -60.0,
                -90.0,
                -80.0,
                -80.0,
                -40.0,
                62.20000000000034
            ],
            "wins": [
                false,
                true,
                false,
                false,
                false,
                false,
                false,
                true
            ]
        },
        {
            "gain": -301.79999999999967,
            "fitness": -0.42782763405161006,
            "fitness_balanced": 75.37315225241296,
            "gains": [
                -100,
                86,
                -60.0,
                -90.0,
                -80.0,
                -80.0,
                -40.0,
                62.20000000000034
            ],
            "wins": [
                false,
                true,
                false,
                false,
                false,
                false,
                false,
                true
            ]
        },
        {
            "gain": -301.79999999999967,
            "fitness": -0.42782763405161006,
            "fitness_balanced": 75.37315225241296,
            "gains": [
                -100,
                86,
                -60.0,
                -90.0,
                -80.0,
                -80.0,
                -40.0,
                62.20000000000034
            ],
            "wins": [
                false,
                true,
                false,
                false,
                false,
                false,
                false,
                true
            ]
        },
        {
            "gain": -301.79999999999967,
            "fitness": -0.42782763405161006,
            "fitness_balanced": 75.37315225241296,
            "gains": [
                -100,
                86,
                -60.0,
                -90.0,
                -80.0,
                -80.0,
                -40.0,
                62.20000000000034
            ],
            "wins": [
                false,
                true,
                false,
                false,
                false,
                false,
                false,
                true
            ]
        },
        {
            "gain": -301.79999999999967,
            "fitness": -0.42782763405161006,
            "fitness_balanced": 75.37315225241296,
            "gains": [
                -100,
                86,
                -60.0,
                -90.0,
                -80.0,
                -80.0,
                -40.0,
                62.20000000000034
            ],
            "wins": [
                false,
                true,
                false,
                false,
                false,
                false,
                false,
                true
            ]
        }
    ]
}