{
    "gen": 29,
    "enemies": [
        5
    ],
    "results": [
        {
            "gain": 93.40000000000006,
            "fitness": 94.18670840550223,
            "fitness_balanced": 91.5409447007855,
            "wins": [
                true
            ]
        }
    ]
}