{
    "gen": 29,
    "enemies": [
        2
    ],
    "results": [
        {
            "gain": 72.4,
            "fitness": 91.6865344493447,
            "fitness_balanced": 80.36521039683075,
            "wins": [
                1.0
            ]
        }
    ]
}