{
    "gen": 29,
    "enemies": [
        1,
        2,
        3,
        4,
        5,
        6,
        7,
        8
    ],
    "results": [
        {
            "gain": -364.59999999999974,
            "fitness": -6.667050989662016,
            "fitness_balanced": -10.403752433317834,
            "gains": [
                -100,
                82,
                -90.0,
                -70.0,
                33.40000000000027,
                -100,
                -30.0,
                -90.0
            ],
            "wins": [
                false,
                true,
                false,
                false,
                true,
                false,
                false,
                false
            ]
        },
        {
            "gain": -364.59999999999974,
            "fitness": -6.667050989662016,
            "fitness_balanced": -10.403752433317834,
            "gains": [
                -100,
                82,
                -90.0,
                -70.0,
                33.40000000000027,
                -100,
                -30.0,
                -90.0
            ],
            "wins": [
                false,
                true,
                false,
                false,
                true,
                false,
                false,
                false
            ]
        },
        {
            "gain": -364.59999999999974,
            "fitness": -6.667050989662016,
            "fitness_balanced": -10.403752433317834,
            "gains": [
                -100,
                82,
                -90.0,
                -70.0,
                33.40000000000027,
                -100,
                -30.0,
                -90.0
            ],
            "wins": [
                false,
                true,
                false,
                false,
                true,
                false,
                false,
                false
            ]
        },
        {
            "gain": -364.59999999999974,
            "fitness": -6.667050989662016,
            "fitness_balanced": -10.403752433317834,
            "gains": [
                -100,
                82,
                -90.0,
                -70.0,
                33.40000000000027,
                -100,
                -30.0,
                -90.0
            ],
            "wins": [
                false,
                true,
                false,
                false,
                true,
                false,
                false,
                false
            ]
        },
        {
            "gain": -364.59999999999974,
            "fitness": -6.667050989662016,
            "fitness_balanced": -10.403752433317834,
            "gains": [
                -100,
                82,
                -90.0,
                -70.0,
                33.40000000000027,
                -100,
                -30.0,
                -90.0
            ],
            "wins": [
                false,
                true,
                false,
                false,
                true,
                false,
                false,
                false
            ]
        }
    ]
}