{
    "gen": 300,
    "enemies": [
        1,
        2,
        3,
        4,
        5,
        6,
        7,
        8
    ],
    "results": [
        {
            "gain": 18.400000000000567,
            "fitness": 55.30074275210105,
            "fitness_balanced": 24.21223087137945,
            "gains": [
                -40.0,
                78,
                -20.0,
                -20.0,
                64.60000000000034,
                -40.0,
                -10.0,
                5.800000000000233
            ],
            "wins": [
                false,
                true,
                false,
                false,
                true,
                false,
                false,
                true
            ]
        },
        {
            "gain": 18.400000000000567,
            "fitness": 55.30074275210105,
            "fitness_balanced": 24.21223087137945,
            "gains": [
                -40.0,
                78,
                -20.0,
                -20.0,
                64.60000000000034,
                -40.0,
                -10.0,
                5.800000000000233
            ],
            "wins": [
                false,
                true,
                false,
                false,
                true,
                false,
                false,
                true
            ]
        },
        {
            "gain": 18.400000000000567,
            "fitness": 55.30074275210105,
            "fitness_balanced": 24.21223087137945,
            "gains": [
                -40.0,
                78,
                -20.0,
                -20.0,
                64.60000000000034,
                -40.0,
                -10.0,
                5.800000000000233
            ],
            "wins": [
                false,
                true,
                false,
                false,
                true,
                false,
                false,
                true
            ]
        },
        {
            "gain": 18.400000000000567,
            "fitness": 55.30074275210105,
            "fitness_balanced": 24.21223087137945,
            "gains": [
                -40.0,
                78,
                -20.0,
                -20.0,
                64.60000000000034,
                -40.0,
                -10.0,
                5.800000000000233
            ],
            "wins": [
                false,
                true,
                false,
                false,
                true,
                false,
                false,
                true
            ]
        },
        {
            "gain": 18.400000000000567,
            "fitness": 55.30074275210105,
            "fitness_balanced": 24.21223087137945,
            "gains": [
                -40.0,
                78,
                -20.0,
                -20.0,
                64.60000000000034,
                -40.0,
                -10.0,
                5.800000000000233
            ],
            "wins": [
                false,
                true,
                false,
                false,
                true,
                false,
                false,
                true
            ]
        }
    ]
}