{
    "gen": 29,
    "enemies": [
        2
    ],
    "results": [
        {
            "gain": 64.0,
            "fitness": 91.37909844382379,
            "fitness_balanced": 84.92482618476618,
            "wins": [
                1.0
            ]
        }
    ]
}