{
    "gen": 999,
    "enemies": [
        1,
        2,
        3,
        4,
        5,
        6,
        7,
        8
    ],
    "results": [
        {
            "gain": -304.1999999999994,
            "fitness": 1.1546859454902219,
            "fitness_balanced": -6.619970437719683,
            "gains": [
                -100,
                -50.0,
                -60.0,
                -90.0,
                -50.0,
                -90.0,
                62.20000000000034,
                73.60000000000025
            ],
            "wins": [
                false,
                false,
                false,
                false,
                false,
                false,
                true,
                true
            ]
        },
        {
            "gain": -304.1999999999994,
            "fitness": 1.1546859454902219,
            "fitness_balanced": -6.619970437719683,
            "gains": [
                -100,
                -50.0,
                -60.0,
                -90.0,
                -50.0,
                -90.0,
                62.20000000000034,
                73.60000000000025
            ],
            "wins": [
                false,
                false,
                false,
                false,
                false,
                false,
                true,
                true
            ]
        },
        {
            "gain": -304.1999999999994,
            "fitness": 1.1546859454902219,
            "fitness_balanced": -6.619970437719683,
            "gains": [
                -100,
                -50.0,
                -60.0,
                -90.0,
                -50.0,
                -90.0,
                62.20000000000034,
                73.60000000000025
            ],
            "wins": [
                false,
                false,
                false,
                false,
                false,
                false,
                true,
                true
            ]
        },
        {
            "gain": -304.1999999999994,
            "fitness": 1.1546859454902219,
            "fitness_balanced": -6.619970437719683,
            "gains": [
                -100,
                -50.0,
                -60.0,
                -90.0,
                -50.0,
                -90.0,
                62.20000000000034,
                73.60000000000025
            ],
            "wins": [
                false,
                false,
                false,
                false,
                false,
                false,
                true,
                true
            ]
        },
        {
            "gain": -304.1999999999994,
            "fitness": 1.1546859454902219,
            "fitness_balanced": -6.619970437719683,
            "gains": [
                -100,
                -50.0,
                -60.0,
                -90.0,
                -50.0,
                -90.0,
                62.20000000000034,
                73.60000000000025
            ],
            "wins": [
                false,
                false,
                false,
                false,
                false,
                false,
                true,
                true
            ]
        }
    ]
}