{
    "gen": 29,
    "enemies": [
        1,
        2,
        3,
        4,
        5,
        6,
        7,
        8
    ],
    "results": [
        {
            "gain": -195.19999999999914,
            "fitness": 8.098283751678004,
            "fitness_balanced": 4.520694446909005,
            "gains": [
                22.0,
                -40.0,
                -40.0,
                65.20000000000033,
                -63.599999999999724,
                -80.0,
                -100,
                41.20000000000029
            ],
            "wins": [
                false,
                false,
                false,
                true,
                false,
                false,
                false,
                true
            ]
        },
        {
            "gain": -195.19999999999914,
            "fitness": 8.098283751678004,
            "fitness_balanced": 4.520694446909005,
            "gains": [
                22.0,
                -40.0,
                -40.0,
                65.20000000000033,
                -63.599999999999724,
                -80.0,
                -100,
                41.20000000000029
            ],
            "wins": [
                false,
                false,
                false,
                true,
                false,
                false,
                false,
                true
            ]
        },
        {
            "gain": -195.19999999999914,
            "fitness": 8.098283751678004,
            "fitness_balanced": 4.520694446909005,
            "gains": [
                22.0,
                -40.0,
                -40.0,
                65.20000000000033,
                -63.599999999999724,
                -80.0,
                -100,
                41.20000000000029
            ],
            "wins": [
                false,
                false,
                false,
                true,
                false,
                false,
                false,
                true
            ]
        },
        {
            "gain": -195.19999999999914,
            "fitness": 8.098283751678004,
            "fitness_balanced": 4.520694446909005,
            "gains": [
                22.0,
                -40.0,
                -40.0,
                65.20000000000033,
                -63.599999999999724,
                -80.0,
                -100,
                41.20000000000029
            ],
            "wins": [
                false,
                false,
                false,
                true,
                false,
                false,
                false,
                true
            ]
        },
        {
            "gain": -195.19999999999914,
            "fitness": 8.098283751678004,
            "fitness_balanced": 4.520694446909005,
            "gains": [
                22.0,
                -40.0,
                -40.0,
                65.20000000000033,
                -63.599999999999724,
                -80.0,
                -100,
                41.20000000000029
            ],
            "wins": [
                false,
                false,
                false,
                true,
                false,
                false,
                false,
                true
            ]
        }
    ]
}