{
    "gen": 29,
    "enemies": [
        1,
        2,
        3,
        4,
        5,
        6,
        7,
        8
    ],
    "results": [
        {
            "gain": -328.1999999999997,
            "fitness": 0.4920223924529239,
            "fitness_balanced": -6.520484694368697,
            "gains": [
                -100,
                -30.0,
                -80.0,
                -50.0,
                20.80000000000024,
                -80.0,
                -100,
                91.00000000000009
            ],
            "wins": [
                false,
                false,
                false,
                false,
                true,
                false,
                false,
                true
            ]
        },
        {
            "gain": -328.1999999999997,
            "fitness": 0.4920223924529239,
            "fitness_balanced": -6.520484694368697,
            "gains": [
                -100,
                -30.0,
                -80.0,
                -50.0,
                20.80000000000024,
                -80.0,
                -100,
                91.00000000000009
            ],
            "wins": [
                false,
                false,
                false,
                false,
                true,
                false,
                false,
                true
            ]
        },
        {
            "gain": -328.1999999999997,
            "fitness": 0.4920223924529239,
            "fitness_balanced": -6.520484694368697,
            "gains": [
                -100,
                -30.0,
                -80.0,
                -50.0,
                20.80000000000024,
                -80.0,
                -100,
                91.00000000000009
            ],
            "wins": [
                false,
                false,
                false,
                false,
                true,
                false,
                false,
                true
            ]
        },
        {
            "gain": -328.1999999999997,
            "fitness": 0.4920223924529239,
            "fitness_balanced": -6.520484694368697,
            "gains": [
                -100,
                -30.0,
                -80.0,
                -50.0,
                20.80000000000024,
                -80.0,
                -100,
                91.00000000000009
            ],
            "wins": [
                false,
                false,
                false,
                false,
                true,
                false,
                false,
                true
            ]
        },
        {
            "gain": -328.1999999999997,
            "fitness": 0.4920223924529239,
            "fitness_balanced": -6.520484694368697,
            "gains": [
                -100,
                -30.0,
                -80.0,
                -50.0,
                20.80000000000024,
                -80.0,
                -100,
                91.00000000000009
            ],
            "wins": [
                false,
                false,
                false,
                false,
                true,
                false,
                false,
                true
            ]
        }
    ]
}