{
    "gen": 29,
    "enemies": [
        8
    ],
    "results": [
        {
            "gain": 91.00000000000009,
            "fitness": 93.86355803717007,
            "fitness_balanced": 90.2582529849404,
            "wins": [
                true
            ]
        }
    ]
}