{
    "gen": 29,
    "enemies": [
        7
    ],
    "results": [
        {
            "gain": -14.359999999999939,
            "fitness": 60.53484488756915,
            "fitness_balanced": 39.241098226122716,
            "wins": [
                0.2
            ]
        }
    ]
}