{
    "gen": 29,
    "enemies": [
        1,
        2,
        3,
        4,
        5,
        6,
        7,
        8
    ],
    "results": [
        {
            "gain": -234.39999999999958,
            "fitness": 10.7269921591888,
            "fitness_balanced": -2.1990014964331444,
            "gains": [
                -80.0,
                -50.0,
                -40.0,
                -60.0,
                71.20000000000027,
                -70.0,
                -90.0,
                84.40000000000015
            ],
            "wins": [
                false,
                false,
                false,
                false,
                true,
                false,
                false,
                true
            ]
        },
        {
            "gain": -234.39999999999958,
            "fitness": 10.7269921591888,
            "fitness_balanced": -2.1990014964331444,
            "gains": [
                -80.0,
                -50.0,
                -40.0,
                -60.0,
                71.20000000000027,
                -70.0,
                -90.0,
                84.40000000000015
            ],
            "wins": [
                false,
                false,
                false,
                false,
                true,
                false,
                false,
                true
            ]
        },
        {
            "gain": -234.39999999999958,
            "fitness": 10.7269921591888,
            "fitness_balanced": -2.1990014964331444,
            "gains": [
                -80.0,
                -50.0,
                -40.0,
                -60.0,
                71.20000000000027,
                -70.0,
                -90.0,
                84.40000000000015
            ],
            "wins": [
                false,
                false,
                false,
                false,
                true,
                false,
                false,
                true
            ]
        },
        {
            "gain": -234.39999999999958,
            "fitness": 10.7269921591888,
            "fitness_balanced": -2.1990014964331444,
            "gains": [
                -80.0,
                -50.0,
                -40.0,
                -60.0,
                71.20000000000027,
                -70.0,
                -90.0,
                84.40000000000015
            ],
            "wins": [
                false,
                false,
                false,
                false,
                true,
                false,
                false,
                true
            ]
        },
        {
            "gain": -234.39999999999958,
            "fitness": 10.7269921591888,
            "fitness_balanced": -2.1990014964331444,
            "gains": [
                -80.0,
                -50.0,
                -40.0,
                -60.0,
                71.20000000000027,
                -70.0,
                -90.0,
                84.40000000000015
            ],
            "wins": [
                false,
                false,
                false,
                false,
                true,
                false,
                false,
                true
            ]
        }
    ]
}