{
    "gen": 29,
    "enemies": [
        1,
        2,
        3,
        4,
        5,
        6,
        7,
        8
    ],
    "results": [
        {
            "gain": -332.19999999999953,
            "fitness": 2.22542744209823,
            "fitness_balanced": -4.133512954454897,
            "gains": [
                -90.0,
                -80.0,
                -60.0,
                74.20000000000024,
                13.600000000000229,
                -80.0,
                -100,
                -10.0
            ],
            "wins": [
                false,
                false,
                false,
                true,
                true,
                false,
                false,
                false
            ]
        },
        {
            "gain": -332.19999999999953,
            "fitness": 2.22542744209823,
            "fitness_balanced": -4.133512954454897,
            "gains": [
                -90.0,
                -80.0,
                -60.0,
                74.20000000000024,
                13.600000000000229,
                -80.0,
                -100,
                -10.0
            ],
            "wins": [
                false,
                false,
                false,
                true,
                true,
                false,
                false,
                false
            ]
        },
        {
            "gain": -332.19999999999953,
            "fitness": 2.22542744209823,
            "fitness_balanced": -4.133512954454897,
            "gains": [
                -90.0,
                -80.0,
                -60.0,
                74.20000000000024,
                13.600000000000229,
                -80.0,
                -100,
                -10.0
            ],
            "wins": [
                false,
                false,
                false,
                true,
                true,
                false,
                false,
                false
            ]
        },
        {
            "gain": -332.19999999999953,
            "fitness": 2.22542744209823,
            "fitness_balanced": -4.133512954454897,
            "gains": [
                -90.0,
                -80.0,
                -60.0,
                74.20000000000024,
                13.600000000000229,
                -80.0,
                -100,
                -10.0
            ],
            "wins": [
                false,
                false,
                false,
                true,
                true,
                false,
                false,
                false
            ]
        },
        {
            "gain": -332.19999999999953,
            "fitness": 2.22542744209823,
            "fitness_balanced": -4.133512954454897,
            "gains": [
                -90.0,
                -80.0,
                -60.0,
                74.20000000000024,
                13.600000000000229,
                -80.0,
                -100,
                -10.0
            ],
            "wins": [
                false,
                false,
                false,
                true,
                true,
                false,
                false,
                false
            ]
        }
    ]
}