{
    "gen": 29,
    "enemies": [
        4
    ],
    "results": [
        {
            "gain": 15.600000000000113,
            "fitness": 77.06672252951923,
            "fitness_balanced": 33.43332757019676,
            "wins": [
                0.4
            ]
        }
    ]
}