{
    "gen": 29,
    "enemies": [
        7
    ],
    "results": [
        {
            "gain": 19.880000000000205,
            "fitness": 81.67797508131946,
            "fitness_balanced": 67.63357331188772,
            "wins": [
                0.8
            ]
        }
    ]
}