{
    "gen": 29,
    "enemies": [
        1,
        2,
        3,
        4,
        5,
        6,
        7,
        8
    ],
    "results": [
        {
            "gain": -261.9999999999998,
            "fitness": 6.209024203631806,
            "fitness_balanced": 8.884107874516966,
            "gains": [
                100,
                -10.0,
                -70.0,
                -50.0,
                28.000000000000256,
                -100,
                -90.0,
                -70.0
            ],
            "wins": [
                true,
                false,
                false,
                false,
                true,
                false,
                false,
                false
            ]
        },
        {
            "gain": -261.9999999999998,
            "fitness": 6.209024203631806,
            "fitness_balanced": 8.884107874516966,
            "gains": [
                100,
                -10.0,
                -70.0,
                -50.0,
                28.000000000000256,
                -100,
                -90.0,
                -70.0
            ],
            "wins": [
                true,
                false,
                false,
                false,
                true,
                false,
                false,
                false
            ]
        },
        {
            "gain": -261.9999999999998,
            "fitness": 6.209024203631806,
            "fitness_balanced": 8.884107874516966,
            "gains": [
                100,
                -10.0,
                -70.0,
                -50.0,
                28.000000000000256,
                -100,
                -90.0,
                -70.0
            ],
            "wins": [
                true,
                false,
                false,
                false,
                true,
                false,
                false,
                false
            ]
        },
        {
            "gain": -261.9999999999998,
            "fitness": 6.209024203631806,
            "fitness_balanced": 8.884107874516966,
            "gains": [
                100,
                -10.0,
                -70.0,
                -50.0,
                28.000000000000256,
                -100,
                -90.0,
                -70.0
            ],
            "wins": [
                true,
                false,
                false,
                false,
                true,
                false,
                false,
                false
            ]
        },
        {
            "gain": -261.9999999999998,
            "fitness": 6.209024203631806,
            "fitness_balanced": 8.884107874516966,
            "gains": [
                100,
                -10.0,
                -70.0,
                -50.0,
                28.000000000000256,
                -100,
                -90.0,
                -70.0
            ],
            "wins": [
                true,
                false,
                false,
                false,
                true,
                false,
                false,
                false
            ]
        }
    ]
}