{
    "gen": 29,
    "enemies": [
        1
    ],
    "results": [
        {
            "gain": -27.5,
            "fitness": 60.02064328565629,
            "fitness_balanced": 34.165189262937396,
            "wins": [
                0.0
            ]
        }
    ]
}