{
    "gen": 29,
    "enemies": [
        1,
        2,
        3,
        4,
        5,
        6,
        7,
        8
    ],
    "results": [
        {
            "gain": -305.19999999999953,
            "fitness": 4.135834831727998,
            "fitness_balanced": -4.195001261722005,
            "gains": [
                -50.0,
                -80.0,
                -30.0,
                34.60000000000027,
                80.20000000000019,
                -90.0,
                -100,
                -70.0
            ],
            "wins": [
                false,
                false,
                false,
                true,
                true,
                false,
                false,
                false
            ]
        },
        {
            "gain": -305.19999999999953,
            "fitness": 4.135834831727998,
            "fitness_balanced": -4.195001261722005,
            "gains": [
                -50.0,
                -80.0,
                -30.0,
                34.60000000000027,
                80.20000000000019,
                -90.0,
                -100,
                -70.0
            ],
            "wins": [
                false,
                false,
                false,
                true,
                true,
                false,
                false,
                false
            ]
        },
        {
            "gain": -305.19999999999953,
            "fitness": 4.135834831727998,
            "fitness_balanced": -4.195001261722005,
            "gains": [
                -50.0,
                -80.0,
                -30.0,
                34.60000000000027,
                80.20000000000019,
                -90.0,
                -100,
                -70.0
            ],
            "wins": [
                false,
                false,
                false,
                true,
                true,
                false,
                false,
                false
            ]
        },
        {
            "gain": -305.19999999999953,
            "fitness": 4.135834831727998,
            "fitness_balanced": -4.195001261722005,
            "gains": [
                -50.0,
                -80.0,
                -30.0,
                34.60000000000027,
                80.20000000000019,
                -90.0,
                -100,
                -70.0
            ],
            "wins": [
                false,
                false,
                false,
                true,
                true,
                false,
                false,
                false
            ]
        },
        {
            "gain": -305.19999999999953,
            "fitness": 4.135834831727998,
            "fitness_balanced": -4.195001261722005,
            "gains": [
                -50.0,
                -80.0,
                -30.0,
                34.60000000000027,
                80.20000000000019,
                -90.0,
                -100,
                -70.0
            ],
            "wins": [
                false,
                false,
                false,
                true,
                true,
                false,
                false,
                false
            ]
        }
    ]
}