{
    "gen": 14,
    "enemies": [
        7
    ],
    "results": [
        {
            "gain": 57.400000000000325,
            "fitness": 90.37402398497818,
            "fitness_balanced": 73.3293619718725,
            "wins": [
                true
            ]
        }
    ]
}