{
    "gen": 29,
    "enemies": [
        1,
        2,
        3,
        4,
        5,
        6,
        7,
        8
    ],
    "results": [
        {
            "gain": -318.5999999999998,
            "fitness": -8.003267552371174,
            "fitness_balanced": 4.1335319430667035,
            "gains": [
                100,
                -80.0,
                -50.0,
                -90.0,
                81.40000000000018,
                -100,
                -100,
                -80.0
            ],
            "wins": [
                true,
                false,
                false,
                false,
                true,
                false,
                false,
                false
            ]
        },
        {
            "gain": -318.5999999999998,
            "fitness": -8.003267552371174,
            "fitness_balanced": 4.1335319430667035,
            "gains": [
                100,
                -80.0,
                -50.0,
                -90.0,
                81.40000000000018,
                -100,
                -100,
                -80.0
            ],
            "wins": [
                true,
                false,
                false,
                false,
                true,
                false,
                false,
                false
            ]
        },
        {
            "gain": -318.5999999999998,
            "fitness": -8.003267552371174,
            "fitness_balanced": 4.1335319430667035,
            "gains": [
                100,
                -80.0,
                -50.0,
                -90.0,
                81.40000000000018,
                -100,
                -100,
                -80.0
            ],
            "wins": [
                true,
                false,
                false,
                false,
                true,
                false,
                false,
                false
            ]
        },
        {
            "gain": -318.5999999999998,
            "fitness": -8.003267552371174,
            "fitness_balanced": 4.1335319430667035,
            "gains": [
                100,
                -80.0,
                -50.0,
                -90.0,
                81.40000000000018,
                -100,
                -100,
                -80.0
            ],
            "wins": [
                true,
                false,
                false,
                false,
                true,
                false,
                false,
                false
            ]
        },
        {
            "gain": -318.5999999999998,
            "fitness": -8.003267552371174,
            "fitness_balanced": 4.1335319430667035,
            "gains": [
                100,
                -80.0,
                -50.0,
                -90.0,
                81.40000000000018,
                -100,
                -100,
                -80.0
            ],
            "wins": [
                true,
                false,
                false,
                false,
                true,
                false,
                false,
                false
            ]
        }
    ]
}