{
    "gen": 29,
    "enemies": [
        7
    ],
    "results": [
        {
            "gain": 48.4000000000003,
            "fitness": 89.5776343160154,
            "fitness_balanced": 77.91173296930562,
            "wins": [
                1.0
            ]
        }
    ]
}