{
    "gen": 29,
    "enemies": [
        5
    ],
    "results": [
        {
            "gain": 83.50000000000016,
            "fitness": 93.02704962380591,
            "fitness_balanced": 89.09599331292326,
            "wins": [
                1.0
            ]
        }
    ]
}