{
    "gen": 999,
    "enemies": [
        1,
        2,
        3,
        4,
        5,
        6,
        7,
        8
    ],
    "results": [
        {
            "gain": -209.39999999999972,
            "fitness": 8.033203214475172,
            "fitness_balanced": -3.0299500563123516,
            "gains": [
                -80.0,
                -10.0,
                -70.0,
                -50.0,
                -70.0,
                -100,
                92.20000000000007,
                78.4000000000002
            ],
            "wins": [
                false,
                false,
                false,
                false,
                false,
                false,
                true,
                true
            ]
        },
        {
            "gain": -209.39999999999972,
            "fitness": 8.033203214475172,
            "fitness_balanced": -3.0299500563123516,
            "gains": [
                -80.0,
                -10.0,
                -70.0,
                -50.0,
                -70.0,
                -100,
                92.20000000000007,
                78.4000000000002
            ],
            "wins": [
                false,
                false,
                false,
                false,
                false,
                false,
                true,
                true
            ]
        },
        {
            "gain": -209.39999999999972,
            "fitness": 8.033203214475172,
            "fitness_balanced": -3.0299500563123516,
            "gains": [
                -80.0,
                -10.0,
                -70.0,
                -50.0,
                -70.0,
                -100,
                92.20000000000007,
                78.4000000000002
            ],
            "wins": [
                false,
                false,
                false,
                false,
                false,
                false,
                true,
                true
            ]
        },
        {
            "gain": -209.39999999999972,
            "fitness": 8.033203214475172,
            "fitness_balanced": -3.0299500563123516,
            "gains": [
                -80.0,
                -10.0,
                -70.0,
                -50.0,
                -70.0,
                -100,
                92.20000000000007,
                78.4000000000002
            ],
            "wins": [
                false,
                false,
                false,
                false,
                false,
                false,
                true,
                true
            ]
        },
        {
            "gain": -209.39999999999972,
            "fitness": 8.033203214475172,
            "fitness_balanced": -3.0299500563123516,
            "gains": [
                -80.0,
                -10.0,
                -70.0,
                -50.0,
                -70.0,
                -100,
                92.20000000000007,
                78.4000000000002
            ],
            "wins": [
                false,
                false,
                false,
                false,
                false,
                false,
                true,
                true
            ]
        }
    ]
}