{
    "gen": 29,
    "enemies": [
        1,
        2,
        3,
        4,
        5,
        6,
        7,
        8
    ],
    "results": [
        {
            "gain": -447.19999999999993,
            "fitness": -5.822157410051901,
            "fitness_balanced": -12.999393635480107,
            "gains": [
                -50.0,
                -90.0,
                -50.0,
                -80.0,
                92.80000000000007,
                -100,
                -100,
                -70.0
            ],
            "wins": [
                false,
                false,
                false,
                false,
                true,
                false,
                false,
                false
            ]
        },
        {
            "gain": -447.19999999999993,
            "fitness": -5.822157410051901,
            "fitness_balanced": -12.999393635480107,
            "gains": [
                -50.0,
                -90.0,
                -50.0,
                -80.0,
                92.80000000000007,
                -100,
                -100,
                -70.0
            ],
            "wins": [
                false,
                false,
                false,
                false,
                true,
                false,
                false,
                false
            ]
        },
        {
            "gain": -447.19999999999993,
            "fitness": -5.822157410051901,
            "fitness_balanced": -12.999393635480107,
            "gains": [
                -50.0,
                -90.0,
                -50.0,
                -80.0,
                92.80000000000007,
                -100,
                -100,
                -70.0
            ],
            "wins": [
                false,
                false,
                false,
                false,
                true,
                false,
                false,
                false
            ]
        },
        {
            "gain": -447.19999999999993,
            "fitness": -5.822157410051901,
            "fitness_balanced": -12.999393635480107,
            "gains": [
                -50.0,
                -90.0,
                -50.0,
                -80.0,
                92.80000000000007,
                -100,
                -100,
                -70.0
            ],
            "wins": [
                false,
                false,
                false,
                false,
                true,
                false,
                false,
                false
            ]
        },
        {
            "gain": -447.19999999999993,
            "fitness": -5.822157410051901,
            "fitness_balanced": -12.999393635480107,
            "gains": [
                -50.0,
                -90.0,
                -50.0,
                -80.0,
                92.80000000000007,
                -100,
                -100,
                -70.0
            ],
            "wins": [
                false,
                false,
                false,
                false,
                true,
                false,
                false,
                false
            ]
        }
    ]
}