{
    "gen": 29,
    "enemies": [
        4
    ],
    "results": [
        {
            "gain": 56.92000000000024,
            "fitness": 88.81426374685319,
            "fitness_balanced": 65.83202559102985,
            "wins": [
                1.0
            ]
        }
    ]
}