{
    "gen": 29,
    "enemies": [
        3
    ],
    "results": [
        {
            "gain": 2.0,
            "fitness": 76.15284952278934,
            "fitness_balanced": 48.60140506546479,
            "wins": [
                0.6
            ]
        }
    ]
}