{
    "gen": 29,
    "enemies": [
        1,
        2,
        3,
        4,
        5,
        6,
        7,
        8
    ],
    "results": [
        {
            "gain": -183.59999999999908,
            "fitness": 10.67750765541252,
            "fitness_balanced": 1.2418011065751635,
            "gains": [
                -70.0,
                -80.0,
                -60.0,
                70.60000000000028,
                51.40000000000031,
                -50.0,
                -100,
                54.40000000000032
            ],
            "wins": [
                false,
                false,
                false,
                true,
                true,
                false,
                false,
                true
            ]
        },
        {
            "gain": -183.59999999999908,
            "fitness": 10.67750765541252,
            "fitness_balanced": 1.2418011065751635,
            "gains": [
                -70.0,
                -80.0,
                -60.0,
                70.60000000000028,
                51.40000000000031,
                -50.0,
                -100,
                54.40000000000032
            ],
            "wins": [
                false,
                false,
                false,
                true,
                true,
                false,
                false,
                true
            ]
        },
        {
            "gain": -183.59999999999908,
            "fitness": 10.67750765541252,
            "fitness_balanced": 1.2418011065751635,
            "gains": [
                -70.0,
                -80.0,
                -60.0,
                70.60000000000028,
                51.40000000000031,
                -50.0,
                -100,
                54.40000000000032
            ],
            "wins": [
                false,
                false,
                false,
                true,
                true,
                false,
                false,
                true
            ]
        },
        {
            "gain": -183.59999999999908,
            "fitness": 10.67750765541252,
            "fitness_balanced": 1.2418011065751635,
            "gains": [
                -70.0,
                -80.0,
                -60.0,
                70.60000000000028,
                51.40000000000031,
                -50.0,
                -100,
                54.40000000000032
            ],
            "wins": [
                false,
                false,
                false,
                true,
                true,
                false,
                false,
                true
            ]
        },
        {
            "gain": -183.59999999999908,
            "fitness": 10.67750765541252,
            "fitness_balanced": 1.2418011065751635,
            "gains": [
                -70.0,
                -80.0,
                -60.0,
                70.60000000000028,
                51.40000000000031,
                -50.0,
                -100,
                54.40000000000032
            ],
            "wins": [
                false,
                false,
                false,
                true,
                true,
                false,
                false,
                true
            ]
        }
    ]
}