{
    "gen": 29,
    "enemies": [
        5
    ],
    "results": [
        {
            "gain": 77.20000000000022,
            "fitness": 92.03982739098296,
            "fitness_balanced": 82.91642023266142,
            "wins": [
                true
            ]
        }
    ]
}