{
    "gen": 29,
    "enemies": [
        1,
        2,
        3,
        4,
        5,
        6,
        7,
        8
    ],
    "results": [
        {
            "gain": -214.79999999999978,
            "fitness": 13.252096682725792,
            "fitness_balanced": 0.31516746221328873,
            "gains": [
                -40.0,
                68,
                -20.0,
                -90.0,
                77.20000000000022,
                -80.0,
                -60.0,
                -70.0
            ],
            "wins": [
                false,
                true,
                false,
                false,
                true,
                false,
                false,
                false
            ]
        },
        {
            "gain": -214.79999999999978,
            "fitness": 13.252096682725792,
            "fitness_balanced": 0.31516746221328873,
            "gains": [
                -40.0,
                68,
                -20.0,
                -90.0,
                77.20000000000022,
                -80.0,
                -60.0,
                -70.0
            ],
            "wins": [
                false,
                true,
                false,
                false,
                true,
                false,
                false,
                false
            ]
        },
        {
            "gain": -214.79999999999978,
            "fitness": 13.252096682725792,
            "fitness_balanced": 0.31516746221328873,
            "gains": [
                -40.0,
                68,
                -20.0,
                -90.0,
                77.20000000000022,
                -80.0,
                -60.0,
                -70.0
            ],
            "wins": [
                false,
                true,
                false,
                false,
                true,
                false,
                false,
                false
            ]
        },
        {
            "gain": -214.79999999999978,
            "fitness": 13.252096682725792,
            "fitness_balanced": 0.31516746221328873,
            "gains": [
                -40.0,
                68,
                -20.0,
                -90.0,
                77.20000000000022,
                -80.0,
                -60.0,
                -70.0
            ],
            "wins": [
                false,
                true,
                false,
                false,
                true,
                false,
                false,
                false
            ]
        },
        {
            "gain": -214.79999999999978,
            "fitness": 13.252096682725792,
            "fitness_balanced": 0.31516746221328873,
            "gains": [
                -40.0,
                68,
                -20.0,
                -90.0,
                77.20000000000022,
                -80.0,
                -60.0,
                -70.0
            ],
            "wins": [
                false,
                true,
                false,
                false,
                true,
                false,
                false,
                false
            ]
        }
    ]
}