{
    "gen": 29,
    "enemies": [
        1
    ],
    "results": [
        {
            "gain": -32.5,
            "fitness": 54.7148037893821,
            "fitness_balanced": 28.9086901179223,
            "wins": [
                0.0
            ]
        }
    ]
}