{
    "gen": 29,
    "enemies": [
        1,
        2,
        3,
        4,
        5,
        6,
        7,
        8
    ],
    "results": [
        {
            "gain": -189.19999999999982,
            "fitness": 14.888759975647648,
            "fitness_balanced": 14.629361971872338,
            "gains": [
                -50.0,
                -50.0,
                -50.0,
                -80.0,
                89.8000000000001,
                -80.0,
                91.00000000000009,
                -60.0
            ],
            "wins": [
                false,
                false,
                false,
                false,
                true,
                false,
                true,
                false
            ]
        },
        {
            "gain": -189.19999999999982,
            "fitness": 14.888759975647648,
            "fitness_balanced": 14.629361971872338,
            "gains": [
                -50.0,
                -50.0,
                -50.0,
                -80.0,
                89.8000000000001,
                -80.0,
                91.00000000000009,
                -60.0
            ],
            "wins": [
                false,
                false,
                false,
                false,
                true,
                false,
                true,
                false
            ]
        },
        {
            "gain": -189.19999999999982,
            "fitness": 14.888759975647648,
            "fitness_balanced": 14.629361971872338,
            "gains": [
                -50.0,
                -50.0,
                -50.0,
                -80.0,
                89.8000000000001,
                -80.0,
                91.00000000000009,
                -60.0
            ],
            "wins": [
                false,
                false,
                false,
                false,
                true,
                false,
                true,
                false
            ]
        },
        {
            "gain": -189.19999999999982,
            "fitness": 14.888759975647648,
            "fitness_balanced": 14.629361971872338,
            "gains": [
                -50.0,
                -50.0,
                -50.0,
                -80.0,
                89.8000000000001,
                -80.0,
                91.00000000000009,
                -60.0
            ],
            "wins": [
                false,
                false,
                false,
                false,
                true,
                false,
                true,
                false
            ]
        },
        {
            "gain": -189.19999999999982,
            "fitness": 14.888759975647648,
            "fitness_balanced": 14.629361971872338,
            "gains": [
                -50.0,
                -50.0,
                -50.0,
                -80.0,
                89.8000000000001,
                -80.0,
                91.00000000000009,
                -60.0
            ],
            "wins": [
                false,
                false,
                false,
                false,
                true,
                false,
                true,
                false
            ]
        }
    ]
}