{
    "gen": 29,
    "enemies": [
        6
    ],
    "results": [
        {
            "gain": -29.679999999999957,
            "fitness": 56.84854798478701,
            "fitness_balanced": 33.547951045562776,
            "wins": [
                0.2
            ]
        }
    ]
}