{
    "gen": 29,
    "enemies": [
        1,
        2,
        3,
        4,
        5,
        6,
        7,
        8
    ],
    "results": [
        {
            "gain": -311.7999999999992,
            "fitness": -9.811820751877185,
            "fitness_balanced": -9.279024356937192,
            "gains": [
                -100,
                70,
                -90.0,
                -90.0,
                -75.19999999999978,
                -100,
                43.60000000000029,
                29.80000000000026
            ],
            "wins": [
                false,
                true,
                false,
                false,
                false,
                false,
                true,
                true
            ]
        },
        {
            "gain": -311.7999999999992,
            "fitness": -9.811820751877185,
            "fitness_balanced": -9.279024356937192,
            "gains": [
                -100,
                70,
                -90.0,
                -90.0,
                -75.19999999999978,
                -100,
                43.60000000000029,
                29.80000000000026
            ],
            "wins": [
                false,
                true,
                false,
                false,
                false,
                false,
                true,
                true
            ]
        },
        {
            "gain": -311.7999999999992,
            "fitness": -9.811820751877185,
            "fitness_balanced": -9.279024356937192,
            "gains": [
                -100,
                70,
                -90.0,
                -90.0,
                -75.19999999999978,
                -100,
                43.60000000000029,
                29.80000000000026
            ],
            "wins": [
                false,
                true,
                false,
                false,
                false,
                false,
                true,
                true
            ]
        },
        {
            "gain": -311.7999999999992,
            "fitness": -9.811820751877185,
            "fitness_balanced": -9.279024356937192,
            "gains": [
                -100,
                70,
                -90.0,
                -90.0,
                -75.19999999999978,
                -100,
                43.60000000000029,
                29.80000000000026
            ],
            "wins": [
                false,
                true,
                false,
                false,
                false,
                false,
                true,
                true
            ]
        },
        {
            "gain": -311.7999999999992,
            "fitness": -9.811820751877185,
            "fitness_balanced": -9.279024356937192,
            "gains": [
                -100,
                70,
                -90.0,
                -90.0,
                -75.19999999999978,
                -100,
                43.60000000000029,
                29.80000000000026
            ],
            "wins": [
                false,
                true,
                false,
                false,
                false,
                false,
                true,
                true
            ]
        }
    ]
}