{
    "gen": 29,
    "enemies": [
        3
    ],
    "results": [
        {
            "gain": -21.2,
            "fitness": 54.663157654292455,
            "fitness_balanced": 28.650861008620204,
            "wins": [
                0.2
            ]
        }
    ]
}