{
    "gen": 29,
    "enemies": [
        1,
        2,
        3,
        4,
        5,
        6,
        7,
        8
    ],
    "results": [
        {
            "gain": -306.3999999999997,
            "fitness": 5.346467040141626,
            "fitness_balanced": 14.390528204815041,
            "gains": [
                -50.0,
                -60.0,
                64,
                -50.0,
                49.60000000000031,
                -100,
                -100,
                -60.0
            ],
            "wins": [
                false,
                false,
                true,
                false,
                true,
                false,
                false,
                false
            ]
        },
        {
            "gain": -306.3999999999997,
            "fitness": 5.346467040141626,
            "fitness_balanced": 14.390528204815041,
            "gains": [
                -50.0,
                -60.0,
                64,
                -50.0,
                49.60000000000031,
                -100,
                -100,
                -60.0
            ],
            "wins": [
                false,
                false,
                true,
                false,
                true,
                false,
                false,
                false
            ]
        },
        {
            "gain": -306.3999999999997,
            "fitness": 5.346467040141626,
            "fitness_balanced": 14.390528204815041,
            "gains": [
                -50.0,
                -60.0,
                64,
                -50.0,
                49.60000000000031,
                -100,
                -100,
                -60.0
            ],
            "wins": [
                false,
                false,
                true,
                false,
                true,
                false,
                false,
                false
            ]
        },
        {
            "gain": -306.3999999999997,
            "fitness": 5.346467040141626,
            "fitness_balanced": 14.390528204815041,
            "gains": [
                -50.0,
                -60.0,
                64,
                -50.0,
                49.60000000000031,
                -100,
                -100,
                -60.0
            ],
            "wins": [
                false,
                false,
                true,
                false,
                true,
                false,
                false,
                false
            ]
        },
        {
            "gain": -306.3999999999997,
            "fitness": 5.346467040141626,
            "fitness_balanced": 14.390528204815041,
            "gains": [
                -50.0,
                -60.0,
                64,
                -50.0,
                49.60000000000031,
                -100,
                -100,
                -60.0
            ],
            "wins": [
                false,
                false,
                true,
                false,
                true,
                false,
                false,
                false
            ]
        }
    ]
}