{
    "gen": 29,
    "enemies": [
        1,
        2,
        3,
        4,
        5,
        6,
        7,
        8
    ],
    "results": [
        {
            "gain": -230.79999999999944,
            "fitness": 5.200712334145365,
            "fitness_balanced": -2.6938061805152813,
            "gains": [
                -90.0,
                84,
                -70.0,
                -80.0,
                -60.0,
                -90.0,
                28.600000000000257,
                46.6000000000003
            ],
            "wins": [
                false,
                true,
                false,
                false,
                false,
                false,
                true,
                true
            ]
        },
        {
            "gain": -230.79999999999944,
            "fitness": 5.200712334145365,
            "fitness_balanced": -2.6938061805152813,
            "gains": [
                -90.0,
                84,
                -70.0,
                -80.0,
                -60.0,
                -90.0,
                28.600000000000257,
                46.6000000000003
            ],
            "wins": [
                false,
                true,
                false,
                false,
                false,
                false,
                true,
                true
            ]
        },
        {
            "gain": -230.79999999999944,
            "fitness": 5.200712334145365,
            "fitness_balanced": -2.6938061805152813,
            "gains": [
                -90.0,
                84,
                -70.0,
                -80.0,
                -60.0,
                -90.0,
                28.600000000000257,
                46.6000000000003
            ],
            "wins": [
                false,
                true,
                false,
                false,
                false,
                false,
                true,
                true
            ]
        },
        {
            "gain": -230.79999999999944,
            "fitness": 5.200712334145365,
            "fitness_balanced": -2.6938061805152813,
            "gains": [
                -90.0,
                84,
                -70.0,
                -80.0,
                -60.0,
                -90.0,
                28.600000000000257,
                46.6000000000003
            ],
            "wins": [
                false,
                true,
                false,
                false,
                false,
                false,
                true,
                true
            ]
        },
        {
            "gain": -230.79999999999944,
            "fitness": 5.200712334145365,
            "fitness_balanced": -2.6938061805152813,
            "gains": [
                -90.0,
                84,
                -70.0,
                -80.0,
                -60.0,
                -90.0,
                28.600000000000257,
                46.6000000000003
            ],
            "wins": [
                false,
                true,
                false,
                false,
                false,
                false,
                true,
                true
            ]
        }
    ]
}