{
    "gen": 29,
    "enemies": [
        6
    ],
    "results": [
        {
            "gain": 57.400000000000325,
            "fitness": 90.39289246928257,
            "fitness_balanced": 73.34814186652409,
            "wins": [
                true
            ]
        }
    ]
}