{
    "gen": 29,
    "enemies": [
        6
    ],
    "results": [
        {
            "gain": 34.80000000000026,
            "fitness": 76.23627636968908,
            "fitness_balanced": 71.44321598677153,
            "wins": [
                0.8
            ]
        }
    ]
}