{
    "gen": 14,
    "enemies": [
        6
    ],
    "results": [
        {
            "gain": -30.0,
            "fitness": 57.19185751001956,
            "fitness_balanced": 29.1888590070233,
            "wins": [
                false
            ]
        }
    ]
}