{
    "gen": 299,
    "enemies": [
        1,
        2,
        3,
        4,
        5,
        6,
        7,
        8
    ],
    "results": [
        {
            "gain": -218.19999999999908,
            "fitness": 7.913520344503851,
            "fitness_balanced": -0.18586107556866338,
            "gains": [
                -90.0,
                -40.0,
                -70.0,
                -90.0,
                32.80000000000027,
                -80.0,
                59.80000000000033,
                59.20000000000033
            ],
            "wins": [
                false,
                false,
                false,
                false,
                true,
                false,
                true,
                true
            ]
        },
        {
            "gain": -218.19999999999908,
            "fitness": 7.913520344503851,
            "fitness_balanced": -0.18586107556866338,
            "gains": [
                -90.0,
                -40.0,
                -70.0,
                -90.0,
                32.80000000000027,
                -80.0,
                59.80000000000033,
                59.20000000000033
            ],
            "wins": [
                false,
                false,
                false,
                false,
                true,
                false,
                true,
                true
            ]
        },
        {
            "gain": -218.19999999999908,
            "fitness": 7.913520344503851,
            "fitness_balanced": -0.18586107556866338,
            "gains": [
                -90.0,
                -40.0,
                -70.0,
                -90.0,
                32.80000000000027,
                -80.0,
                59.80000000000033,
                59.20000000000033
            ],
            "wins": [
                false,
                false,
                false,
                false,
                true,
                false,
                true,
                true
            ]
        },
        {
            "gain": -218.19999999999908,
            "fitness": 7.913520344503851,
            "fitness_balanced": -0.18586107556866338,
            "gains": [
                -90.0,
                -40.0,
                -70.0,
                -90.0,
                32.80000000000027,
                -80.0,
                59.80000000000033,
                59.20000000000033
            ],
            "wins": [
                false,
                false,
                false,
                false,
                true,
                false,
                true,
                true
            ]
        },
        {
            "gain": -218.19999999999908,
            "fitness": 7.913520344503851,
            "fitness_balanced": -0.18586107556866338,
            "gains": [
                -90.0,
                -40.0,
                -70.0,
                -90.0,
                32.80000000000027,
                -80.0,
                59.80000000000033,
                59.20000000000033
            ],
            "wins": [
                false,
                false,
                false,
                false,
                true,
                false,
                true,
                true
            ]
        }
    ]
}