{
    "gen": 1155,
    "enemies": [
        1,
        2,
        3,
        4,
        5,
        6,
        7,
        8
    ],
    "results": [
        {
            "gain": 152.2000000000011,
            "fitness": 64.04106911688709,
            "fitness_balanced": 36.2890716732035,
            "gains": [
                -50.0,
                62,
                16,
                38.20000000000028,
                57.400000000000325,
                5.200000000000234,
                -10.0,
                33.40000000000027
            ],
            "wins": [
                false,
                true,
                true,
                true,
                true,
                true,
                false,
                true
            ]
        },
        {
            "gain": 152.2000000000011,
            "fitness": 64.04106911688709,
            "fitness_balanced": 36.2890716732035,
            "gains": [
                -50.0,
                62,
                16,
                38.20000000000028,
                57.400000000000325,
                5.200000000000234,
                -10.0,
                33.40000000000027
            ],
            "wins": [
                false,
                true,
                true,
                true,
                true,
                true,
                false,
                true
            ]
        },
        {
            "gain": 152.2000000000011,
            "fitness": 64.04106911688709,
            "fitness_balanced": 36.2890716732035,
            "gains": [
                -50.0,
                62,
                16,
                38.20000000000028,
                57.400000000000325,
                5.200000000000234,
                -10.0,
                33.40000000000027
            ],
            "wins": [
                false,
                true,
                true,
                true,
                true,
                true,
                false,
                true
            ]
        },
        {
            "gain": 152.2000000000011,
            "fitness": 64.04106911688709,
            "fitness_balanced": 36.2890716732035,
            "gains": [
                -50.0,
                62,
                16,
                38.20000000000028,
                57.400000000000325,
                5.200000000000234,
                -10.0,
                33.40000000000027
            ],
            "wins": [
                false,
                true,
                true,
                true,
                true,
                true,
                false,
                true
            ]
        },
        {
            "gain": 152.2000000000011,
            "fitness": 64.04106911688709,
            "fitness_balanced": 36.2890716732035,
            "gains": [
                -50.0,
                62,
                16,
                38.20000000000028,
                57.400000000000325,
                5.200000000000234,
                -10.0,
                33.40000000000027
            ],
            "wins": [
                false,
                true,
                true,
                true,
                true,
                true,
                false,
                true
            ]
        }
    ]
}