{
    "gen": 29,
    "enemies": [
        8
    ],
    "results": [
        {
            "gain": 77.20000000000022,
            "fitness": 92.0029722985938,
            "fitness_balanced": 82.87968822339269,
            "wins": [
                true
            ]
        }
    ]
}