{
    "gen": 29,
    "enemies": [
        5
    ],
    "results": [
        {
            "gain": 92.20000000000007,
            "fitness": 93.99425332628681,
            "fitness_balanced": 90.86889138314545,
            "wins": [
                true
            ]
        }
    ]
}