{
    "gen": 29,
    "enemies": [
        1,
        2,
        3,
        4,
        5,
        6,
        7,
        8
    ],
    "results": [
        {
            "gain": -437.79999999999995,
            "fitness": -4.4898589995435,
            "fitness_balanced": -12.24128297057819,
            "gains": [
                -50.0,
                -90.0,
                -50.0,
                -90.0,
                92.20000000000007,
                -90.0,
                -100,
                -60.0
            ],
            "wins": [
                false,
                false,
                false,
                false,
                true,
                false,
                false,
                false
            ]
        },
        {
            "gain": -437.79999999999995,
            "fitness": -4.4898589995435,
            "fitness_balanced": -12.24128297057819,
            "gains": [
                -50.0,
                -90.0,
                -50.0,
                -90.0,
                92.20000000000007,
                -90.0,
                -100,
                -60.0
            ],
            "wins": [
                false,
                false,
                false,
                false,
                true,
                false,
                false,
                false
            ]
        },
        {
            "gain": -437.79999999999995,
            "fitness": -4.4898589995435,
            "fitness_balanced": -12.24128297057819,
            "gains": [
                -50.0,
                -90.0,
                -50.0,
                -90.0,
                92.20000000000007,
                -90.0,
                -100,
                -60.0
            ],
            "wins": [
                false,
                false,
                false,
                false,
                true,
                false,
                false,
                false
            ]
        },
        {
            "gain": -437.79999999999995,
            "fitness": -4.4898589995435,
            "fitness_balanced": -12.24128297057819,
            "gains": [
                -50.0,
                -90.0,
                -50.0,
                -90.0,
                92.20000000000007,
                -90.0,
                -100,
                -60.0
            ],
            "wins": [
                false,
                false,
                false,
                false,
                true,
                false,
                false,
                false
            ]
        },
        {
            "gain": -437.79999999999995,
            "fitness": -4.4898589995435,
            "fitness_balanced": -12.24128297057819,
            "gains": [
                -50.0,
                -90.0,
                -50.0,
                -90.0,
                92.20000000000007,
                -90.0,
                -100,
                -60.0
            ],
            "wins": [
                false,
                false,
                false,
                false,
                true,
                false,
                false,
                false
            ]
        }
    ]
}