{
    "gen": 29,
    "enemies": [
        1
    ],
    "results": [
        {
            "gain": 5.0,
            "fitness": 68.97368393155426,
            "fitness_balanced": 94.89405452609942,
            "wins": [
                0.25
            ]
        }
    ]
}