{
    "gen": 299,
    "enemies": [
        1,
        2,
        3,
        4,
        5,
        6,
        7,
        8
    ],
    "results": [
        {
            "gain": 30.60000000000057,
            "fitness": 56.88323841217178,
            "fitness_balanced": 26.06647877930668,
            "gains": [
                -30.0,
                70,
                -10.0,
                -40.0,
                62.20000000000034,
                -30.0,
                -10.0,
                18.400000000000233
            ],
            "wins": [
                false,
                true,
                false,
                false,
                true,
                false,
                false,
                true
            ]
        },
        {
            "gain": 30.60000000000057,
            "fitness": 56.88323841217178,
            "fitness_balanced": 26.06647877930668,
            "gains": [
                -30.0,
                70,
                -10.0,
                -40.0,
                62.20000000000034,
                -30.0,
                -10.0,
                18.400000000000233
            ],
            "wins": [
                false,
                true,
                false,
                false,
                true,
                false,
                false,
                true
            ]
        },
        {
            "gain": 30.60000000000057,
            "fitness": 56.88323841217178,
            "fitness_balanced": 26.06647877930668,
            "gains": [
                -30.0,
                70,
                -10.0,
                -40.0,
                62.20000000000034,
                -30.0,
                -10.0,
                18.400000000000233
            ],
            "wins": [
                false,
                true,
                false,
                false,
                true,
                false,
                false,
                true
            ]
        },
        {
            "gain": 30.60000000000057,
            "fitness": 56.88323841217178,
            "fitness_balanced": 26.06647877930668,
            "gains": [
                -30.0,
                70,
                -10.0,
                -40.0,
                62.20000000000034,
                -30.0,
                -10.0,
                18.400000000000233
            ],
            "wins": [
                false,
                true,
                false,
                false,
                true,
                false,
                false,
                true
            ]
        },
        {
            "gain": 30.60000000000057,
            "fitness": 56.88323841217178,
            "fitness_balanced": 26.06647877930668,
            "gains": [
                -30.0,
                70,
                -10.0,
                -40.0,
                62.20000000000034,
                -30.0,
                -10.0,
                18.400000000000233
            ],
            "wins": [
                false,
                true,
                false,
                false,
                true,
                false,
                false,
                true
            ]
        }
    ]
}