{
    "gen": 29,
    "enemies": [
        7
    ],
    "results": [
        {
            "gain": 52.00000000000031,
            "fitness": 89.89669509194096,
            "fitness_balanced": 70.69173230259895,
            "wins": [
                true
            ]
        }
    ]
}