{
    "gen": 29,
    "enemies": [
        6
    ],
    "results": [
        {
            "gain": 29.20000000000026,
            "fitness": 87.45616819497442,
            "fitness_balanced": 59.131939858865,
            "wins": [
                true
            ]
        }
    ]
}