{
    "gen": 29,
    "enemies": [
        7
    ],
    "results": [
        {
            "gain": -5.559999999999872,
            "fitness": 58.45905828415872,
            "fitness_balanced": 77.51550493721108,
            "wins": [
                0.4
            ]
        }
    ]
}