{
    "gen": 29,
    "enemies": [
        7
    ],
    "results": [
        {
            "gain": 46.6000000000003,
            "fitness": 89.30341372532801,
            "fitness_balanced": 67.93870783429072,
            "wins": [
                true
            ]
        }
    ]
}