{
    "gen": 29,
    "enemies": [
        3
    ],
    "results": [
        {
            "gain": 12.0,
            "fitness": 70.96296509649815,
            "fitness_balanced": 61.19788162462294,
            "wins": [
                0.6
            ]
        }
    ]
}