{
    "gen": 29,
    "enemies": [
        3
    ],
    "results": [
        {
            "gain": -10.8,
            "fitness": 60.56259237945094,
            "fitness_balanced": 38.6738505268449,
            "wins": [
                0.2
            ]
        }
    ]
}