{
    "gen": 29,
    "enemies": [
        5
    ],
    "results": [
        {
            "gain": 86.20000000000013,
            "fitness": 93.08266573298148,
            "fitness_balanced": 87.55873645484164,
            "wins": [
                true
            ]
        }
    ]
}