{
    "gen": 29,
    "enemies": [
        5
    ],
    "results": [
        {
            "gain": 39.8000000000001,
            "fitness": 68.31431599755055,
            "fitness_balanced": 85.47853908213784,
            "wins": [
                0.75
            ]
        }
    ]
}