{
    "gen": 29,
    "enemies": [
        1,
        2,
        3,
        4,
        5,
        6,
        7,
        8
    ],
    "results": [
        {
            "gain": -244.79999999999995,
            "fitness": 1.6639248543962921,
            "fitness_balanced": 9.10284613236326,
            "gains": [
                100,
                -80.0,
                -40.0,
                -60.0,
                95.20000000000005,
                -90.0,
                -100,
                -70.0
            ],
            "wins": [
                true,
                false,
                false,
                false,
                true,
                false,
                false,
                false
            ]
        },
        {
            "gain": -244.79999999999995,
            "fitness": 1.6639248543962921,
            "fitness_balanced": 9.10284613236326,
            "gains": [
                100,
                -80.0,
                -40.0,
                -60.0,
                95.20000000000005,
                -90.0,
                -100,
                -70.0
            ],
            "wins": [
                true,
                false,
                false,
                false,
                true,
                false,
                false,
                false
            ]
        },
        {
            "gain": -244.79999999999995,
            "fitness": 1.6639248543962921,
            "fitness_balanced": 9.10284613236326,
            "gains": [
                100,
                -80.0,
                -40.0,
                -60.0,
                95.20000000000005,
                -90.0,
                -100,
                -70.0
            ],
            "wins": [
                true,
                false,
                false,
                false,
                true,
                false,
                false,
                false
            ]
        },
        {
            "gain": -244.79999999999995,
            "fitness": 1.6639248543962921,
            "fitness_balanced": 9.10284613236326,
            "gains": [
                100,
                -80.0,
                -40.0,
                -60.0,
                95.20000000000005,
                -90.0,
                -100,
                -70.0
            ],
            "wins": [
                true,
                false,
                false,
                false,
                true,
                false,
                false,
                false
            ]
        },
        {
            "gain": -244.79999999999995,
            "fitness": 1.6639248543962921,
            "fitness_balanced": 9.10284613236326,
            "gains": [
                100,
                -80.0,
                -40.0,
                -60.0,
                95.20000000000005,
                -90.0,
                -100,
                -70.0
            ],
            "wins": [
                true,
                false,
                false,
                false,
                true,
                false,
                false,
                false
            ]
        }
    ]
}