{
    "gen": 29,
    "enemies": [
        1,
        2,
        3,
        4,
        5,
        6,
        7,
        8
    ],
    "results": [
        {
            "gain": -393.9999999999998,
            "fitness": 2.6908257364871417,
            "fitness_balanced": -0.41164605185503955,
            "gains": [
                -20.0,
                -50.0,
                -60.0,
                -80.0,
                76.00000000000023,
                -90.0,
                -80.0,
                -90.0
            ],
            "wins": [
                false,
                false,
                false,
                false,
                true,
                false,
                false,
                false
            ]
        },
        {
            "gain": -393.9999999999998,
            "fitness": 2.6908257364871417,
            "fitness_balanced": -0.41164605185503955,
            "gains": [
                -20.0,
                -50.0,
                -60.0,
                -80.0,
                76.00000000000023,
                -90.0,
                -80.0,
                -90.0
            ],
            "wins": [
                false,
                false,
                false,
                false,
                true,
                false,
                false,
                false
            ]
        },
        {
            "gain": -393.9999999999998,
            "fitness": 2.6908257364871417,
            "fitness_balanced": -0.41164605185503955,
            "gains": [
                -20.0,
                -50.0,
                -60.0,
                -80.0,
                76.00000000000023,
                -90.0,
                -80.0,
                -90.0
            ],
            "wins": [
                false,
                false,
                false,
                false,
                true,
                false,
                false,
                false
            ]
        },
        {
            "gain": -393.9999999999998,
            "fitness": 2.6908257364871417,
            "fitness_balanced": -0.41164605185503955,
            "gains": [
                -20.0,
                -50.0,
                -60.0,
                -80.0,
                76.00000000000023,
                -90.0,
                -80.0,
                -90.0
            ],
            "wins": [
                false,
                false,
                false,
                false,
                true,
                false,
                false,
                false
            ]
        },
        {
            "gain": -393.9999999999998,
            "fitness": 2.6908257364871417,
            "fitness_balanced": -0.41164605185503955,
            "gains": [
                -20.0,
                -50.0,
                -60.0,
                -80.0,
                76.00000000000023,
                -90.0,
                -80.0,
                -90.0
            ],
            "wins": [
                false,
                false,
                false,
                false,
                true,
                false,
                false,
                false
            ]
        }
    ]
}