{
    "gen": 999,
    "enemies": [
        1,
        2,
        3,
        4,
        5,
        6,
        7,
        8
    ],
    "results": [
        {
            "gain": -171.5999999999992,
            "fitness": 3.10332943949804,
            "fitness_balanced": -1.7707811756728802,
            "gains": [
                -100,
                70,
                -70.0,
                -70.0,
                -67.99999999999976,
                -70.0,
                61.000000000000334,
                75.40000000000023
            ],
            "wins": [
                false,
                true,
                false,
                false,
                false,
                false,
                true,
                true
            ]
        },
        {
            "gain": -171.5999999999992,
            "fitness": 3.10332943949804,
            "fitness_balanced": -1.7707811756728802,
            "gains": [
                -100,
                70,
                -70.0,
                -70.0,
                -67.99999999999976,
                -70.0,
                61.000000000000334,
                75.40000000000023
            ],
            "wins": [
                false,
                true,
                false,
                false,
                false,
                false,
                true,
                true
            ]
        },
        {
            "gain": -171.5999999999992,
            "fitness": 3.10332943949804,
            "fitness_balanced": -1.7707811756728802,
            "gains": [
                -100,
                70,
                -70.0,
                -70.0,
                -67.99999999999976,
                -70.0,
                61.000000000000334,
                75.40000000000023
            ],
            "wins": [
                false,
                true,
                false,
                false,
                false,
                false,
                true,
                true
            ]
        },
        {
            "gain": -171.5999999999992,
            "fitness": 3.10332943949804,
            "fitness_balanced": -1.7707811756728802,
            "gains": [
                -100,
                70,
                -70.0,
                -70.0,
                -67.99999999999976,
                -70.0,
                61.000000000000334,
                75.40000000000023
            ],
            "wins": [
                false,
                true,
                false,
                false,
                false,
                false,
                true,
                true
            ]
        },
        {
            "gain": -171.5999999999992,
            "fitness": 3.10332943949804,
            "fitness_balanced": -1.7707811756728802,
            "gains": [
                -100,
                70,
                -70.0,
                -70.0,
                -67.99999999999976,
                -70.0,
                61.000000000000334,
                75.40000000000023
            ],
            "wins": [
                false,
                true,
                false,
                false,
                false,
                false,
                true,
                true
            ]
        }
    ]
}