{
    "gen": 29,
    "enemies": [
        3
    ],
    "results": [
        {
            "gain": 64,
            "fitness": 90.29744140538644,
            "fitness_balanced": 75.89520676758501,
            "wins": [
                true
            ]
        }
    ]
}