{
    "gen": 29,
    "enemies": [
        4
    ],
    "results": [
        {
            "gain": 31.440000000000232,
            "fitness": 84.80223723605907,
            "fitness_balanced": 71.8647587289865,
            "wins": [
                0.8
            ]
        }
    ]
}