{
    "gen": 29,
    "enemies": [
        1
    ],
    "results": [
        {
            "gain": 0.0,
            "fitness": 64.98146265045835,
            "fitness_balanced": 94.98936470590374,
            "wins": [
                0.25
            ]
        }
    ]
}