{
    "gen": 29,
    "enemies": [
        1,
        2,
        3,
        4,
        5,
        6,
        7,
        8
    ],
    "results": [
        {
            "gain": -71.39999999999966,
            "fitness": 18.65433778075203,
            "fitness_balanced": 5.294941867642564,
            "gains": [
                -70.0,
                70,
                94,
                -70.0,
                64.60000000000034,
                -70.0,
                -10.0,
                -80.0
            ],
            "wins": [
                false,
                true,
                true,
                false,
                true,
                false,
                false,
                false
            ]
        },
        {
            "gain": -71.39999999999966,
            "fitness": 18.65433778075203,
            "fitness_balanced": 5.294941867642564,
            "gains": [
                -70.0,
                70,
                94,
                -70.0,
                64.60000000000034,
                -70.0,
                -10.0,
                -80.0
            ],
            "wins": [
                false,
                true,
                true,
                false,
                true,
                false,
                false,
                false
            ]
        },
        {
            "gain": -71.39999999999966,
            "fitness": 18.65433778075203,
            "fitness_balanced": 5.294941867642564,
            "gains": [
                -70.0,
                70,
                94,
                -70.0,
                64.60000000000034,
                -70.0,
                -10.0,
                -80.0
            ],
            "wins": [
                false,
                true,
                true,
                false,
                true,
                false,
                false,
                false
            ]
        },
        {
            "gain": -71.39999999999966,
            "fitness": 18.65433778075203,
            "fitness_balanced": 5.294941867642564,
            "gains": [
                -70.0,
                70,
                94,
                -70.0,
                64.60000000000034,
                -70.0,
                -10.0,
                -80.0
            ],
            "wins": [
                false,
                true,
                true,
                false,
                true,
                false,
                false,
                false
            ]
        },
        {
            "gain": -71.39999999999966,
            "fitness": 18.65433778075203,
            "fitness_balanced": 5.294941867642564,
            "gains": [
                -70.0,
                70,
                94,
                -70.0,
                64.60000000000034,
                -70.0,
                -10.0,
                -80.0
            ],
            "wins": [
                false,
                true,
                true,
                false,
                true,
                false,
                false,
                false
            ]
        }
    ]
}