{
    "gen": 29,
    "enemies": [
        6
    ],
    "results": [
        {
            "gain": -20.0,
            "fitness": 66.21925648420768,
            "fitness_balanced": 34.216174817670264,
            "wins": [
                false
            ]
        }
    ]
}