{
    "gen": 29,
    "enemies": [
        3
    ],
    "results": [
        {
            "gain": 58,
            "fitness": 89.73157441175589,
            "fitness_balanced": 72.92926227199752,
            "wins": [
                true
            ]
        }
    ]
}