{
    "gen": 29,
    "enemies": [
        1,
        2,
        3,
        4,
        5,
        6,
        7,
        8
    ],
    "results": [
        {
            "gain": -315.19999999999976,
            "fitness": 18.316280073110228,
            "fitness_balanced": 1.9367248167546052,
            "gains": [
                -60.0,
                -30.0,
                -80.0,
                -70.0,
                -40.0,
                -50.0,
                -60.0,
                74.80000000000024
            ],
            "wins": [
                false,
                false,
                false,
                false,
                false,
                false,
                false,
                true
            ]
        },
        {
            "gain": -315.19999999999976,
            "fitness": 18.316280073110228,
            "fitness_balanced": 1.9367248167546052,
            "gains": [
                -60.0,
                -30.0,
                -80.0,
                -70.0,
                -40.0,
                -50.0,
                -60.0,
                74.80000000000024
            ],
            "wins": [
                false,
                false,
                false,
                false,
                false,
                false,
                false,
                true
            ]
        },
        {
            "gain": -315.19999999999976,
            "fitness": 18.316280073110228,
            "fitness_balanced": 1.9367248167546052,
            "gains": [
                -60.0,
                -30.0,
                -80.0,
                -70.0,
                -40.0,
                -50.0,
                -60.0,
                74.80000000000024
            ],
            "wins": [
                false,
                false,
                false,
                false,
                false,
                false,
                false,
                true
            ]
        },
        {
            "gain": -315.19999999999976,
            "fitness": 18.316280073110228,
            "fitness_balanced": 1.9367248167546052,
            "gains": [
                -60.0,
                -30.0,
                -80.0,
                -70.0,
                -40.0,
                -50.0,
                -60.0,
                74.80000000000024
            ],
            "wins": [
                false,
                false,
                false,
                false,
                false,
                false,
                false,
                true
            ]
        },
        {
            "gain": -315.19999999999976,
            "fitness": 18.316280073110228,
            "fitness_balanced": 1.9367248167546052,
            "gains": [
                -60.0,
                -30.0,
                -80.0,
                -70.0,
                -40.0,
                -50.0,
                -60.0,
                74.80000000000024
            ],
            "wins": [
                false,
                false,
                false,
                false,
                false,
                false,
                false,
                true
            ]
        }
    ]
}