{
    "gen": 29,
    "enemies": [
        1
    ],
    "results": [
        {
            "gain": -5.0,
            "fitness": 60.19000769122443,
            "fitness_balanced": 94.89405452609942,
            "wins": [
                0.25
            ]
        }
    ]
}