{
    "gen": 29,
    "enemies": [
        1,
        2,
        3,
        4,
        5,
        6,
        7,
        8
    ],
    "results": [
        {
            "gain": -267.79999999999995,
            "fitness": -4.270176362232235,
            "fitness_balanced": -11.021282580957575,
            "gains": [
                100,
                -90.0,
                -20.0,
                -90.0,
                92.20000000000007,
                -90.0,
                -100,
                -70.0
            ],
            "wins": [
                true,
                false,
                false,
                false,
                true,
                false,
                false,
                false
            ]
        },
        {
            "gain": -267.79999999999995,
            "fitness": -4.270176362232235,
            "fitness_balanced": -11.021282580957575,
            "gains": [
                100,
                -90.0,
                -20.0,
                -90.0,
                92.20000000000007,
                -90.0,
                -100,
                -70.0
            ],
            "wins": [
                true,
                false,
                false,
                false,
                true,
                false,
                false,
                false
            ]
        },
        {
            "gain": -267.79999999999995,
            "fitness": -4.270176362232235,
            "fitness_balanced": -11.021282580957575,
            "gains": [
                100,
                -90.0,
                -20.0,
                -90.0,
                92.20000000000007,
                -90.0,
                -100,
                -70.0
            ],
            "wins": [
                true,
                false,
                false,
                false,
                true,
                false,
                false,
                false
            ]
        },
        {
            "gain": -267.79999999999995,
            "fitness": -4.270176362232235,
            "fitness_balanced": -11.021282580957575,
            "gains": [
                100,
                -90.0,
                -20.0,
                -90.0,
                92.20000000000007,
                -90.0,
                -100,
                -70.0
            ],
            "wins": [
                true,
                false,
                false,
                false,
                true,
                false,
                false,
                false
            ]
        },
        {
            "gain": -267.79999999999995,
            "fitness": -4.270176362232235,
            "fitness_balanced": -11.021282580957575,
            "gains": [
                100,
                -90.0,
                -20.0,
                -90.0,
                92.20000000000007,
                -90.0,
                -100,
                -70.0
            ],
            "wins": [
                true,
                false,
                false,
                false,
                true,
                false,
                false,
                false
            ]
        }
    ]
}