{
    "gen": 29,
    "enemies": [
        1,
        2,
        3,
        4,
        5,
        6,
        7,
        8
    ],
    "results": [
        {
            "gain": -335.9999999999994,
            "fitness": -6.742116036111746,
            "fitness_balanced": -5.44673737166631,
            "gains": [
                -100,
                36,
                -90.0,
                -60.0,
                29.000000000000306,
                -100,
                49.000000000000306,
                -100
            ],
            "wins": [
                false,
                true,
                false,
                false,
                false,
                false,
                true,
                false
            ]
        },
        {
            "gain": -335.9999999999994,
            "fitness": -6.742116036111746,
            "fitness_balanced": -5.44673737166631,
            "gains": [
                -100,
                36,
                -90.0,
                -60.0,
                29.000000000000306,
                -100,
                49.000000000000306,
                -100
            ],
            "wins": [
                false,
                true,
                false,
                false,
                false,
                false,
                true,
                false
            ]
        },
        {
            "gain": -335.9999999999994,
            "fitness": -6.742116036111746,
            "fitness_balanced": -5.44673737166631,
            "gains": [
                -100,
                36,
                -90.0,
                -60.0,
                29.000000000000306,
                -100,
                49.000000000000306,
                -100
            ],
            "wins": [
                false,
                true,
                false,
                false,
                false,
                false,
                true,
                false
            ]
        },
        {
            "gain": -335.9999999999994,
            "fitness": -6.742116036111746,
            "fitness_balanced": -5.44673737166631,
            "gains": [
                -100,
                36,
                -90.0,
                -60.0,
                29.000000000000306,
                -100,
                49.000000000000306,
                -100
            ],
            "wins": [
                false,
                true,
                false,
                false,
                false,
                false,
                true,
                false
            ]
        },
        {
            "gain": -335.9999999999994,
            "fitness": -6.742116036111746,
            "fitness_balanced": -5.44673737166631,
            "gains": [
                -100,
                36,
                -90.0,
                -60.0,
                29.000000000000306,
                -100,
                49.000000000000306,
                -100
            ],
            "wins": [
                false,
                true,
                false,
                false,
                false,
                false,
                true,
                false
            ]
        }
    ]
}