{
    "gen": 29,
    "enemies": [
        7
    ],
    "results": [
        {
            "gain": 16.88000000000017,
            "fitness": 82.9882047905406,
            "fitness_balanced": 68.84341372532815,
            "wins": [
                0.6
            ]
        }
    ]
}