{
    "gen": 29,
    "enemies": [
        1,
        2,
        3,
        4,
        5,
        6,
        7,
        8
    ],
    "results": [
        {
            "gain": -56.19999999999908,
            "fitness": 16.49878197430673,
            "fitness_balanced": 72.37641489804778,
            "gains": [
                -100,
                72,
                -70.0,
                -90.0,
                -20.0,
                58.60000000000033,
                37.00000000000028,
                56.20000000000032
            ],
            "wins": [
                false,
                true,
                false,
                false,
                false,
                true,
                true,
                true
            ]
        },
        {
            "gain": -56.19999999999908,
            "fitness": 16.49878197430673,
            "fitness_balanced": 72.37641489804778,
            "gains": [
                -100,
                72,
                -70.0,
                -90.0,
                -20.0,
                58.60000000000033,
                37.00000000000028,
                56.20000000000032
            ],
            "wins": [
                false,
                true,
                false,
                false,
                false,
                true,
                true,
                true
            ]
        },
        {
            "gain": -56.19999999999908,
            "fitness": 16.49878197430673,
            "fitness_balanced": 72.37641489804778,
            "gains": [
                -100,
                72,
                -70.0,
                -90.0,
                -20.0,
                58.60000000000033,
                37.00000000000028,
                56.20000000000032
            ],
            "wins": [
                false,
                true,
                false,
                false,
                false,
                true,
                true,
                true
            ]
        },
        {
            "gain": -56.19999999999908,
            "fitness": 16.49878197430673,
            "fitness_balanced": 72.37641489804778,
            "gains": [
                -100,
                72,
                -70.0,
                -90.0,
                -20.0,
                58.60000000000033,
                37.00000000000028,
                56.20000000000032
            ],
            "wins": [
                false,
                true,
                false,
                false,
                false,
                true,
                true,
                true
            ]
        },
        {
            "gain": -56.19999999999908,
            "fitness": 16.49878197430673,
            "fitness_balanced": 72.37641489804778,
            "gains": [
                -100,
                72,
                -70.0,
                -90.0,
                -20.0,
                58.60000000000033,
                37.00000000000028,
                56.20000000000032
            ],
            "wins": [
                false,
                true,
                false,
                false,
                false,
                true,
                true,
                true
            ]
        }
    ]
}