{
    "gen": 29,
    "enemies": [
        6
    ],
    "results": [
        {
            "gain": -26.599999999999945,
            "fitness": 54.860867224226375,
            "fitness_balanced": -0.030437921392435285,
            "wins": [
                0.2
            ]
        }
    ]
}