{
    "gen": 29,
    "enemies": [
        5
    ],
    "results": [
        {
            "gain": 70.00000000000023,
            "fitness": 91.4347013525765,
            "fitness_balanced": 83.27959913428296,
            "wins": [
                1.0
            ]
        }
    ]
}