{
    "gen": 29,
    "enemies": [
        5
    ],
    "results": [
        {
            "gain": 76.60000000000016,
            "fitness": 91.88023814863878,
            "fitness_balanced": 86.90010264641758,
            "wins": [
                1.0
            ]
        }
    ]
}