{
    "experiment_name": "[1, 2, 3, 4, 5, 6, 7, 8]_all_enemies_f-rank",
    "enemies": [
        1,
        2,
        3,
        4,
        5,
        6,
        7,
        8
    ],
    "n_hidden_neurons": 10,
    "domain_upper": 1,
    "domain_lower": -1,
    "pop_size": 100,
    "gens": 30,
    "mutation_rate": 0.2,
    "normalization_method": "default",
    "fitness_method": "rank",
    "pick_parent_method": "multinomial",
    "survivor_method": "multinomial",
    "randomini": "no",
    "headless": true,
    "multi_ini": false,
    "crossover_method": "none",
    "mutation_type": "stochastic_decaying",
    "start_new": true,
    "gen": 29,
    "best_default": 37.67948144437378,
    "mean_default": 29.686192303272243,
    "std_default": 5.398676698122572,
    "Q5_default": 23.000030137926988,
    "Q95_default": 36.01611648280245,
    "best_balanced": 43.02210285599379,
    "mean_balanced": 38.65013351911895,
    "std_balanced": 2.609805112885373,
    "Q5_balanced": 34.18152370324908,
    "Q95_balanced": 41.15251924923678
}