{
    "gen": 99,
    "enemies": [
        1,
        2,
        3,
        4,
        5,
        6,
        7,
        8
    ],
    "results": [
        {
            "gain": -111.95999999999954,
            "fitness": 32.52217503305353,
            "fitness_balanced": 47.08410787451708,
            "wins": [
                0.0,
                1.0,
                0.2,
                0.0,
                1.0,
                0.0,
                0.0,
                0.6
            ]
        }
    ]
}