{
    "gen": 29,
    "enemies": [
        1,
        2,
        3,
        4,
        5,
        6,
        7,
        8
    ],
    "results": [
        {
            "gain": -446.5999999999999,
            "fitness": -3.4847456580677836,
            "fitness_balanced": 9.657665748035189,
            "gains": [
                -50.0,
                -70.0,
                -80.0,
                -80.0,
                93.40000000000006,
                -90.0,
                -100,
                -70.0
            ],
            "wins": [
                false,
                false,
                false,
                false,
                true,
                false,
                false,
                false
            ]
        },
        {
            "gain": -446.5999999999999,
            "fitness": -3.4847456580677836,
            "fitness_balanced": 9.657665748035189,
            "gains": [
                -50.0,
                -70.0,
                -80.0,
                -80.0,
                93.40000000000006,
                -90.0,
                -100,
                -70.0
            ],
            "wins": [
                false,
                false,
                false,
                false,
                true,
                false,
                false,
                false
            ]
        },
        {
            "gain": -446.5999999999999,
            "fitness": -3.4847456580677836,
            "fitness_balanced": 9.657665748035189,
            "gains": [
                -50.0,
                -70.0,
                -80.0,
                -80.0,
                93.40000000000006,
                -90.0,
                -100,
                -70.0
            ],
            "wins": [
                false,
                false,
                false,
                false,
                true,
                false,
                false,
                false
            ]
        },
        {
            "gain": -446.5999999999999,
            "fitness": -3.4847456580677836,
            "fitness_balanced": 9.657665748035189,
            "gains": [
                -50.0,
                -70.0,
                -80.0,
                -80.0,
                93.40000000000006,
                -90.0,
                -100,
                -70.0
            ],
            "wins": [
                false,
                false,
                false,
                false,
                true,
                false,
                false,
                false
            ]
        },
        {
            "gain": -446.5999999999999,
            "fitness": -3.4847456580677836,
            "fitness_balanced": 9.657665748035189,
            "gains": [
                -50.0,
                -70.0,
                -80.0,
                -80.0,
                93.40000000000006,
                -90.0,
                -100,
                -70.0
            ],
            "wins": [
                false,
                false,
                false,
                false,
                true,
                false,
                false,
                false
            ]
        }
    ]
}