{
    "gen": 29,
    "enemies": [
        1,
        2,
        3,
        4,
        5,
        6,
        7,
        8
    ],
    "results": [
        {
            "gain": -189.19999999999982,
            "fitness": 11.185016378404768,
            "fitness_balanced": -2.1247653058198708,
            "gains": [
                100,
                -20.0,
                -50.0,
                -60.0,
                80.80000000000018,
                -100,
                -80.0,
                -60.0
            ],
            "wins": [
                true,
                false,
                false,
                false,
                true,
                false,
                false,
                false
            ]
        },
        {
            "gain": -189.19999999999982,
            "fitness": 11.185016378404768,
            "fitness_balanced": -2.1247653058198708,
            "gains": [
                100,
                -20.0,
                -50.0,
                -60.0,
                80.80000000000018,
                -100,
                -80.0,
                -60.0
            ],
            "wins": [
                true,
                false,
                false,
                false,
                true,
                false,
                false,
                false
            ]
        },
        {
            "gain": -189.19999999999982,
            "fitness": 11.185016378404768,
            "fitness_balanced": -2.1247653058198708,
            "gains": [
                100,
                -20.0,
                -50.0,
                -60.0,
                80.80000000000018,
                -100,
                -80.0,
                -60.0
            ],
            "wins": [
                true,
                false,
                false,
                false,
                true,
                false,
                false,
                false
            ]
        },
        {
            "gain": -189.19999999999982,
            "fitness": 11.185016378404768,
            "fitness_balanced": -2.1247653058198708,
            "gains": [
                100,
                -20.0,
                -50.0,
                -60.0,
                80.80000000000018,
                -100,
                -80.0,
                -60.0
            ],
            "wins": [
                true,
                false,
                false,
                false,
                true,
                false,
                false,
                false
            ]
        },
        {
            "gain": -189.19999999999982,
            "fitness": 11.185016378404768,
            "fitness_balanced": -2.1247653058198708,
            "gains": [
                100,
                -20.0,
                -50.0,
                -60.0,
                80.80000000000018,
                -100,
                -80.0,
                -60.0
            ],
            "wins": [
                true,
                false,
                false,
                false,
                true,
                false,
                false,
                false
            ]
        }
    ]
}