{
    "gen": 29,
    "enemies": [
        1
    ],
    "results": [
        {
            "gain": -37.5,
            "fitness": 50.866006530027036,
            "fitness_balanced": 34.241098226122716,
            "wins": [
                0.0
            ]
        }
    ]
}