{
    "gen": 29,
    "enemies": [
        4
    ],
    "results": [
        {
            "gain": -2.119999999999844,
            "fitness": 67.13415423212504,
            "fitness_balanced": 51.98725717950694,
            "wins": [
                0.6
            ]
        }
    ]
}