{
    "gen": 29,
    "enemies": [
        1,
        2,
        3,
        4,
        5,
        6,
        7,
        8
    ],
    "results": [
        {
            "gain": -364.9999999999994,
            "fitness": -4.647347863100272,
            "fitness_balanced": -7.4944643441630205,
            "gains": [
                -100,
                -100,
                -60.0,
                43.60000000000029,
                -20.0,
                -80.0,
                -100,
                51.40000000000031
            ],
            "wins": [
                false,
                false,
                false,
                true,
                false,
                false,
                false,
                true
            ]
        },
        {
            "gain": -364.9999999999994,
            "fitness": -4.647347863100272,
            "fitness_balanced": -7.4944643441630205,
            "gains": [
                -100,
                -100,
                -60.0,
                43.60000000000029,
                -20.0,
                -80.0,
                -100,
                51.40000000000031
            ],
            "wins": [
                false,
                false,
                false,
                true,
                false,
                false,
                false,
                true
            ]
        },
        {
            "gain": -364.9999999999994,
            "fitness": -4.647347863100272,
            "fitness_balanced": -7.4944643441630205,
            "gains": [
                -100,
                -100,
                -60.0,
                43.60000000000029,
                -20.0,
                -80.0,
                -100,
                51.40000000000031
            ],
            "wins": [
                false,
                false,
                false,
                true,
                false,
                false,
                false,
                true
            ]
        },
        {
            "gain": -364.9999999999994,
            "fitness": -4.647347863100272,
            "fitness_balanced": -7.4944643441630205,
            "gains": [
                -100,
                -100,
                -60.0,
                43.60000000000029,
                -20.0,
                -80.0,
                -100,
                51.40000000000031
            ],
            "wins": [
                false,
                false,
                false,
                true,
                false,
                false,
                false,
                true
            ]
        },
        {
            "gain": -364.9999999999994,
            "fitness": -4.647347863100272,
            "fitness_balanced": -7.4944643441630205,
            "gains": [
                -100,
                -100,
                -60.0,
                43.60000000000029,
                -20.0,
                -80.0,
                -100,
                51.40000000000031
            ],
            "wins": [
                false,
                false,
                false,
                true,
                false,
                false,
                false,
                true
            ]
        }
    ]
}