{
    "gen": 29,
    "enemies": [
        1,
        2,
        3,
        4,
        5,
        6,
        7,
        8
    ],
    "results": [
        {
            "gain": -414.79999999999995,
            "fitness": -0.6054006748309781,
            "fitness_balanced": -10.389627045556441,
            "gains": [
                -50.0,
                -60.0,
                -60.0,
                -70.0,
                95.20000000000005,
                -100,
                -100,
                -70.0
            ],
            "wins": [
                false,
                false,
                false,
                false,
                true,
                false,
                false,
                false
            ]
        },
        {
            "gain": -414.79999999999995,
            "fitness": -0.6054006748309781,
            "fitness_balanced": -10.389627045556441,
            "gains": [
                -50.0,
                -60.0,
                -60.0,
                -70.0,
                95.20000000000005,
                -100,
                -100,
                -70.0
            ],
            "wins": [
                false,
                false,
                false,
                false,
                true,
                false,
                false,
                false
            ]
        },
        {
            "gain": -414.79999999999995,
            "fitness": -0.6054006748309781,
            "fitness_balanced": -10.389627045556441,
            "gains": [
                -50.0,
                -60.0,
                -60.0,
                -70.0,
                95.20000000000005,
                -100,
                -100,
                -70.0
            ],
            "wins": [
                false,
                false,
                false,
                false,
                true,
                false,
                false,
                false
            ]
        },
        {
            "gain": -414.79999999999995,
            "fitness": -0.6054006748309781,
            "fitness_balanced": -10.389627045556441,
            "gains": [
                -50.0,
                -60.0,
                -60.0,
                -70.0,
                95.20000000000005,
                -100,
                -100,
                -70.0
            ],
            "wins": [
                false,
                false,
                false,
                false,
                true,
                false,
                false,
                false
            ]
        },
        {
            "gain": -414.79999999999995,
            "fitness": -0.6054006748309781,
            "fitness_balanced": -10.389627045556441,
            "gains": [
                -50.0,
                -60.0,
                -60.0,
                -70.0,
                95.20000000000005,
                -100,
                -100,
                -70.0
            ],
            "wins": [
                false,
                false,
                false,
                false,
                true,
                false,
                false,
                false
            ]
        }
    ]
}