{
    "gen": 29,
    "enemies": [
        5
    ],
    "results": [
        {
            "gain": 95.20000000000005,
            "fitness": 94.4637541946517,
            "fitness_balanced": 92.53740496697306,
            "wins": [
                true
            ]
        }
    ]
}