{
    "gen": 29,
    "enemies": [
        5
    ],
    "results": [
        {
            "gain": 78.25000000000017,
            "fitness": 92.1590309453903,
            "fitness_balanced": 87.97172147976936,
            "wins": [
                1.0
            ]
        }
    ]
}