{
    "gen": 29,
    "enemies": [
        8
    ],
    "results": [
        {
            "gain": 65.80000000000032,
            "fitness": 90.96322890233346,
            "fitness_balanced": 77.27959913428302,
            "wins": [
                true
            ]
        }
    ]
}