{
    "gen": 29,
    "enemies": [
        5
    ],
    "results": [
        {
            "gain": 18.500000000000124,
            "fitness": 59.82750208939231,
            "fitness_balanced": 85.4906116633721,
            "wins": [
                0.5
            ]
        }
    ]
}