{
    "gen": 29,
    "enemies": [
        2
    ],
    "results": [
        {
            "gain": 74.4,
            "fitness": 91.93724763503558,
            "fitness_balanced": 82.33011907701948,
            "wins": [
                1.0
            ]
        }
    ]
}