{
    "gen": 29,
    "enemies": [
        7
    ],
    "results": [
        {
            "gain": 36.400000000000276,
            "fitness": 88.08610033808307,
            "fitness_balanced": 74.75326262833384,
            "wins": [
                1.0
            ]
        }
    ]
}