{
    "gen": 29,
    "enemies": [
        4
    ],
    "results": [
        {
            "gain": 21.640000000000246,
            "fitness": 85.0147258118366,
            "fitness_balanced": 50.12068116458549,
            "wins": [
                1.0
            ]
        }
    ]
}