{
    "gen": 29,
    "enemies": [
        3
    ],
    "results": [
        {
            "gain": 31.2,
            "fitness": 80.74996658802829,
            "fitness_balanced": 70.83668519596536,
            "wins": [
                0.6
            ]
        }
    ]
}