{
    "gen": 29,
    "enemies": [
        7
    ],
    "results": [
        {
            "gain": 12.680000000000206,
            "fitness": 80.73979034925426,
            "fitness_balanced": 28.991186814557405,
            "wins": [
                0.8
            ]
        }
    ]
}