{
    "gen": 29,
    "enemies": [
        1,
        2,
        3,
        4,
        5,
        6,
        7,
        8
    ],
    "results": [
        {
            "gain": -250.99999999999974,
            "fitness": 11.565417652271762,
            "fitness_balanced": 4.319827390982932,
            "gains": [
                -60.0,
                -20.0,
                36,
                -70.0,
                73.00000000000026,
                -100,
                -30.0,
                -80.0
            ],
            "wins": [
                false,
                false,
                true,
                false,
                true,
                false,
                false,
                false
            ]
        },
        {
            "gain": -250.99999999999974,
            "fitness": 11.565417652271762,
            "fitness_balanced": 4.319827390982932,
            "gains": [
                -60.0,
                -20.0,
                36,
                -70.0,
                73.00000000000026,
                -100,
                -30.0,
                -80.0
            ],
            "wins": [
                false,
                false,
                true,
                false,
                true,
                false,
                false,
                false
            ]
        },
        {
            "gain": -250.99999999999974,
            "fitness": 11.565417652271762,
            "fitness_balanced": 4.319827390982932,
            "gains": [
                -60.0,
                -20.0,
                36,
                -70.0,
                73.00000000000026,
                -100,
                -30.0,
                -80.0
            ],
            "wins": [
                false,
                false,
                true,
                false,
                true,
                false,
                false,
                false
            ]
        },
        {
            "gain": -250.99999999999974,
            "fitness": 11.565417652271762,
            "fitness_balanced": 4.319827390982932,
            "gains": [
                -60.0,
                -20.0,
                36,
                -70.0,
                73.00000000000026,
                -100,
                -30.0,
                -80.0
            ],
            "wins": [
                false,
                false,
                true,
                false,
                true,
                false,
                false,
                false
            ]
        },
        {
            "gain": -250.99999999999974,
            "fitness": 11.565417652271762,
            "fitness_balanced": 4.319827390982932,
            "gains": [
                -60.0,
                -20.0,
                36,
                -70.0,
                73.00000000000026,
                -100,
                -30.0,
                -80.0
            ],
            "wins": [
                false,
                false,
                true,
                false,
                true,
                false,
                false,
                false
            ]
        }
    ]
}