{
    "gen": 29,
    "enemies": [
        3
    ],
    "results": [
        {
            "gain": -8.0,
            "fitness": 70.37357647114007,
            "fitness_balanced": 45.60140506546479,
            "wins": [
                0.4
            ]
        }
    ]
}