{
    "gen": 299,
    "enemies": [
        1,
        2,
        3,
        4,
        5,
        6,
        7,
        8
    ],
    "results": [
        {
            "gain": 190.6000000000011,
            "fitness": 70.31191775213583,
            "fitness_balanced": 36.33937216390129,
            "gains": [
                -10.0,
                74,
                -30.0,
                30.40000000000026,
                62.80000000000034,
                0.40000000000023406,
                -10.0,
                73.00000000000026
            ],
            "wins": [
                false,
                true,
                false,
                true,
                true,
                true,
                false,
                true
            ]
        },
        {
            "gain": 190.6000000000011,
            "fitness": 70.31191775213583,
            "fitness_balanced": 36.33937216390129,
            "gains": [
                -10.0,
                74,
                -30.0,
                30.40000000000026,
                62.80000000000034,
                0.40000000000023406,
                -10.0,
                73.00000000000026
            ],
            "wins": [
                false,
                true,
                false,
                true,
                true,
                true,
                false,
                true
            ]
        },
        {
            "gain": 190.6000000000011,
            "fitness": 70.31191775213583,
            "fitness_balanced": 36.33937216390129,
            "gains": [
                -10.0,
                74,
                -30.0,
                30.40000000000026,
                62.80000000000034,
                0.40000000000023406,
                -10.0,
                73.00000000000026
            ],
            "wins": [
                false,
                true,
                false,
                true,
                true,
                true,
                false,
                true
            ]
        },
        {
            "gain": 190.6000000000011,
            "fitness": 70.31191775213583,
            "fitness_balanced": 36.33937216390129,
            "gains": [
                -10.0,
                74,
                -30.0,
                30.40000000000026,
                62.80000000000034,
                0.40000000000023406,
                -10.0,
                73.00000000000026
            ],
            "wins": [
                false,
                true,
                false,
                true,
                true,
                true,
                false,
                true
            ]
        },
        {
            "gain": 190.6000000000011,
            "fitness": 70.31191775213583,
            "fitness_balanced": 36.33937216390129,
            "gains": [
                -10.0,
                74,
                -30.0,
                30.40000000000026,
                62.80000000000034,
                0.40000000000023406,
                -10.0,
                73.00000000000026
            ],
            "wins": [
                false,
                true,
                false,
                true,
                true,
                true,
                false,
                true
            ]
        }
    ]
}