{
    "gen": 29,
    "enemies": [
        1,
        2,
        3,
        4,
        5,
        6,
        7,
        8
    ],
    "results": [
        {
            "gain": -213.3999999999994,
            "fitness": 8.226098244277836,
            "fitness_balanced": 29.11112204166712,
            "gains": [
                -90.0,
                18,
                -70.0,
                -70.0,
                55.60000000000032,
                -100,
                73.00000000000026,
                -30.0
            ],
            "wins": [
                false,
                true,
                false,
                false,
                true,
                false,
                true,
                false
            ]
        },
        {
            "gain": -213.3999999999994,
            "fitness": 8.226098244277836,
            "fitness_balanced": 29.11112204166712,
            "gains": [
                -90.0,
                18,
                -70.0,
                -70.0,
                55.60000000000032,
                -100,
                73.00000000000026,
                -30.0
            ],
            "wins": [
                false,
                true,
                false,
                false,
                true,
                false,
                true,
                false
            ]
        },
        {
            "gain": -213.3999999999994,
            "fitness": 8.226098244277836,
            "fitness_balanced": 29.11112204166712,
            "gains": [
                -90.0,
                18,
                -70.0,
                -70.0,
                55.60000000000032,
                -100,
                73.00000000000026,
                -30.0
            ],
            "wins": [
                false,
                true,
                false,
                false,
                true,
                false,
                true,
                false
            ]
        },
        {
            "gain": -213.3999999999994,
            "fitness": 8.226098244277836,
            "fitness_balanced": 29.11112204166712,
            "gains": [
                -90.0,
                18,
                -70.0,
                -70.0,
                55.60000000000032,
                -100,
                73.00000000000026,
                -30.0
            ],
            "wins": [
                false,
                true,
                false,
                false,
                true,
                false,
                true,
                false
            ]
        },
        {
            "gain": -213.3999999999994,
            "fitness": 8.226098244277836,
            "fitness_balanced": 29.11112204166712,
            "gains": [
                -90.0,
                18,
                -70.0,
                -70.0,
                55.60000000000032,
                -100,
                73.00000000000026,
                -30.0
            ],
            "wins": [
                false,
                true,
                false,
                false,
                true,
                false,
                true,
                false
            ]
        }
    ]
}