{
    "gen": 29,
    "enemies": [
        8
    ],
    "results": [
        {
            "gain": 60.400000000000304,
            "fitness": 90.25110929180042,
            "fitness_balanced": 79.16518926293753,
            "wins": [
                1.0
            ]
        }
    ]
}