{
    "gen": 29,
    "enemies": [
        5
    ],
    "results": [
        {
            "gain": 76.7500000000002,
            "fitness": 91.82886169260898,
            "fitness_balanced": 81.94562995920276,
            "wins": [
                1.0
            ]
        }
    ]
}