{
    "gen": 29,
    "enemies": [
        1,
        2,
        3,
        4,
        5,
        6,
        7,
        8
    ],
    "results": [
        {
            "gain": -483.59999999999997,
            "fitness": -12.25814792505809,
            "fitness_balanced": -16.930093361176844,
            "gains": [
                -70.0,
                -80.0,
                -40.0,
                -90.0,
                96.40000000000003,
                -100,
                -100,
                -100
            ],
            "wins": [
                false,
                false,
                false,
                false,
                true,
                false,
                false,
                false
            ]
        },
        {
            "gain": -483.59999999999997,
            "fitness": -12.25814792505809,
            "fitness_balanced": -16.930093361176844,
            "gains": [
                -70.0,
                -80.0,
                -40.0,
                -90.0,
                96.40000000000003,
                -100,
                -100,
                -100
            ],
            "wins": [
                false,
                false,
                false,
                false,
                true,
                false,
                false,
                false
            ]
        },
        {
            "gain": -483.59999999999997,
            "fitness": -12.25814792505809,
            "fitness_balanced": -16.930093361176844,
            "gains": [
                -70.0,
                -80.0,
                -40.0,
                -90.0,
                96.40000000000003,
                -100,
                -100,
                -100
            ],
            "wins": [
                false,
                false,
                false,
                false,
                true,
                false,
                false,
                false
            ]
        },
        {
            "gain": -483.59999999999997,
            "fitness": -12.25814792505809,
            "fitness_balanced": -16.930093361176844,
            "gains": [
                -70.0,
                -80.0,
                -40.0,
                -90.0,
                96.40000000000003,
                -100,
                -100,
                -100
            ],
            "wins": [
                false,
                false,
                false,
                false,
                true,
                false,
                false,
                false
            ]
        },
        {
            "gain": -483.59999999999997,
            "fitness": -12.25814792505809,
            "fitness_balanced": -16.930093361176844,
            "gains": [
                -70.0,
                -80.0,
                -40.0,
                -90.0,
                96.40000000000003,
                -100,
                -100,
                -100
            ],
            "wins": [
                false,
                false,
                false,
                false,
                true,
                false,
                false,
                false
            ]
        }
    ]
}