{
    "gen": 29,
    "enemies": [
        1
    ],
    "results": [
        {
            "gain": -9.5,
            "fitness": 57.68341876764392,
            "fitness_balanced": 90.73730981109512,
            "wins": [
                0.25
            ]
        }
    ]
}