{
    "gen": 29,
    "enemies": [
        8
    ],
    "results": [
        {
            "gain": 71.80000000000027,
            "fitness": 91.77282822853991,
            "fitness_balanced": 80.48835394814509,
            "wins": [
                true
            ]
        }
    ]
}