{
    "gen": 29,
    "enemies": [
        4
    ],
    "results": [
        {
            "gain": 55.120000000000275,
            "fitness": 88.38651599535724,
            "fitness_balanced": 78.86649351571243,
            "wins": [
                1.0
            ]
        }
    ]
}