{
    "gen": 29,
    "enemies": [
        3
    ],
    "results": [
        {
            "gain": -10.4,
            "fitness": 68.5463677208176,
            "fitness_balanced": 44.7158658389292,
            "wins": [
                0.4
            ]
        }
    ]
}