{
    "experiment_name": "[1, 2, 3, 4, 5, 6, 7, 8]_all_enemies_f-rank",
    "enemies": [
        1,
        2,
        3,
        4,
        5,
        6,
        7,
        8
    ],
    "n_hidden_neurons": 10,
    "domain_upper": 1,
    "domain_lower": -1,
    "pop_size": 100,
    "gens": 100,
    "mutation_rate": 0.2,
    "normalization_method": "default",
    "fitness_method": "rank",
    "pick_parent_method": "multinomial",
    "survivor_method": "multinomial",
    "randomini": "no",
    "headless": true,
    "multi_ini": false,
    "crossover_method": "none",
    "mutation_type": "stochastic_decaying",
    "start_new": false,
    "gen": 99,
    "best_default": 44.98141679709241,
    "mean_default": 37.762282909170324,
    "std_default": 7.484722443492951,
    "Q5_default": 25.29811791020785,
    "Q95_default": 44.28553762929125,
    "best_balanced": 48.43063549200442,
    "mean_balanced": 42.742572781901664,
    "std_balanced": 5.973718599808072,
    "Q5_balanced": 38.56933802500303,
    "Q95_balanced": 47.59294966523201
}