{
    "gen": 29,
    "enemies": [
        1,
        2,
        3,
        4,
        5,
        6,
        7,
        8
    ],
    "results": [
        {
            "gain": -80.84999999999935,
            "fitness": 37.17865277912857,
            "fitness_balanced": 46.42413272989435,
            "wins": [
                0.0,
                1.0,
                0.0,
                0.0,
                1.0,
                0.4,
                0.4,
                0.6
            ]
        }
    ]
}