{
    "gen": 299,
    "enemies": [
        1,
        2,
        3,
        4,
        5,
        6,
        7,
        8
    ],
    "results": [
        {
            "gain": 55.000000000001066,
            "fitness": 48.270135921344206,
            "fitness_balanced": 25.576773366098806,
            "gains": [
                -60.0,
                64,
                8,
                -60.0,
                55.00000000000032,
                2.8000000000002343,
                40.000000000000284,
                5.200000000000234
            ],
            "wins": [
                false,
                true,
                true,
                false,
                true,
                true,
                true,
                true
            ]
        },
        {
            "gain": 55.000000000001066,
            "fitness": 48.270135921344206,
            "fitness_balanced": 25.576773366098806,
            "gains": [
                -60.0,
                64,
                8,
                -60.0,
                55.00000000000032,
                2.8000000000002343,
                40.000000000000284,
                5.200000000000234
            ],
            "wins": [
                false,
                true,
                true,
                false,
                true,
                true,
                true,
                true
            ]
        },
        {
            "gain": 55.000000000001066,
            "fitness": 48.270135921344206,
            "fitness_balanced": 25.576773366098806,
            "gains": [
                -60.0,
                64,
                8,
                -60.0,
                55.00000000000032,
                2.8000000000002343,
                40.000000000000284,
                5.200000000000234
            ],
            "wins": [
                false,
                true,
                true,
                false,
                true,
                true,
                true,
                true
            ]
        },
        {
            "gain": 55.000000000001066,
            "fitness": 48.270135921344206,
            "fitness_balanced": 25.576773366098806,
            "gains": [
                -60.0,
                64,
                8,
                -60.0,
                55.00000000000032,
                2.8000000000002343,
                40.000000000000284,
                5.200000000000234
            ],
            "wins": [
                false,
                true,
                true,
                false,
                true,
                true,
                true,
                true
            ]
        },
        {
            "gain": 55.000000000001066,
            "fitness": 48.270135921344206,
            "fitness_balanced": 25.576773366098806,
            "gains": [
                -60.0,
                64,
                8,
                -60.0,
                55.00000000000032,
                2.8000000000002343,
                40.000000000000284,
                5.200000000000234
            ],
            "wins": [
                false,
                true,
                true,
                false,
                true,
                true,
                true,
                true
            ]
        }
    ]
}