{
    "gen": 29,
    "enemies": [
        6
    ],
    "results": [
        {
            "gain": 56.20000000000032,
            "fitness": 90.21282822853992,
            "fitness_balanced": 72.68835394814512,
            "wins": [
                true
            ]
        }
    ]
}