{
    "gen": 29,
    "enemies": [
        1,
        2,
        3,
        4,
        5,
        6,
        7,
        8
    ],
    "results": [
        {
            "gain": -374.5999999999995,
            "fitness": -5.635429996735471,
            "fitness_balanced": -9.916756407220795,
            "gains": [
                -100,
                -50.0,
                -90.0,
                -70.0,
                38.20000000000028,
                77.20000000000022,
                -100,
                -80.0
            ],
            "wins": [
                false,
                false,
                false,
                false,
                true,
                true,
                false,
                false
            ]
        },
        {
            "gain": -374.5999999999995,
            "fitness": -5.635429996735471,
            "fitness_balanced": -9.916756407220795,
            "gains": [
                -100,
                -50.0,
                -90.0,
                -70.0,
                38.20000000000028,
                77.20000000000022,
                -100,
                -80.0
            ],
            "wins": [
                false,
                false,
                false,
                false,
                true,
                true,
                false,
                false
            ]
        },
        {
            "gain": -374.5999999999995,
            "fitness": -5.635429996735471,
            "fitness_balanced": -9.916756407220795,
            "gains": [
                -100,
                -50.0,
                -90.0,
                -70.0,
                38.20000000000028,
                77.20000000000022,
                -100,
                -80.0
            ],
            "wins": [
                false,
                false,
                false,
                false,
                true,
                true,
                false,
                false
            ]
        },
        {
            "gain": -374.5999999999995,
            "fitness": -5.635429996735471,
            "fitness_balanced": -9.916756407220795,
            "gains": [
                -100,
                -50.0,
                -90.0,
                -70.0,
                38.20000000000028,
                77.20000000000022,
                -100,
                -80.0
            ],
            "wins": [
                false,
                false,
                false,
                false,
                true,
                true,
                false,
                false
            ]
        },
        {
            "gain": -374.5999999999995,
            "fitness": -5.635429996735471,
            "fitness_balanced": -9.916756407220795,
            "gains": [
                -100,
                -50.0,
                -90.0,
                -70.0,
                38.20000000000028,
                77.20000000000022,
                -100,
                -80.0
            ],
            "wins": [
                false,
                false,
                false,
                false,
                true,
                true,
                false,
                false
            ]
        }
    ]
}