{
    "gen": 29,
    "enemies": [
        1,
        2,
        3,
        4,
        5,
        6,
        7,
        8
    ],
    "results": [
        {
            "gain": -272.5999999999995,
            "fitness": 0.5624422656679755,
            "fitness_balanced": 52.15586874329968,
            "gains": [
                -50.0,
                -90.0,
                46,
                -80.0,
                74.20000000000024,
                -90.0,
                -100,
                17.20000000000023
            ],
            "wins": [
                false,
                false,
                true,
                false,
                true,
                false,
                false,
                true
            ]
        },
        {
            "gain": -272.5999999999995,
            "fitness": 0.5624422656679755,
            "fitness_balanced": 52.15586874329968,
            "gains": [
                -50.0,
                -90.0,
                46,
                -80.0,
                74.20000000000024,
                -90.0,
                -100,
                17.20000000000023
            ],
            "wins": [
                false,
                false,
                true,
                false,
                true,
                false,
                false,
                true
            ]
        },
        {
            "gain": -272.5999999999995,
            "fitness": 0.5624422656679755,
            "fitness_balanced": 52.15586874329968,
            "gains": [
                -50.0,
                -90.0,
                46,
                -80.0,
                74.20000000000024,
                -90.0,
                -100,
                17.20000000000023
            ],
            "wins": [
                false,
                false,
                true,
                false,
                true,
                false,
                false,
                true
            ]
        },
        {
            "gain": -272.5999999999995,
            "fitness": 0.5624422656679755,
            "fitness_balanced": 52.15586874329968,
            "gains": [
                -50.0,
                -90.0,
                46,
                -80.0,
                74.20000000000024,
                -90.0,
                -100,
                17.20000000000023
            ],
            "wins": [
                false,
                false,
                true,
                false,
                true,
                false,
                false,
                true
            ]
        },
        {
            "gain": -272.5999999999995,
            "fitness": 0.5624422656679755,
            "fitness_balanced": 52.15586874329968,
            "gains": [
                -50.0,
                -90.0,
                46,
                -80.0,
                74.20000000000024,
                -90.0,
                -100,
                17.20000000000023
            ],
            "wins": [
                false,
                false,
                true,
                false,
                true,
                false,
                false,
                true
            ]
        }
    ]
}