{
    "gen": 29,
    "enemies": [
        6
    ],
    "results": [
        {
            "gain": -52.0,
            "fitness": 37.82443010982475,
            "fitness_balanced": 29.416503691218303,
            "wins": [
                0.0
            ]
        }
    ]
}