{
    "gen": 29,
    "enemies": [
        1,
        2,
        3,
        4,
        5,
        6,
        7,
        8
    ],
    "results": [
        {
            "gain": -319.1999999999998,
            "fitness": -8.495380739246752,
            "fitness_balanced": -6.340359303727752,
            "gains": [
                100,
                -70.0,
                -50.0,
                -90.0,
                80.80000000000018,
                -90.0,
                -100,
                -100
            ],
            "wins": [
                true,
                false,
                false,
                false,
                true,
                false,
                false,
                false
            ]
        },
        {
            "gain": -319.1999999999998,
            "fitness": -8.495380739246752,
            "fitness_balanced": -6.340359303727752,
            "gains": [
                100,
                -70.0,
                -50.0,
                -90.0,
                80.80000000000018,
                -90.0,
                -100,
                -100
            ],
            "wins": [
                true,
                false,
                false,
                false,
                true,
                false,
                false,
                false
            ]
        },
        {
            "gain": -319.1999999999998,
            "fitness": -8.495380739246752,
            "fitness_balanced": -6.340359303727752,
            "gains": [
                100,
                -70.0,
                -50.0,
                -90.0,
                80.80000000000018,
                -90.0,
                -100,
                -100
            ],
            "wins": [
                true,
                false,
                false,
                false,
                true,
                false,
                false,
                false
            ]
        },
        {
            "gain": -319.1999999999998,
            "fitness": -8.495380739246752,
            "fitness_balanced": -6.340359303727752,
            "gains": [
                100,
                -70.0,
                -50.0,
                -90.0,
                80.80000000000018,
                -90.0,
                -100,
                -100
            ],
            "wins": [
                true,
                false,
                false,
                false,
                true,
                false,
                false,
                false
            ]
        },
        {
            "gain": -319.1999999999998,
            "fitness": -8.495380739246752,
            "fitness_balanced": -6.340359303727752,
            "gains": [
                100,
                -70.0,
                -50.0,
                -90.0,
                80.80000000000018,
                -90.0,
                -100,
                -100
            ],
            "wins": [
                true,
                false,
                false,
                false,
                true,
                false,
                false,
                false
            ]
        }
    ]
}