{
    "gen": 99,
    "enemies": [
        1,
        2,
        3,
        4,
        5,
        6,
        7,
        8
    ],
    "results": [
        {
            "gain": -156.9899999999995,
            "fitness": 35.83002083552729,
            "fitness_balanced": 74.87959913428303,
            "wins": [
                0.0,
                0.8,
                0.0,
                0.0,
                0.5,
                0.2,
                0.4,
                1.0
            ]
        }
    ]
}