{
    "gen": 29,
    "enemies": [
        5
    ],
    "results": [
        {
            "gain": 79.1500000000002,
            "fitness": 92.14076906002337,
            "fitness_balanced": 80.92806444416051,
            "wins": [
                1.0
            ]
        }
    ]
}