{
    "gen": 14,
    "enemies": [
        5
    ],
    "results": [
        {
            "gain": 76.60000000000022,
            "fitness": 91.66106343805335,
            "fitness_balanced": 82.29858512203896,
            "wins": [
                true
            ]
        }
    ]
}