{
    "gen": 29,
    "enemies": [
        1
    ],
    "results": [
        {
            "gain": -40.0,
            "fitness": 48.79911390772028,
            "fitness_balanced": 29.263427702520808,
            "wins": [
                0.0
            ]
        }
    ]
}