{
    "gen": 29,
    "enemies": [
        7
    ],
    "results": [
        {
            "gain": 26.44000000000018,
            "fitness": 80.87980207729203,
            "fitness_balanced": 76.70168263345214,
            "wins": [
                0.6
            ]
        }
    ]
}