{
    "gen": 29,
    "enemies": [
        1,
        2,
        3,
        4,
        5,
        6,
        7,
        8
    ],
    "results": [
        {
            "gain": -387.39999999999947,
            "fitness": -3.346639243674254,
            "fitness_balanced": -5.9912505948879335,
            "gains": [
                -100,
                -40.0,
                -100,
                -90.0,
                33.40000000000027,
                29.20000000000026,
                -30.0,
                -90.0
            ],
            "wins": [
                false,
                false,
                false,
                false,
                true,
                true,
                false,
                false
            ]
        },
        {
            "gain": -387.39999999999947,
            "fitness": -3.346639243674254,
            "fitness_balanced": -5.9912505948879335,
            "gains": [
                -100,
                -40.0,
                -100,
                -90.0,
                33.40000000000027,
                29.20000000000026,
                -30.0,
                -90.0
            ],
            "wins": [
                false,
                false,
                false,
                false,
                true,
                true,
                false,
                false
            ]
        },
        {
            "gain": -387.39999999999947,
            "fitness": -3.346639243674254,
            "fitness_balanced": -5.9912505948879335,
            "gains": [
                -100,
                -40.0,
                -100,
                -90.0,
                33.40000000000027,
                29.20000000000026,
                -30.0,
                -90.0
            ],
            "wins": [
                false,
                false,
                false,
                false,
                true,
                true,
                false,
                false
            ]
        },
        {
            "gain": -387.39999999999947,
            "fitness": -3.346639243674254,
            "fitness_balanced": -5.9912505948879335,
            "gains": [
                -100,
                -40.0,
                -100,
                -90.0,
                33.40000000000027,
                29.20000000000026,
                -30.0,
                -90.0
            ],
            "wins": [
                false,
                false,
                false,
                false,
                true,
                true,
                false,
                false
            ]
        },
        {
            "gain": -387.39999999999947,
            "fitness": -3.346639243674254,
            "fitness_balanced": -5.9912505948879335,
            "gains": [
                -100,
                -40.0,
                -100,
                -90.0,
                33.40000000000027,
                29.20000000000026,
                -30.0,
                -90.0
            ],
            "wins": [
                false,
                false,
                false,
                false,
                true,
                true,
                false,
                false
            ]
        }
    ]
}