{
    "gen": 299,
    "enemies": [
        1,
        2,
        3,
        4,
        5,
        6,
        7,
        8
    ],
    "results": [
        {
            "gain": -66.59999999999897,
            "fitness": 24.403768661258034,
            "fitness_balanced": 12.960482265747736,
            "gains": [
                -100,
                52,
                -60.0,
                -70.0,
                35.800000000000274,
                22.00000000000024,
                23.800000000000246,
                29.80000000000026
            ],
            "wins": [
                false,
                true,
                false,
                false,
                true,
                true,
                true,
                true
            ]
        },
        {
            "gain": -66.59999999999897,
            "fitness": 24.403768661258034,
            "fitness_balanced": 12.960482265747736,
            "gains": [
                -100,
                52,
                -60.0,
                -70.0,
                35.800000000000274,
                22.00000000000024,
                23.800000000000246,
                29.80000000000026
            ],
            "wins": [
                false,
                true,
                false,
                false,
                true,
                true,
                true,
                true
            ]
        },
        {
            "gain": -66.59999999999897,
            "fitness": 24.403768661258034,
            "fitness_balanced": 12.960482265747736,
            "gains": [
                -100,
                52,
                -60.0,
                -70.0,
                35.800000000000274,
                22.00000000000024,
                23.800000000000246,
                29.80000000000026
            ],
            "wins": [
                false,
                true,
                false,
                false,
                true,
                true,
                true,
                true
            ]
        },
        {
            "gain": -66.59999999999897,
            "fitness": 24.403768661258034,
            "fitness_balanced": 12.960482265747736,
            "gains": [
                -100,
                52,
                -60.0,
                -70.0,
                35.800000000000274,
                22.00000000000024,
                23.800000000000246,
                29.80000000000026
            ],
            "wins": [
                false,
                true,
                false,
                false,
                true,
                true,
                true,
                true
            ]
        },
        {
            "gain": -66.59999999999897,
            "fitness": 24.403768661258034,
            "fitness_balanced": 12.960482265747736,
            "gains": [
                -100,
                52,
                -60.0,
                -70.0,
                35.800000000000274,
                22.00000000000024,
                23.800000000000246,
                29.80000000000026
            ],
            "wins": [
                false,
                true,
                false,
                false,
                true,
                true,
                true,
                true
            ]
        }
    ]
}