{
    "gen": 29,
    "enemies": [
        1,
        2,
        3,
        4,
        5,
        6,
        7,
        8
    ],
    "results": [
        {
            "gain": -326.1999999999998,
            "fitness": -9.829036144983828,
            "fitness_balanced": 4.091917061831069,
            "gains": [
                100,
                -100,
                -50.0,
                -90.0,
                83.80000000000015,
                -90.0,
                -100,
                -80.0
            ],
            "wins": [
                true,
                false,
                false,
                false,
                true,
                false,
                false,
                false
            ]
        },
        {
            "gain": -326.1999999999998,
            "fitness": -9.829036144983828,
            "fitness_balanced": 4.091917061831069,
            "gains": [
                100,
                -100,
                -50.0,
                -90.0,
                83.80000000000015,
                -90.0,
                -100,
                -80.0
            ],
            "wins": [
                true,
                false,
                false,
                false,
                true,
                false,
                false,
                false
            ]
        },
        {
            "gain": -326.1999999999998,
            "fitness": -9.829036144983828,
            "fitness_balanced": 4.091917061831069,
            "gains": [
                100,
                -100,
                -50.0,
                -90.0,
                83.80000000000015,
                -90.0,
                -100,
                -80.0
            ],
            "wins": [
                true,
                false,
                false,
                false,
                true,
                false,
                false,
                false
            ]
        },
        {
            "gain": -326.1999999999998,
            "fitness": -9.829036144983828,
            "fitness_balanced": 4.091917061831069,
            "gains": [
                100,
                -100,
                -50.0,
                -90.0,
                83.80000000000015,
                -90.0,
                -100,
                -80.0
            ],
            "wins": [
                true,
                false,
                false,
                false,
                true,
                false,
                false,
                false
            ]
        },
        {
            "gain": -326.1999999999998,
            "fitness": -9.829036144983828,
            "fitness_balanced": 4.091917061831069,
            "gains": [
                100,
                -100,
                -50.0,
                -90.0,
                83.80000000000015,
                -90.0,
                -100,
                -80.0
            ],
            "wins": [
                true,
                false,
                false,
                false,
                true,
                false,
                false,
                false
            ]
        }
    ]
}