{
    "gen": 29,
    "enemies": [
        2
    ],
    "results": [
        {
            "gain": 74.8,
            "fitness": 92.02487002102126,
            "fitness_balanced": 81.4825471035353,
            "wins": [
                1.0
            ]
        }
    ]
}