{
    "gen": 29,
    "enemies": [
        6
    ],
    "results": [
        {
            "gain": 2.200000000000234,
            "fitness": 84.38226955283409,
            "fitness_balanced": 45.25935834262672,
            "wins": [
                true
            ]
        }
    ]
}