{
    "gen": 29,
    "enemies": [
        5
    ],
    "results": [
        {
            "gain": 85.60000000000014,
            "fitness": 92.86753196544038,
            "fitness_balanced": 89.56878821817868,
            "wins": [
                1.0
            ]
        }
    ]
}