{
    "gen": 29,
    "enemies": [
        5
    ],
    "results": [
        {
            "gain": 90.40000000000009,
            "fitness": 93.49482255552044,
            "fitness_balanced": 89.65092391510483,
            "wins": [
                true
            ]
        }
    ]
}