{
    "gen": 29,
    "enemies": [
        3
    ],
    "results": [
        {
            "gain": 60,
            "fitness": 89.81173587691741,
            "fitness_balanced": 73.80968459414686,
            "wins": [
                true
            ]
        }
    ]
}