{
    "gen": 29,
    "enemies": [
        5
    ],
    "results": [
        {
            "gain": 94.00000000000006,
            "fitness": 93.99282822853989,
            "fitness_balanced": 91.58835394814498,
            "wins": [
                true
            ]
        }
    ]
}