{
    "gen": 29,
    "enemies": [
        4
    ],
    "results": [
        {
            "gain": 57.400000000000325,
            "fitness": 89.20186017623237,
            "fitness_balanced": 72.16041404438249,
            "wins": [
                true
            ]
        }
    ]
}