{
    "gen": 29,
    "enemies": [
        4
    ],
    "results": [
        {
            "gain": 2.600000000000186,
            "fitness": 61.21396702052002,
            "fitness_balanced": 65.22353043095193,
            "wins": [
                0.6
            ]
        }
    ]
}