{
    "gen": 29,
    "enemies": [
        3
    ],
    "results": [
        {
            "gain": -3.6,
            "fitness": 69.21548801401703,
            "fitness_balanced": 38.636971896459535,
            "wins": [
                0.2
            ]
        }
    ]
}