{
    "gen": 29,
    "enemies": [
        1,
        2,
        3,
        4,
        5,
        6,
        7,
        8
    ],
    "results": [
        {
            "gain": -377.9999999999997,
            "fitness": -1.8093219696737535,
            "fitness_balanced": -6.114448785457906,
            "gains": [
                -100,
                -50.0,
                48,
                -70.0,
                34.00000000000027,
                -100,
                -90.0,
                -50.0
            ],
            "wins": [
                false,
                false,
                true,
                false,
                true,
                false,
                false,
                false
            ]
        },
        {
            "gain": -377.9999999999997,
            "fitness": -1.8093219696737535,
            "fitness_balanced": -6.114448785457906,
            "gains": [
                -100,
                -50.0,
                48,
                -70.0,
                34.00000000000027,
                -100,
                -90.0,
                -50.0
            ],
            "wins": [
                false,
                false,
                true,
                false,
                true,
                false,
                false,
                false
            ]
        },
        {
            "gain": -377.9999999999997,
            "fitness": -1.8093219696737535,
            "fitness_balanced": -6.114448785457906,
            "gains": [
                -100,
                -50.0,
                48,
                -70.0,
                34.00000000000027,
                -100,
                -90.0,
                -50.0
            ],
            "wins": [
                false,
                false,
                true,
                false,
                true,
                false,
                false,
                false
            ]
        },
        {
            "gain": -377.9999999999997,
            "fitness": -1.8093219696737535,
            "fitness_balanced": -6.114448785457906,
            "gains": [
                -100,
                -50.0,
                48,
                -70.0,
                34.00000000000027,
                -100,
                -90.0,
                -50.0
            ],
            "wins": [
                false,
                false,
                true,
                false,
                true,
                false,
                false,
                false
            ]
        },
        {
            "gain": -377.9999999999997,
            "fitness": -1.8093219696737535,
            "fitness_balanced": -6.114448785457906,
            "gains": [
                -100,
                -50.0,
                48,
                -70.0,
                34.00000000000027,
                -100,
                -90.0,
                -50.0
            ],
            "wins": [
                false,
                false,
                true,
                false,
                true,
                false,
                false,
                false
            ]
        }
    ]
}