{
    "gen": 29,
    "enemies": [
        1,
        2,
        3,
        4,
        5,
        6,
        7,
        8
    ],
    "results": [
        {
            "gain": -619.9999999999998,
            "fitness": -18.65196147810231,
            "fitness_balanced": -11.416176431436128,
            "gains": [
                -100,
                -90.0,
                -100,
                -100,
                -29.999999999999716,
                -10.0,
                -100,
                -90.0
            ],
            "wins": [
                false,
                false,
                false,
                false,
                false,
                false,
                false,
                false
            ]
        },
        {
            "gain": -619.9999999999998,
            "fitness": -18.65196147810231,
            "fitness_balanced": -11.416176431436128,
            "gains": [
                -100,
                -90.0,
                -100,
                -100,
                -29.999999999999716,
                -10.0,
                -100,
                -90.0
            ],
            "wins": [
                false,
                false,
                false,
                false,
                false,
                false,
                false,
                false
            ]
        },
        {
            "gain": -619.9999999999998,
            "fitness": -18.65196147810231,
            "fitness_balanced": -11.416176431436128,
            "gains": [
                -100,
                -90.0,
                -100,
                -100,
                -29.999999999999716,
                -10.0,
                -100,
                -90.0
            ],
            "wins": [
                false,
                false,
                false,
                false,
                false,
                false,
                false,
                false
            ]
        },
        {
            "gain": -619.9999999999998,
            "fitness": -18.65196147810231,
            "fitness_balanced": -11.416176431436128,
            "gains": [
                -100,
                -90.0,
                -100,
                -100,
                -29.999999999999716,
                -10.0,
                -100,
                -90.0
            ],
            "wins": [
                false,
                false,
                false,
                false,
                false,
                false,
                false,
                false
            ]
        },
        {
            "gain": -619.9999999999998,
            "fitness": -18.65196147810231,
            "fitness_balanced": -11.416176431436128,
            "gains": [
                -100,
                -90.0,
                -100,
                -100,
                -29.999999999999716,
                -10.0,
                -100,
                -90.0
            ],
            "wins": [
                false,
                false,
                false,
                false,
                false,
                false,
                false,
                false
            ]
        }
    ]
}