{
    "gen": 29,
    "enemies": [
        6
    ],
    "results": [
        {
            "gain": -10.0,
            "fitness": 75.41275134159974,
            "fitness_balanced": 39.409013019489144,
            "wins": [
                false
            ]
        }
    ]
}