{
    "gen": 29,
    "enemies": [
        6
    ],
    "results": [
        {
            "gain": -18.0,
            "fitness": 68.27887431004842,
            "fitness_balanced": 34.361645330666256,
            "wins": [
                0.0
            ]
        }
    ]
}