{
    "gen": 29,
    "enemies": [
        4
    ],
    "results": [
        {
            "gain": 41.08000000000028,
            "fitness": 87.25532757353855,
            "fitness_balanced": 70.70205958702523,
            "wins": [
                1.0
            ]
        }
    ]
}