{
    "gen": 29,
    "enemies": [
        1,
        2,
        3,
        4,
        5,
        6,
        7,
        8
    ],
    "results": [
        {
            "gain": -250.1999999999999,
            "fitness": -1.3995249309500508,
            "fitness_balanced": 9.57065437104556,
            "gains": [
                100,
                -90.0,
                -20.0,
                -60.0,
                89.8000000000001,
                -100,
                -100,
                -70.0
            ],
            "wins": [
                true,
                false,
                false,
                false,
                true,
                false,
                false,
                false
            ]
        },
        {
            "gain": -250.1999999999999,
            "fitness": -1.3995249309500508,
            "fitness_balanced": 9.57065437104556,
            "gains": [
                100,
                -90.0,
                -20.0,
                -60.0,
                89.8000000000001,
                -100,
                -100,
                -70.0
            ],
            "wins": [
                true,
                false,
                false,
                false,
                true,
                false,
                false,
                false
            ]
        },
        {
            "gain": -250.1999999999999,
            "fitness": -1.3995249309500508,
            "fitness_balanced": 9.57065437104556,
            "gains": [
                100,
                -90.0,
                -20.0,
                -60.0,
                89.8000000000001,
                -100,
                -100,
                -70.0
            ],
            "wins": [
                true,
                false,
                false,
                false,
                true,
                false,
                false,
                false
            ]
        },
        {
            "gain": -250.1999999999999,
            "fitness": -1.3995249309500508,
            "fitness_balanced": 9.57065437104556,
            "gains": [
                100,
                -90.0,
                -20.0,
                -60.0,
                89.8000000000001,
                -100,
                -100,
                -70.0
            ],
            "wins": [
                true,
                false,
                false,
                false,
                true,
                false,
                false,
                false
            ]
        },
        {
            "gain": -250.1999999999999,
            "fitness": -1.3995249309500508,
            "fitness_balanced": 9.57065437104556,
            "gains": [
                100,
                -90.0,
                -20.0,
                -60.0,
                89.8000000000001,
                -100,
                -100,
                -70.0
            ],
            "wins": [
                true,
                false,
                false,
                false,
                true,
                false,
                false,
                false
            ]
        }
    ]
}