{
    "gen": 29,
    "enemies": [
        8
    ],
    "results": [
        {
            "gain": 47.200000000000266,
            "fitness": 88.85954680181229,
            "fitness_balanced": 80.27959913428299,
            "wins": [
                1.0
            ]
        }
    ]
}