{
    "gen": 29,
    "enemies": [
        1,
        2,
        3,
        4,
        5,
        6,
        7,
        8
    ],
    "results": [
        {
            "gain": -302.99999999999943,
            "fitness": 1.4590017123767964,
            "fitness_balanced": -4.495692087839998,
            "gains": [
                -90.0,
                -40.0,
                -80.0,
                -90.0,
                35.20000000000027,
                -100,
                -10.0,
                71.80000000000027
            ],
            "wins": [
                false,
                false,
                false,
                false,
                true,
                false,
                false,
                true
            ]
        },
        {
            "gain": -302.99999999999943,
            "fitness": 1.4590017123767964,
            "fitness_balanced": -4.495692087839998,
            "gains": [
                -90.0,
                -40.0,
                -80.0,
                -90.0,
                35.20000000000027,
                -100,
                -10.0,
                71.80000000000027
            ],
            "wins": [
                false,
                false,
                false,
                false,
                true,
                false,
                false,
                true
            ]
        },
        {
            "gain": -302.99999999999943,
            "fitness": 1.4590017123767964,
            "fitness_balanced": -4.495692087839998,
            "gains": [
                -90.0,
                -40.0,
                -80.0,
                -90.0,
                35.20000000000027,
                -100,
                -10.0,
                71.80000000000027
            ],
            "wins": [
                false,
                false,
                false,
                false,
                true,
                false,
                false,
                true
            ]
        },
        {
            "gain": -302.99999999999943,
            "fitness": 1.4590017123767964,
            "fitness_balanced": -4.495692087839998,
            "gains": [
                -90.0,
                -40.0,
                -80.0,
                -90.0,
                35.20000000000027,
                -100,
                -10.0,
                71.80000000000027
            ],
            "wins": [
                false,
                false,
                false,
                false,
                true,
                false,
                false,
                true
            ]
        },
        {
            "gain": -302.99999999999943,
            "fitness": 1.4590017123767964,
            "fitness_balanced": -4.495692087839998,
            "gains": [
                -90.0,
                -40.0,
                -80.0,
                -90.0,
                35.20000000000027,
                -100,
                -10.0,
                71.80000000000027
            ],
            "wins": [
                false,
                false,
                false,
                false,
                true,
                false,
                false,
                true
            ]
        }
    ]
}