{
    "gen": 29,
    "enemies": [
        8
    ],
    "results": [
        {
            "gain": 63.16000000000029,
            "fitness": 90.38857814892586,
            "fitness_balanced": 79.80090734553961,
            "wins": [
                1.0
            ]
        }
    ]
}