{
    "gen": 29,
    "enemies": [
        1,
        2,
        3,
        4,
        5,
        6,
        7,
        8
    ],
    "results": [
        {
            "gain": -143.79999999999885,
            "fitness": 18.063312668591443,
            "fitness_balanced": 68.106986391616,
            "gains": [
                -80.0,
                -30.0,
                -60.0,
                -80.0,
                -19.19999999999969,
                68.2000000000003,
                9.400000000000231,
                47.8000000000003
            ],
            "wins": [
                false,
                false,
                false,
                false,
                false,
                true,
                true,
                true
            ]
        },
        {
            "gain": -143.79999999999885,
            "fitness": 18.063312668591443,
            "fitness_balanced": 68.106986391616,
            "gains": [
                -80.0,
                -30.0,
                -60.0,
                -80.0,
                -19.19999999999969,
                68.2000000000003,
                9.400000000000231,
                47.8000000000003
            ],
            "wins": [
                false,
                false,
                false,
                false,
                false,
                true,
                true,
                true
            ]
        },
        {
            "gain": -143.79999999999885,
            "fitness": 18.063312668591443,
            "fitness_balanced": 68.106986391616,
            "gains": [
                -80.0,
                -30.0,
                -60.0,
                -80.0,
                -19.19999999999969,
                68.2000000000003,
                9.400000000000231,
                47.8000000000003
            ],
            "wins": [
                false,
                false,
                false,
                false,
                false,
                true,
                true,
                true
            ]
        },
        {
            "gain": -143.79999999999885,
            "fitness": 18.063312668591443,
            "fitness_balanced": 68.106986391616,
            "gains": [
                -80.0,
                -30.0,
                -60.0,
                -80.0,
                -19.19999999999969,
                68.2000000000003,
                9.400000000000231,
                47.8000000000003
            ],
            "wins": [
                false,
                false,
                false,
                false,
                false,
                true,
                true,
                true
            ]
        },
        {
            "gain": -143.79999999999885,
            "fitness": 18.063312668591443,
            "fitness_balanced": 68.106986391616,
            "gains": [
                -80.0,
                -30.0,
                -60.0,
                -80.0,
                -19.19999999999969,
                68.2000000000003,
                9.400000000000231,
                47.8000000000003
            ],
            "wins": [
                false,
                false,
                false,
                false,
                false,
                true,
                true,
                true
            ]
        }
    ]
}