{
    "gen": 29,
    "enemies": [
        2
    ],
    "results": [
        {
            "gain": 84.8,
            "fitness": 93.0300406085645,
            "fitness_balanced": 84.52353644806848,
            "wins": [
                1.0
            ]
        }
    ]
}