{
    "gen": 29,
    "enemies": [
        1,
        2,
        3,
        4,
        5,
        6,
        7,
        8
    ],
    "results": [
        {
            "gain": -227.39999999999955,
            "fitness": 4.856672502472925,
            "fitness_balanced": -3.2377335858169296,
            "gains": [
                -10.0,
                -90.0,
                -20.0,
                -90.0,
                76.60000000000022,
                -70.0,
                -100,
                76.00000000000023
            ],
            "wins": [
                false,
                false,
                false,
                false,
                true,
                false,
                false,
                true
            ]
        },
        {
            "gain": -227.39999999999955,
            "fitness": 4.856672502472925,
            "fitness_balanced": -3.2377335858169296,
            "gains": [
                -10.0,
                -90.0,
                -20.0,
                -90.0,
                76.60000000000022,
                -70.0,
                -100,
                76.00000000000023
            ],
            "wins": [
                false,
                false,
                false,
                false,
                true,
                false,
                false,
                true
            ]
        },
        {
            "gain": -227.39999999999955,
            "fitness": 4.856672502472925,
            "fitness_balanced": -3.2377335858169296,
            "gains": [
                -10.0,
                -90.0,
                -20.0,
                -90.0,
                76.60000000000022,
                -70.0,
                -100,
                76.00000000000023
            ],
            "wins": [
                false,
                false,
                false,
                false,
                true,
                false,
                false,
                true
            ]
        },
        {
            "gain": -227.39999999999955,
            "fitness": 4.856672502472925,
            "fitness_balanced": -3.2377335858169296,
            "gains": [
                -10.0,
                -90.0,
                -20.0,
                -90.0,
                76.60000000000022,
                -70.0,
                -100,
                76.00000000000023
            ],
            "wins": [
                false,
                false,
                false,
                false,
                true,
                false,
                false,
                true
            ]
        },
        {
            "gain": -227.39999999999955,
            "fitness": 4.856672502472925,
            "fitness_balanced": -3.2377335858169296,
            "gains": [
                -10.0,
                -90.0,
                -20.0,
                -90.0,
                76.60000000000022,
                -70.0,
                -100,
                76.00000000000023
            ],
            "wins": [
                false,
                false,
                false,
                false,
                true,
                false,
                false,
                true
            ]
        }
    ]
}