{
    "gen": 29,
    "enemies": [
        8
    ],
    "results": [
        {
            "gain": 17.320000000000185,
            "fitness": 69.89999766552684,
            "fitness_balanced": 77.77641489804778,
            "wins": [
                0.6
            ]
        }
    ]
}