{
    "gen": 29,
    "enemies": [
        2
    ],
    "results": [
        {
            "gain": 70.8,
            "fitness": 91.7342311160807,
            "fitness_balanced": 80.77964417492167,
            "wins": [
                1.0
            ]
        }
    ]
}