{
    "gen": 29,
    "enemies": [
        6
    ],
    "results": [
        {
            "gain": -56.0,
            "fitness": 34.144208399772246,
            "fitness_balanced": 9.6109282701835,
            "wins": [
                0.0
            ]
        }
    ]
}