{
    "gen": 29,
    "enemies": [
        6
    ],
    "results": [
        {
            "gain": 29.80000000000026,
            "fitness": 87.5119398588649,
            "fitness_balanced": 59.42772932632866,
            "wins": [
                true
            ]
        }
    ]
}