{
    "gen": 29,
    "enemies": [
        1,
        2,
        3,
        4,
        5,
        6,
        7,
        8
    ],
    "results": [
        {
            "gain": -190.39999999999947,
            "fitness": 21.02473346155049,
            "fitness_balanced": 62.189572982625265,
            "gains": [
                -80.0,
                34,
                -70.0,
                -60.0,
                -70.0,
                29.80000000000026,
                -10.0,
                35.800000000000274
            ],
            "wins": [
                false,
                true,
                false,
                false,
                false,
                true,
                false,
                true
            ]
        },
        {
            "gain": -190.39999999999947,
            "fitness": 21.02473346155049,
            "fitness_balanced": 62.189572982625265,
            "gains": [
                -80.0,
                34,
                -70.0,
                -60.0,
                -70.0,
                29.80000000000026,
                -10.0,
                35.800000000000274
            ],
            "wins": [
                false,
                true,
                false,
                false,
                false,
                true,
                false,
                true
            ]
        },
        {
            "gain": -190.39999999999947,
            "fitness": 21.02473346155049,
            "fitness_balanced": 62.189572982625265,
            "gains": [
                -80.0,
                34,
                -70.0,
                -60.0,
                -70.0,
                29.80000000000026,
                -10.0,
                35.800000000000274
            ],
            "wins": [
                false,
                true,
                false,
                false,
                false,
                true,
                false,
                true
            ]
        },
        {
            "gain": -190.39999999999947,
            "fitness": 21.02473346155049,
            "fitness_balanced": 62.189572982625265,
            "gains": [
                -80.0,
                34,
                -70.0,
                -60.0,
                -70.0,
                29.80000000000026,
                -10.0,
                35.800000000000274
            ],
            "wins": [
                false,
                true,
                false,
                false,
                false,
                true,
                false,
                true
            ]
        },
        {
            "gain": -190.39999999999947,
            "fitness": 21.02473346155049,
            "fitness_balanced": 62.189572982625265,
            "gains": [
                -80.0,
                34,
                -70.0,
                -60.0,
                -70.0,
                29.80000000000026,
                -10.0,
                35.800000000000274
            ],
            "wins": [
                false,
                true,
                false,
                false,
                false,
                true,
                false,
                true
            ]
        }
    ]
}