{
    "gen": 29,
    "enemies": [
        1,
        2,
        3,
        4,
        5,
        6,
        7,
        8
    ],
    "results": [
        {
            "gain": -5.9999999999990905,
            "fitness": 28.841190491318358,
            "fitness_balanced": 62.33070308686636,
            "gains": [
                -80.0,
                90,
                -50.0,
                -70.0,
                54.40000000000032,
                -40.0,
                53.200000000000315,
                36.400000000000276
            ],
            "wins": [
                false,
                true,
                false,
                false,
                true,
                false,
                true,
                true
            ]
        },
        {
            "gain": -5.9999999999990905,
            "fitness": 28.841190491318358,
            "fitness_balanced": 62.33070308686636,
            "gains": [
                -80.0,
                90,
                -50.0,
                -70.0,
                54.40000000000032,
                -40.0,
                53.200000000000315,
                36.400000000000276
            ],
            "wins": [
                false,
                true,
                false,
                false,
                true,
                false,
                true,
                true
            ]
        },
        {
            "gain": -5.9999999999990905,
            "fitness": 28.841190491318358,
            "fitness_balanced": 62.33070308686636,
            "gains": [
                -80.0,
                90,
                -50.0,
                -70.0,
                54.40000000000032,
                -40.0,
                53.200000000000315,
                36.400000000000276
            ],
            "wins": [
                false,
                true,
                false,
                false,
                true,
                false,
                true,
                true
            ]
        },
        {
            "gain": -5.9999999999990905,
            "fitness": 28.841190491318358,
            "fitness_balanced": 62.33070308686636,
            "gains": [
                -80.0,
                90,
                -50.0,
                -70.0,
                54.40000000000032,
                -40.0,
                53.200000000000315,
                36.400000000000276
            ],
            "wins": [
                false,
                true,
                false,
                false,
                true,
                false,
                true,
                true
            ]
        },
        {
            "gain": -5.9999999999990905,
            "fitness": 28.841190491318358,
            "fitness_balanced": 62.33070308686636,
            "gains": [
                -80.0,
                90,
                -50.0,
                -70.0,
                54.40000000000032,
                -40.0,
                53.200000000000315,
                36.400000000000276
            ],
            "wins": [
                false,
                true,
                false,
                false,
                true,
                false,
                true,
                true
            ]
        }
    ]
}