{
    "gen": 29,
    "enemies": [
        8
    ],
    "results": [
        {
            "gain": 51.88000000000024,
            "fitness": 89.58232259887627,
            "fitness_balanced": 85.17964417492176,
            "wins": [
                1.0
            ]
        }
    ]
}