{
    "gen": 29,
    "enemies": [
        1,
        2,
        3,
        4,
        5,
        6,
        7,
        8
    ],
    "results": [
        {
            "gain": -145.39999999999995,
            "fitness": 10.86005762677,
            "fitness_balanced": 4.6018372984822475,
            "gains": [
                100,
                -10.0,
                -100,
                -70.0,
                94.60000000000005,
                -70.0,
                -10.0,
                -80.0
            ],
            "wins": [
                true,
                false,
                false,
                false,
                true,
                false,
                false,
                false
            ]
        },
        {
            "gain": -145.39999999999995,
            "fitness": 10.86005762677,
            "fitness_balanced": 4.6018372984822475,
            "gains": [
                100,
                -10.0,
                -100,
                -70.0,
                94.60000000000005,
                -70.0,
                -10.0,
                -80.0
            ],
            "wins": [
                true,
                false,
                false,
                false,
                true,
                false,
                false,
                false
            ]
        },
        {
            "gain": -145.39999999999995,
            "fitness": 10.86005762677,
            "fitness_balanced": 4.6018372984822475,
            "gains": [
                100,
                -10.0,
                -100,
                -70.0,
                94.60000000000005,
                -70.0,
                -10.0,
                -80.0
            ],
            "wins": [
                true,
                false,
                false,
                false,
                true,
                false,
                false,
                false
            ]
        },
        {
            "gain": -145.39999999999995,
            "fitness": 10.86005762677,
            "fitness_balanced": 4.6018372984822475,
            "gains": [
                100,
                -10.0,
                -100,
                -70.0,
                94.60000000000005,
                -70.0,
                -10.0,
                -80.0
            ],
            "wins": [
                true,
                false,
                false,
                false,
                true,
                false,
                false,
                false
            ]
        },
        {
            "gain": -145.39999999999995,
            "fitness": 10.86005762677,
            "fitness_balanced": 4.6018372984822475,
            "gains": [
                100,
                -10.0,
                -100,
                -70.0,
                94.60000000000005,
                -70.0,
                -10.0,
                -80.0
            ],
            "wins": [
                true,
                false,
                false,
                false,
                true,
                false,
                false,
                false
            ]
        }
    ]
}