{
    "gen": 14,
    "enemies": [
        6
    ],
    "results": [
        {
            "gain": -80.0,
            "fitness": 12.044162630535169,
            "fitness_balanced": 4.041575306970218,
            "wins": [
                false
            ]
        }
    ]
}