{
    "gen": 29,
    "enemies": [
        7
    ],
    "results": [
        {
            "gain": 18.840000000000202,
            "fitness": 84.70935528655154,
            "fitness_balanced": 39.59732261812772,
            "wins": [
                0.8
            ]
        }
    ]
}