{
    "gen": 29,
    "enemies": [
        1,
        2,
        3,
        4,
        5,
        6,
        7,
        8
    ],
    "results": [
        {
            "gain": -466.79999999999956,
            "fitness": -14.097156748751786,
            "fitness_balanced": -1.6066501861982152,
            "gains": [
                -60.0,
                -80.0,
                -100,
                83.20000000000016,
                -29.999999999999716,
                -90.0,
                -100,
                -90.0
            ],
            "wins": [
                false,
                false,
                false,
                true,
                false,
                false,
                false,
                false
            ]
        },
        {
            "gain": -466.79999999999956,
            "fitness": -14.097156748751786,
            "fitness_balanced": -1.6066501861982152,
            "gains": [
                -60.0,
                -80.0,
                -100,
                83.20000000000016,
                -29.999999999999716,
                -90.0,
                -100,
                -90.0
            ],
            "wins": [
                false,
                false,
                false,
                true,
                false,
                false,
                false,
                false
            ]
        },
        {
            "gain": -466.79999999999956,
            "fitness": -14.097156748751786,
            "fitness_balanced": -1.6066501861982152,
            "gains": [
                -60.0,
                -80.0,
                -100,
                83.20000000000016,
                -29.999999999999716,
                -90.0,
                -100,
                -90.0
            ],
            "wins": [
                false,
                false,
                false,
                true,
                false,
                false,
                false,
                false
            ]
        },
        {
            "gain": -466.79999999999956,
            "fitness": -14.097156748751786,
            "fitness_balanced": -1.6066501861982152,
            "gains": [
                -60.0,
                -80.0,
                -100,
                83.20000000000016,
                -29.999999999999716,
                -90.0,
                -100,
                -90.0
            ],
            "wins": [
                false,
                false,
                false,
                true,
                false,
                false,
                false,
                false
            ]
        },
        {
            "gain": -466.79999999999956,
            "fitness": -14.097156748751786,
            "fitness_balanced": -1.6066501861982152,
            "gains": [
                -60.0,
                -80.0,
                -100,
                83.20000000000016,
                -29.999999999999716,
                -90.0,
                -100,
                -90.0
            ],
            "wins": [
                false,
                false,
                false,
                true,
                false,
                false,
                false,
                false
            ]
        }
    ]
}