{
    "gen": 29,
    "enemies": [
        4
    ],
    "results": [
        {
            "gain": 47.00000000000014,
            "fitness": 73.55228921675536,
            "fitness_balanced": 82.56171551598314,
            "wins": [
                0.8
            ]
        }
    ]
}