{
    "gen": 29,
    "enemies": [
        1,
        2,
        3,
        4,
        5,
        6,
        7,
        8
    ],
    "results": [
        {
            "gain": -371.3999999999994,
            "fitness": -7.817542316407483,
            "fitness_balanced": -9.778213951866935,
            "gains": [
                -100,
                -10.0,
                -90.0,
                -90.0,
                -80.0,
                -100,
                68.8000000000003,
                29.80000000000026
            ],
            "wins": [
                false,
                false,
                false,
                false,
                false,
                false,
                true,
                true
            ]
        },
        {
            "gain": -371.3999999999994,
            "fitness": -7.817542316407483,
            "fitness_balanced": -9.778213951866935,
            "gains": [
                -100,
                -10.0,
                -90.0,
                -90.0,
                -80.0,
                -100,
                68.8000000000003,
                29.80000000000026
            ],
            "wins": [
                false,
                false,
                false,
                false,
                false,
                false,
                true,
                true
            ]
        },
        {
            "gain": -371.3999999999994,
            "fitness": -7.817542316407483,
            "fitness_balanced": -9.778213951866935,
            "gains": [
                -100,
                -10.0,
                -90.0,
                -90.0,
                -80.0,
                -100,
                68.8000000000003,
                29.80000000000026
            ],
            "wins": [
                false,
                false,
                false,
                false,
                false,
                false,
                true,
                true
            ]
        },
        {
            "gain": -371.3999999999994,
            "fitness": -7.817542316407483,
            "fitness_balanced": -9.778213951866935,
            "gains": [
                -100,
                -10.0,
                -90.0,
                -90.0,
                -80.0,
                -100,
                68.8000000000003,
                29.80000000000026
            ],
            "wins": [
                false,
                false,
                false,
                false,
                false,
                false,
                true,
                true
            ]
        },
        {
            "gain": -371.3999999999994,
            "fitness": -7.817542316407483,
            "fitness_balanced": -9.778213951866935,
            "gains": [
                -100,
                -10.0,
                -90.0,
                -90.0,
                -80.0,
                -100,
                68.8000000000003,
                29.80000000000026
            ],
            "wins": [
                false,
                false,
                false,
                false,
                false,
                false,
                true,
                true
            ]
        }
    ]
}