{
    "gen": 29,
    "enemies": [
        7
    ],
    "results": [
        {
            "gain": 8.920000000000114,
            "fitness": 75.5235883159816,
            "fitness_balanced": 38.95736716631762,
            "wins": [
                0.4
            ]
        }
    ]
}