{
    "gen": 29,
    "enemies": [
        1,
        2,
        3,
        4,
        5,
        6,
        7,
        8
    ],
    "results": [
        {
            "gain": -218.59999999999945,
            "fitness": 11.128959000346732,
            "fitness_balanced": 1.2693089482217452,
            "gains": [
                -100,
                70,
                -60.0,
                -70.0,
                14.200000000000228,
                47.2000000000003,
                -40.0,
                -80.0
            ],
            "wins": [
                false,
                true,
                false,
                false,
                true,
                true,
                false,
                false
            ]
        },
        {
            "gain": -218.59999999999945,
            "fitness": 11.128959000346732,
            "fitness_balanced": 1.2693089482217452,
            "gains": [
                -100,
                70,
                -60.0,
                -70.0,
                14.200000000000228,
                47.2000000000003,
                -40.0,
                -80.0
            ],
            "wins": [
                false,
                true,
                false,
                false,
                true,
                true,
                false,
                false
            ]
        },
        {
            "gain": -218.59999999999945,
            "fitness": 11.128959000346732,
            "fitness_balanced": 1.2693089482217452,
            "gains": [
                -100,
                70,
                -60.0,
                -70.0,
                14.200000000000228,
                47.2000000000003,
                -40.0,
                -80.0
            ],
            "wins": [
                false,
                true,
                false,
                false,
                true,
                true,
                false,
                false
            ]
        },
        {
            "gain": -218.59999999999945,
            "fitness": 11.128959000346732,
            "fitness_balanced": 1.2693089482217452,
            "gains": [
                -100,
                70,
                -60.0,
                -70.0,
                14.200000000000228,
                47.2000000000003,
                -40.0,
                -80.0
            ],
            "wins": [
                false,
                true,
                false,
                false,
                true,
                true,
                false,
                false
            ]
        },
        {
            "gain": -218.59999999999945,
            "fitness": 11.128959000346732,
            "fitness_balanced": 1.2693089482217452,
            "gains": [
                -100,
                70,
                -60.0,
                -70.0,
                14.200000000000228,
                47.2000000000003,
                -40.0,
                -80.0
            ],
            "wins": [
                false,
                true,
                false,
                false,
                true,
                true,
                false,
                false
            ]
        }
    ]
}