{
    "gen": 29,
    "enemies": [
        4
    ],
    "results": [
        {
            "gain": 30.760000000000264,
            "fitness": 86.25576704750608,
            "fitness_balanced": 57.13515222202927,
            "wins": [
                1.0
            ]
        }
    ]
}