{
    "gen": 29,
    "enemies": [
        6
    ],
    "results": [
        {
            "gain": -26.0,
            "fitness": 59.98926294276449,
            "fitness_balanced": 23.385274399796238,
            "wins": [
                0.0
            ]
        }
    ]
}