{
    "gen": 29,
    "enemies": [
        3
    ],
    "results": [
        {
            "gain": 25.2,
            "fitness": 83.4464403744611,
            "fitness_balanced": 58.041575306970216,
            "wins": [
                0.8
            ]
        }
    ]
}