{
    "gen": 29,
    "enemies": [
        7
    ],
    "results": [
        {
            "gain": 32.80000000000007,
            "fitness": 72.07105006443489,
            "fitness_balanced": 90.24417294239879,
            "wins": [
                0.6
            ]
        }
    ]
}