{
    "gen": 29,
    "enemies": [
        1,
        2,
        3,
        4,
        5,
        6,
        7,
        8
    ],
    "results": [
        {
            "gain": -311.39999999999964,
            "fitness": -1.5821880858536446,
            "fitness_balanced": -8.131847714131212,
            "gains": [
                -90.0,
                -20.0,
                -90.0,
                -80.0,
                38.20000000000028,
                -100,
                90.40000000000009,
                -60.0
            ],
            "wins": [
                false,
                false,
                false,
                false,
                true,
                false,
                true,
                false
            ]
        },
        {
            "gain": -311.39999999999964,
            "fitness": -1.5821880858536446,
            "fitness_balanced": -8.131847714131212,
            "gains": [
                -90.0,
                -20.0,
                -90.0,
                -80.0,
                38.20000000000028,
                -100,
                90.40000000000009,
                -60.0
            ],
            "wins": [
                false,
                false,
                false,
                false,
                true,
                false,
                true,
                false
            ]
        },
        {
            "gain": -311.39999999999964,
            "fitness": -1.5821880858536446,
            "fitness_balanced": -8.131847714131212,
            "gains": [
                -90.0,
                -20.0,
                -90.0,
                -80.0,
                38.20000000000028,
                -100,
                90.40000000000009,
                -60.0
            ],
            "wins": [
                false,
                false,
                false,
                false,
                true,
                false,
                true,
                false
            ]
        },
        {
            "gain": -311.39999999999964,
            "fitness": -1.5821880858536446,
            "fitness_balanced": -8.131847714131212,
            "gains": [
                -90.0,
                -20.0,
                -90.0,
                -80.0,
                38.20000000000028,
                -100,
                90.40000000000009,
                -60.0
            ],
            "wins": [
                false,
                false,
                false,
                false,
                true,
                false,
                true,
                false
            ]
        },
        {
            "gain": -311.39999999999964,
            "fitness": -1.5821880858536446,
            "fitness_balanced": -8.131847714131212,
            "gains": [
                -90.0,
                -20.0,
                -90.0,
                -80.0,
                38.20000000000028,
                -100,
                90.40000000000009,
                -60.0
            ],
            "wins": [
                false,
                false,
                false,
                false,
                true,
                false,
                true,
                false
            ]
        }
    ]
}