{
    "gen": 29,
    "enemies": [
        5
    ],
    "results": [
        {
            "gain": 83.05000000000015,
            "fitness": 92.7725643352253,
            "fitness_balanced": 83.90763751052522,
            "wins": [
                1.0
            ]
        }
    ]
}