{
    "gen": 29,
    "enemies": [
        6
    ],
    "results": [
        {
            "gain": 47.2000000000003,
            "fitness": 89.33092827018352,
            "fitness_balanced": 68.20637245364779,
            "wins": [
                true
            ]
        }
    ]
}