{
    "gen": 19,
    "enemies": [
        7
    ],
    "results": [
        {
            "gain": 4.0000000000002345,
            "fitness": 84.60394224923465,
            "fitness_balanced": 46.20090734553959,
            "wins": [
                true
            ]
        }
    ]
}