{
    "gen": 29,
    "enemies": [
        1
    ],
    "results": [
        {
            "gain": -27.5,
            "fitness": 59.890436109311395,
            "fitness_balanced": 39.11667761151172,
            "wins": [
                0.0
            ]
        }
    ]
}