{
    "gen": 29,
    "enemies": [
        1,
        2,
        3,
        4,
        5,
        6,
        7,
        8
    ],
    "results": [
        {
            "gain": -245.19999999999942,
            "fitness": 3.225472859213646,
            "fitness_balanced": 4.6293619718723376,
            "gains": [
                -100,
                70,
                -70.0,
                -70.0,
                20.200000000000237,
                -80.0,
                64.60000000000034,
                -80.0
            ],
            "wins": [
                false,
                true,
                false,
                false,
                true,
                false,
                true,
                false
            ]
        },
        {
            "gain": -245.19999999999942,
            "fitness": 3.225472859213646,
            "fitness_balanced": 4.6293619718723376,
            "gains": [
                -100,
                70,
                -70.0,
                -70.0,
                20.200000000000237,
                -80.0,
                64.60000000000034,
                -80.0
            ],
            "wins": [
                false,
                true,
                false,
                false,
                true,
                false,
                true,
                false
            ]
        },
        {
            "gain": -245.19999999999942,
            "fitness": 3.225472859213646,
            "fitness_balanced": 4.6293619718723376,
            "gains": [
                -100,
                70,
                -70.0,
                -70.0,
                20.200000000000237,
                -80.0,
                64.60000000000034,
                -80.0
            ],
            "wins": [
                false,
                true,
                false,
                false,
                true,
                false,
                true,
                false
            ]
        },
        {
            "gain": -245.19999999999942,
            "fitness": 3.225472859213646,
            "fitness_balanced": 4.6293619718723376,
            "gains": [
                -100,
                70,
                -70.0,
                -70.0,
                20.200000000000237,
                -80.0,
                64.60000000000034,
                -80.0
            ],
            "wins": [
                false,
                true,
                false,
                false,
                true,
                false,
                true,
                false
            ]
        },
        {
            "gain": -245.19999999999942,
            "fitness": 3.225472859213646,
            "fitness_balanced": 4.6293619718723376,
            "gains": [
                -100,
                70,
                -70.0,
                -70.0,
                20.200000000000237,
                -80.0,
                64.60000000000034,
                -80.0
            ],
            "wins": [
                false,
                true,
                false,
                false,
                true,
                false,
                true,
                false
            ]
        }
    ]
}