{
    "gen": 29,
    "enemies": [
        8
    ],
    "results": [
        {
            "gain": 27.680000000000042,
            "fitness": 80.555802388785,
            "fitness_balanced": 89.3582529849404,
            "wins": [
                0.4
            ]
        }
    ]
}