{
    "gen": 29,
    "enemies": [
        1,
        2,
        3,
        4,
        5,
        6,
        7,
        8
    ],
    "results": [
        {
            "gain": -183.39999999999947,
            "fitness": 9.428219298439934,
            "fitness_balanced": 58.456455582968765,
            "gains": [
                -100,
                88,
                -70.0,
                -80.0,
                40.000000000000284,
                -80.0,
                -10.0,
                28.600000000000257
            ],
            "wins": [
                false,
                true,
                false,
                false,
                true,
                false,
                false,
                true
            ]
        },
        {
            "gain": -183.39999999999947,
            "fitness": 9.428219298439934,
            "fitness_balanced": 58.456455582968765,
            "gains": [
                -100,
                88,
                -70.0,
                -80.0,
                40.000000000000284,
                -80.0,
                -10.0,
                28.600000000000257
            ],
            "wins": [
                false,
                true,
                false,
                false,
                true,
                false,
                false,
                true
            ]
        },
        {
            "gain": -183.39999999999947,
            "fitness": 9.428219298439934,
            "fitness_balanced": 58.456455582968765,
            "gains": [
                -100,
                88,
                -70.0,
                -80.0,
                40.000000000000284,
                -80.0,
                -10.0,
                28.600000000000257
            ],
            "wins": [
                false,
                true,
                false,
                false,
                true,
                false,
                false,
                true
            ]
        },
        {
            "gain": -183.39999999999947,
            "fitness": 9.428219298439934,
            "fitness_balanced": 58.456455582968765,
            "gains": [
                -100,
                88,
                -70.0,
                -80.0,
                40.000000000000284,
                -80.0,
                -10.0,
                28.600000000000257
            ],
            "wins": [
                false,
                true,
                false,
                false,
                true,
                false,
                false,
                true
            ]
        },
        {
            "gain": -183.39999999999947,
            "fitness": 9.428219298439934,
            "fitness_balanced": 58.456455582968765,
            "gains": [
                -100,
                88,
                -70.0,
                -80.0,
                40.000000000000284,
                -80.0,
                -10.0,
                28.600000000000257
            ],
            "wins": [
                false,
                true,
                false,
                false,
                true,
                false,
                false,
                true
            ]
        }
    ]
}