{
    "gen": 29,
    "enemies": [
        2
    ],
    "results": [
        {
            "gain": 60.4,
            "fitness": 90.84889612037959,
            "fitness_balanced": 82.85833644349734,
            "wins": [
                1.0
            ]
        }
    ]
}