{
    "gen": 29,
    "enemies": [
        3
    ],
    "results": [
        {
            "gain": 28.4,
            "fitness": 80.54404704194204,
            "fitness_balanced": 78.01606371931281,
            "wins": [
                0.6
            ]
        }
    ]
}