{
    "gen": 29,
    "enemies": [
        3
    ],
    "results": [
        {
            "gain": 58,
            "fitness": 89.82364909070206,
            "fitness_balanced": 73.02111423509888,
            "wins": [
                true
            ]
        }
    ]
}