{
    "gen": 29,
    "enemies": [
        3
    ],
    "results": [
        {
            "gain": 10.4,
            "fitness": 75.44322065432938,
            "fitness_balanced": 52.7158658389292,
            "wins": [
                0.8
            ]
        }
    ]
}