{
    "gen": 29,
    "enemies": [
        1,
        2,
        3,
        4,
        5,
        6,
        7,
        8
    ],
    "results": [
        {
            "gain": -413.0,
            "fitness": -0.03349263445373296,
            "fitness_balanced": -10.539753247971458,
            "gains": [
                -50.0,
                -50.0,
                -90.0,
                -80.0,
                97.00000000000003,
                -90.0,
                -80.0,
                -70.0
            ],
            "wins": [
                false,
                false,
                false,
                false,
                true,
                false,
                false,
                false
            ]
        },
        {
            "gain": -413.0,
            "fitness": -0.03349263445373296,
            "fitness_balanced": -10.539753247971458,
            "gains": [
                -50.0,
                -50.0,
                -90.0,
                -80.0,
                97.00000000000003,
                -90.0,
                -80.0,
                -70.0
            ],
            "wins": [
                false,
                false,
                false,
                false,
                true,
                false,
                false,
                false
            ]
        },
        {
            "gain": -413.0,
            "fitness": -0.03349263445373296,
            "fitness_balanced": -10.539753247971458,
            "gains": [
                -50.0,
                -50.0,
                -90.0,
                -80.0,
                97.00000000000003,
                -90.0,
                -80.0,
                -70.0
            ],
            "wins": [
                false,
                false,
                false,
                false,
                true,
                false,
                false,
                false
            ]
        },
        {
            "gain": -413.0,
            "fitness": -0.03349263445373296,
            "fitness_balanced": -10.539753247971458,
            "gains": [
                -50.0,
                -50.0,
                -90.0,
                -80.0,
                97.00000000000003,
                -90.0,
                -80.0,
                -70.0
            ],
            "wins": [
                false,
                false,
                false,
                false,
                true,
                false,
                false,
                false
            ]
        },
        {
            "gain": -413.0,
            "fitness": -0.03349263445373296,
            "fitness_balanced": -10.539753247971458,
            "gains": [
                -50.0,
                -50.0,
                -90.0,
                -80.0,
                97.00000000000003,
                -90.0,
                -80.0,
                -70.0
            ],
            "wins": [
                false,
                false,
                false,
                false,
                true,
                false,
                false,
                false
            ]
        }
    ]
}