{
    "gen": 29,
    "enemies": [
        5
    ],
    "results": [
        {
            "gain": 91.00000000000009,
            "fitness": 94.09605369405455,
            "fitness_balanced": 90.48936470590378,
            "wins": [
                true
            ]
        }
    ]
}