{
    "gen": 29,
    "enemies": [
        5
    ],
    "results": [
        {
            "gain": 76.00000000000014,
            "fitness": 92.2154989557385,
            "fitness_balanced": 90.96420156294977,
            "wins": [
                1.0
            ]
        }
    ]
}