{
    "gen": 29,
    "enemies": [
        4
    ],
    "results": [
        {
            "gain": 0.12000000000015802,
            "fitness": 54.7025916796498,
            "fitness_balanced": 82.25231162643678,
            "wins": [
                0.6
            ]
        }
    ]
}