{
    "gen": 29,
    "enemies": [
        1,
        2,
        3,
        4,
        5,
        6,
        7,
        8
    ],
    "results": [
        {
            "gain": -325.19999999999914,
            "fitness": -4.571140056719237,
            "fitness_balanced": 66.91649336511615,
            "gains": [
                -90.0,
                -100,
                -70.0,
                68.8000000000003,
                -0.5999999999997172,
                -80.0,
                -100,
                46.6000000000003
            ],
            "wins": [
                false,
                false,
                false,
                true,
                false,
                false,
                false,
                true
            ]
        },
        {
            "gain": -325.19999999999914,
            "fitness": -4.571140056719237,
            "fitness_balanced": 66.91649336511615,
            "gains": [
                -90.0,
                -100,
                -70.0,
                68.8000000000003,
                -0.5999999999997172,
                -80.0,
                -100,
                46.6000000000003
            ],
            "wins": [
                false,
                false,
                false,
                true,
                false,
                false,
                false,
                true
            ]
        },
        {
            "gain": -325.19999999999914,
            "fitness": -4.571140056719237,
            "fitness_balanced": 66.91649336511615,
            "gains": [
                -90.0,
                -100,
                -70.0,
                68.8000000000003,
                -0.5999999999997172,
                -80.0,
                -100,
                46.6000000000003
            ],
            "wins": [
                false,
                false,
                false,
                true,
                false,
                false,
                false,
                true
            ]
        },
        {
            "gain": -325.19999999999914,
            "fitness": -4.571140056719237,
            "fitness_balanced": 66.91649336511615,
            "gains": [
                -90.0,
                -100,
                -70.0,
                68.8000000000003,
                -0.5999999999997172,
                -80.0,
                -100,
                46.6000000000003
            ],
            "wins": [
                false,
                false,
                false,
                true,
                false,
                false,
                false,
                true
            ]
        },
        {
            "gain": -325.19999999999914,
            "fitness": -4.571140056719237,
            "fitness_balanced": 66.91649336511615,
            "gains": [
                -90.0,
                -100,
                -70.0,
                68.8000000000003,
                -0.5999999999997172,
                -80.0,
                -100,
                46.6000000000003
            ],
            "wins": [
                false,
                false,
                false,
                true,
                false,
                false,
                false,
                true
            ]
        }
    ]
}