{
    "gen": 29,
    "enemies": [
        1,
        2,
        3,
        4,
        5,
        6,
        7,
        8
    ],
    "results": [
        {
            "gain": -255.19999999999976,
            "fitness": 2.7653047829318282,
            "fitness_balanced": -0.5373342670185366,
            "gains": [
                -100,
                -40.0,
                80,
                -70.0,
                74.80000000000024,
                -90.0,
                -20.0,
                -90.0
            ],
            "wins": [
                false,
                false,
                true,
                false,
                true,
                false,
                false,
                false
            ]
        },
        {
            "gain": -255.19999999999976,
            "fitness": 2.7653047829318282,
            "fitness_balanced": -0.5373342670185366,
            "gains": [
                -100,
                -40.0,
                80,
                -70.0,
                74.80000000000024,
                -90.0,
                -20.0,
                -90.0
            ],
            "wins": [
                false,
                false,
                true,
                false,
                true,
                false,
                false,
                false
            ]
        },
        {
            "gain": -255.19999999999976,
            "fitness": 2.7653047829318282,
            "fitness_balanced": -0.5373342670185366,
            "gains": [
                -100,
                -40.0,
                80,
                -70.0,
                74.80000000000024,
                -90.0,
                -20.0,
                -90.0
            ],
            "wins": [
                false,
                false,
                true,
                false,
                true,
                false,
                false,
                false
            ]
        },
        {
            "gain": -255.19999999999976,
            "fitness": 2.7653047829318282,
            "fitness_balanced": -0.5373342670185366,
            "gains": [
                -100,
                -40.0,
                80,
                -70.0,
                74.80000000000024,
                -90.0,
                -20.0,
                -90.0
            ],
            "wins": [
                false,
                false,
                true,
                false,
                true,
                false,
                false,
                false
            ]
        },
        {
            "gain": -255.19999999999976,
            "fitness": 2.7653047829318282,
            "fitness_balanced": -0.5373342670185366,
            "gains": [
                -100,
                -40.0,
                80,
                -70.0,
                74.80000000000024,
                -90.0,
                -20.0,
                -90.0
            ],
            "wins": [
                false,
                false,
                true,
                false,
                true,
                false,
                false,
                false
            ]
        }
    ]
}