{
    "gen": 29,
    "enemies": [
        8
    ],
    "results": [
        {
            "gain": 20.400000000000034,
            "fitness": 73.50881509021094,
            "fitness_balanced": 90.2582529849404,
            "wins": [
                0.4
            ]
        }
    ]
}