{
    "gen": 29,
    "enemies": [
        7
    ],
    "results": [
        {
            "gain": 18.400000000000034,
            "fitness": 72.13479009196229,
            "fitness_balanced": 90.57274631484283,
            "wins": [
                0.4
            ]
        }
    ]
}