{
    "gen": 29,
    "enemies": [
        4
    ],
    "results": [
        {
            "gain": 39.40000000000028,
            "fitness": 87.01440480288956,
            "fitness_balanced": 62.77342296677742,
            "wins": [
                true
            ]
        }
    ]
}