{
    "gen": 29,
    "enemies": [
        1,
        2,
        3,
        4,
        5,
        6,
        7,
        8
    ],
    "results": [
        {
            "gain": -240.3999999999998,
            "fitness": 3.4570316961163314,
            "fitness_balanced": 9.681880006155783,
            "gains": [
                100,
                -70.0,
                -20.0,
                -70.0,
                79.6000000000002,
                -90.0,
                -100,
                -70.0
            ],
            "wins": [
                true,
                false,
                false,
                false,
                true,
                false,
                false,
                false
            ]
        },
        {
            "gain": -240.3999999999998,
            "fitness": 3.4570316961163314,
            "fitness_balanced": 9.681880006155783,
            "gains": [
                100,
                -70.0,
                -20.0,
                -70.0,
                79.6000000000002,
                -90.0,
                -100,
                -70.0
            ],
            "wins": [
                true,
                false,
                false,
                false,
                true,
                false,
                false,
                false
            ]
        },
        {
            "gain": -240.3999999999998,
            "fitness": 3.4570316961163314,
            "fitness_balanced": 9.681880006155783,
            "gains": [
                100,
                -70.0,
                -20.0,
                -70.0,
                79.6000000000002,
                -90.0,
                -100,
                -70.0
            ],
            "wins": [
                true,
                false,
                false,
                false,
                true,
                false,
                false,
                false
            ]
        },
        {
            "gain": -240.3999999999998,
            "fitness": 3.4570316961163314,
            "fitness_balanced": 9.681880006155783,
            "gains": [
                100,
                -70.0,
                -20.0,
                -70.0,
                79.6000000000002,
                -90.0,
                -100,
                -70.0
            ],
            "wins": [
                true,
                false,
                false,
                false,
                true,
                false,
                false,
                false
            ]
        },
        {
            "gain": -240.3999999999998,
            "fitness": 3.4570316961163314,
            "fitness_balanced": 9.681880006155783,
            "gains": [
                100,
                -70.0,
                -20.0,
                -70.0,
                79.6000000000002,
                -90.0,
                -100,
                -70.0
            ],
            "wins": [
                true,
                false,
                false,
                false,
                true,
                false,
                false,
                false
            ]
        }
    ]
}