{
    "gen": 29,
    "enemies": [
        1,
        2,
        3,
        4,
        5,
        6,
        7,
        8
    ],
    "results": [
        {
            "gain": -207.39999999999966,
            "fitness": 14.707282822114195,
            "fitness_balanced": 18.740418535935078,
            "gains": [
                -50.0,
                88,
                -50.0,
                -70.0,
                64.60000000000034,
                -100,
                -40.0,
                -50.0
            ],
            "wins": [
                false,
                true,
                false,
                false,
                true,
                false,
                false,
                false
            ]
        },
        {
            "gain": -207.39999999999966,
            "fitness": 14.707282822114195,
            "fitness_balanced": 18.740418535935078,
            "gains": [
                -50.0,
                88,
                -50.0,
                -70.0,
                64.60000000000034,
                -100,
                -40.0,
                -50.0
            ],
            "wins": [
                false,
                true,
                false,
                false,
                true,
                false,
                false,
                false
            ]
        },
        {
            "gain": -207.39999999999966,
            "fitness": 14.707282822114195,
            "fitness_balanced": 18.740418535935078,
            "gains": [
                -50.0,
                88,
                -50.0,
                -70.0,
                64.60000000000034,
                -100,
                -40.0,
                -50.0
            ],
            "wins": [
                false,
                true,
                false,
                false,
                true,
                false,
                false,
                false
            ]
        },
        {
            "gain": -207.39999999999966,
            "fitness": 14.707282822114195,
            "fitness_balanced": 18.740418535935078,
            "gains": [
                -50.0,
                88,
                -50.0,
                -70.0,
                64.60000000000034,
                -100,
                -40.0,
                -50.0
            ],
            "wins": [
                false,
                true,
                false,
                false,
                true,
                false,
                false,
                false
            ]
        },
        {
            "gain": -207.39999999999966,
            "fitness": 14.707282822114195,
            "fitness_balanced": 18.740418535935078,
            "gains": [
                -50.0,
                88,
                -50.0,
                -70.0,
                64.60000000000034,
                -100,
                -40.0,
                -50.0
            ],
            "wins": [
                false,
                true,
                false,
                false,
                true,
                false,
                false,
                false
            ]
        }
    ]
}