{
    "gen": 29,
    "enemies": [
        2
    ],
    "results": [
        {
            "gain": 82.8,
            "fitness": 92.81605042837455,
            "fitness_balanced": 88.65289246928253,
            "wins": [
                1.0
            ]
        }
    ]
}