{
    "gen": 29,
    "enemies": [
        7
    ],
    "results": [
        {
            "gain": 77.20000000000022,
            "fitness": 92.4018800061558,
            "fitness_balanced": 83.2769900208617,
            "wins": [
                true
            ]
        }
    ]
}