{
    "gen": 29,
    "enemies": [
        8
    ],
    "results": [
        {
            "gain": 38.40000000000015,
            "fitness": 86.4353369773632,
            "fitness_balanced": 87.38835394814502,
            "wins": [
                0.8
            ]
        }
    ]
}