{
    "gen": 14,
    "enemies": [
        4
    ],
    "results": [
        {
            "gain": 52.600000000000314,
            "fitness": 88.34526910728147,
            "fitness_balanced": 69.38427655136884,
            "wins": [
                true
            ]
        }
    ]
}