{
    "gen": 29,
    "enemies": [
        7
    ],
    "results": [
        {
            "gain": 5.160000000000126,
            "fitness": 72.31202838541216,
            "fitness_balanced": 70.99669509194108,
            "wins": [
                0.4
            ]
        }
    ]
}