{
    "gen": 29,
    "enemies": [
        4
    ],
    "results": [
        {
            "gain": -43.79999999999995,
            "fitness": 39.27326102238865,
            "fitness_balanced": 4.139213776534135,
            "wins": [
                0.2
            ]
        }
    ]
}