{
    "gen": 29,
    "enemies": [
        8
    ],
    "results": [
        {
            "gain": 79.6000000000002,
            "fitness": 91.97354799471559,
            "fitness_balanced": 83.81103858311023,
            "wins": [
                true
            ]
        }
    ]
}