{
    "gen": 29,
    "enemies": [
        1,
        2,
        3,
        4,
        5,
        6,
        7,
        8
    ],
    "results": [
        {
            "gain": -293.7999999999994,
            "fitness": -2.5715921519754374,
            "fitness_balanced": -6.050053494309704,
            "gains": [
                -100,
                28,
                -70.0,
                -90.0,
                41.20000000000029,
                -100,
                67.00000000000031,
                -70.0
            ],
            "wins": [
                false,
                true,
                false,
                false,
                true,
                false,
                true,
                false
            ]
        },
        {
            "gain": -293.7999999999994,
            "fitness": -2.5715921519754374,
            "fitness_balanced": -6.050053494309704,
            "gains": [
                -100,
                28,
                -70.0,
                -90.0,
                41.20000000000029,
                -100,
                67.00000000000031,
                -70.0
            ],
            "wins": [
                false,
                true,
                false,
                false,
                true,
                false,
                true,
                false
            ]
        },
        {
            "gain": -293.7999999999994,
            "fitness": -2.5715921519754374,
            "fitness_balanced": -6.050053494309704,
            "gains": [
                -100,
                28,
                -70.0,
                -90.0,
                41.20000000000029,
                -100,
                67.00000000000031,
                -70.0
            ],
            "wins": [
                false,
                true,
                false,
                false,
                true,
                false,
                true,
                false
            ]
        },
        {
            "gain": -293.7999999999994,
            "fitness": -2.5715921519754374,
            "fitness_balanced": -6.050053494309704,
            "gains": [
                -100,
                28,
                -70.0,
                -90.0,
                41.20000000000029,
                -100,
                67.00000000000031,
                -70.0
            ],
            "wins": [
                false,
                true,
                false,
                false,
                true,
                false,
                true,
                false
            ]
        },
        {
            "gain": -293.7999999999994,
            "fitness": -2.5715921519754374,
            "fitness_balanced": -6.050053494309704,
            "gains": [
                -100,
                28,
                -70.0,
                -90.0,
                41.20000000000029,
                -100,
                67.00000000000031,
                -70.0
            ],
            "wins": [
                false,
                true,
                false,
                false,
                true,
                false,
                true,
                false
            ]
        }
    ]
}