{
    "gen": 29,
    "enemies": [
        1,
        2,
        3,
        4,
        5,
        6,
        7,
        8
    ],
    "results": [
        {
            "gain": -256.1999999999998,
            "fitness": 1.612991279727055,
            "fitness_balanced": -8.190619437489858,
            "gains": [
                100,
                -70.0,
                -80.0,
                -90.0,
                83.80000000000015,
                -40.0,
                -100,
                -60.0
            ],
            "wins": [
                true,
                false,
                false,
                false,
                true,
                false,
                false,
                false
            ]
        },
        {
            "gain": -256.1999999999998,
            "fitness": 1.612991279727055,
            "fitness_balanced": -8.190619437489858,
            "gains": [
                100,
                -70.0,
                -80.0,
                -90.0,
                83.80000000000015,
                -40.0,
                -100,
                -60.0
            ],
            "wins": [
                true,
                false,
                false,
                false,
                true,
                false,
                false,
                false
            ]
        },
        {
            "gain": -256.1999999999998,
            "fitness": 1.612991279727055,
            "fitness_balanced": -8.190619437489858,
            "gains": [
                100,
                -70.0,
                -80.0,
                -90.0,
                83.80000000000015,
                -40.0,
                -100,
                -60.0
            ],
            "wins": [
                true,
                false,
                false,
                false,
                true,
                false,
                false,
                false
            ]
        },
        {
            "gain": -256.1999999999998,
            "fitness": 1.612991279727055,
            "fitness_balanced": -8.190619437489858,
            "gains": [
                100,
                -70.0,
                -80.0,
                -90.0,
                83.80000000000015,
                -40.0,
                -100,
                -60.0
            ],
            "wins": [
                true,
                false,
                false,
                false,
                true,
                false,
                false,
                false
            ]
        },
        {
            "gain": -256.1999999999998,
            "fitness": 1.612991279727055,
            "fitness_balanced": -8.190619437489858,
            "gains": [
                100,
                -70.0,
                -80.0,
                -90.0,
                83.80000000000015,
                -40.0,
                -100,
                -60.0
            ],
            "wins": [
                true,
                false,
                false,
                false,
                true,
                false,
                false,
                false
            ]
        }
    ]
}