{
    "gen": 29,
    "enemies": [
        1
    ],
    "results": [
        {
            "gain": 6.0,
            "fitness": 69.00626188699886,
            "fitness_balanced": 94.89405452609942,
            "wins": [
                0.5
            ]
        }
    ]
}