{
    "gen": 300,
    "enemies": [
        1,
        2,
        3,
        4,
        5,
        6,
        7,
        8
    ],
    "results": [
        {
            "gain": -120.19999999999943,
            "fitness": 35.579733036181786,
            "fitness_balanced": 15.734071625450966,
            "gains": [
                -70.0,
                26,
                -30.0,
                -70.0,
                58.60000000000033,
                -30.0,
                -10.0,
                5.200000000000234
            ],
            "wins": [
                false,
                true,
                false,
                false,
                true,
                false,
                false,
                true
            ]
        },
        {
            "gain": -120.19999999999943,
            "fitness": 35.579733036181786,
            "fitness_balanced": 15.734071625450966,
            "gains": [
                -70.0,
                26,
                -30.0,
                -70.0,
                58.60000000000033,
                -30.0,
                -10.0,
                5.200000000000234
            ],
            "wins": [
                false,
                true,
                false,
                false,
                true,
                false,
                false,
                true
            ]
        },
        {
            "gain": -120.19999999999943,
            "fitness": 35.579733036181786,
            "fitness_balanced": 15.734071625450966,
            "gains": [
                -70.0,
                26,
                -30.0,
                -70.0,
                58.60000000000033,
                -30.0,
                -10.0,
                5.200000000000234
            ],
            "wins": [
                false,
                true,
                false,
                false,
                true,
                false,
                false,
                true
            ]
        },
        {
            "gain": -120.19999999999943,
            "fitness": 35.579733036181786,
            "fitness_balanced": 15.734071625450966,
            "gains": [
                -70.0,
                26,
                -30.0,
                -70.0,
                58.60000000000033,
                -30.0,
                -10.0,
                5.200000000000234
            ],
            "wins": [
                false,
                true,
                false,
                false,
                true,
                false,
                false,
                true
            ]
        },
        {
            "gain": -120.19999999999943,
            "fitness": 35.579733036181786,
            "fitness_balanced": 15.734071625450966,
            "gains": [
                -70.0,
                26,
                -30.0,
                -70.0,
                58.60000000000033,
                -30.0,
                -10.0,
                5.200000000000234
            ],
            "wins": [
                false,
                true,
                false,
                false,
                true,
                false,
                false,
                true
            ]
        }
    ]
}