{
    "gen": 29,
    "enemies": [
        5
    ],
    "results": [
        {
            "gain": 78.10000000000018,
            "fitness": 92.08754353552996,
            "fitness_balanced": 88.89118681455746,
            "wins": [
                1.0
            ]
        }
    ]
}