{
    "gen": 29,
    "enemies": [
        3
    ],
    "results": [
        {
            "gain": -1.2,
            "fitness": 72.68929455799753,
            "fitness_balanced": 46.81998334634743,
            "wins": [
                0.6
            ]
        }
    ]
}