{
    "gen": 29,
    "enemies": [
        3
    ],
    "results": [
        {
            "gain": 52,
            "fitness": 89.20603857269343,
            "fitness_balanced": 70.00354791138098,
            "wins": [
                true
            ]
        }
    ]
}