{
    "gen": 29,
    "enemies": [
        6
    ],
    "results": [
        {
            "gain": -10.0,
            "fitness": 75.14779752022552,
            "fitness_balanced": 39.14492807779757,
            "wins": [
                false
            ]
        }
    ]
}