{
    "gen": 29,
    "enemies": [
        3
    ],
    "results": [
        {
            "gain": -4.4,
            "fitness": 70.69943231472655,
            "fitness_balanced": 52.807637510525126,
            "wins": [
                0.4
            ]
        }
    ]
}