{
    "gen": 29,
    "enemies": [
        5
    ],
    "results": [
        {
            "gain": 60.85000000000008,
            "fitness": 86.58390738471044,
            "fitness_balanced": 33.26184750540404,
            "wins": [
                0.75
            ]
        }
    ]
}