{
    "gen": 29,
    "enemies": [
        1,
        2,
        3,
        4,
        5,
        6,
        7,
        8
    ],
    "results": [
        {
            "gain": -345.4,
            "fitness": 5.290471717742342,
            "fitness_balanced": -5.968562917870262,
            "gains": [
                -70.0,
                -70.0,
                -100,
                -60.0,
                -10.0,
                -50.0,
                -80.0,
                94.60000000000005
            ],
            "wins": [
                false,
                false,
                false,
                false,
                false,
                false,
                false,
                true
            ]
        },
        {
            "gain": -345.4,
            "fitness": 5.290471717742342,
            "fitness_balanced": -5.968562917870262,
            "gains": [
                -70.0,
                -70.0,
                -100,
                -60.0,
                -10.0,
                -50.0,
                -80.0,
                94.60000000000005
            ],
            "wins": [
                false,
                false,
                false,
                false,
                false,
                false,
                false,
                true
            ]
        },
        {
            "gain": -345.4,
            "fitness": 5.290471717742342,
            "fitness_balanced": -5.968562917870262,
            "gains": [
                -70.0,
                -70.0,
                -100,
                -60.0,
                -10.0,
                -50.0,
                -80.0,
                94.60000000000005
            ],
            "wins": [
                false,
                false,
                false,
                false,
                false,
                false,
                false,
                true
            ]
        },
        {
            "gain": -345.4,
            "fitness": 5.290471717742342,
            "fitness_balanced": -5.968562917870262,
            "gains": [
                -70.0,
                -70.0,
                -100,
                -60.0,
                -10.0,
                -50.0,
                -80.0,
                94.60000000000005
            ],
            "wins": [
                false,
                false,
                false,
                false,
                false,
                false,
                false,
                true
            ]
        },
        {
            "gain": -345.4,
            "fitness": 5.290471717742342,
            "fitness_balanced": -5.968562917870262,
            "gains": [
                -70.0,
                -70.0,
                -100,
                -60.0,
                -10.0,
                -50.0,
                -80.0,
                94.60000000000005
            ],
            "wins": [
                false,
                false,
                false,
                false,
                false,
                false,
                false,
                true
            ]
        }
    ]
}