{
    "gen": 29,
    "enemies": [
        1,
        2,
        3,
        4,
        5,
        6,
        7,
        8
    ],
    "results": [
        {
            "gain": -365.59999999999957,
            "fitness": -2.032423269020107,
            "fitness_balanced": -4.546191597726363,
            "gains": [
                -90.0,
                -30.0,
                -80.0,
                64.00000000000034,
                10.400000000000091,
                -90.0,
                -100,
                -50.0
            ],
            "wins": [
                false,
                false,
                false,
                true,
                false,
                false,
                false,
                false
            ]
        },
        {
            "gain": -365.59999999999957,
            "fitness": -2.032423269020107,
            "fitness_balanced": -4.546191597726363,
            "gains": [
                -90.0,
                -30.0,
                -80.0,
                64.00000000000034,
                10.400000000000091,
                -90.0,
                -100,
                -50.0
            ],
            "wins": [
                false,
                false,
                false,
                true,
                false,
                false,
                false,
                false
            ]
        },
        {
            "gain": -365.59999999999957,
            "fitness": -2.032423269020107,
            "fitness_balanced": -4.546191597726363,
            "gains": [
                -90.0,
                -30.0,
                -80.0,
                64.00000000000034,
                10.400000000000091,
                -90.0,
                -100,
                -50.0
            ],
            "wins": [
                false,
                false,
                false,
                true,
                false,
                false,
                false,
                false
            ]
        },
        {
            "gain": -365.59999999999957,
            "fitness": -2.032423269020107,
            "fitness_balanced": -4.546191597726363,
            "gains": [
                -90.0,
                -30.0,
                -80.0,
                64.00000000000034,
                10.400000000000091,
                -90.0,
                -100,
                -50.0
            ],
            "wins": [
                false,
                false,
                false,
                true,
                false,
                false,
                false,
                false
            ]
        },
        {
            "gain": -365.59999999999957,
            "fitness": -2.032423269020107,
            "fitness_balanced": -4.546191597726363,
            "gains": [
                -90.0,
                -30.0,
                -80.0,
                64.00000000000034,
                10.400000000000091,
                -90.0,
                -100,
                -50.0
            ],
            "wins": [
                false,
                false,
                false,
                true,
                false,
                false,
                false,
                false
            ]
        }
    ]
}