{
    "gen": 29,
    "enemies": [
        4
    ],
    "results": [
        {
            "gain": 41.68000000000029,
            "fitness": 87.66076883759112,
            "fitness_balanced": 62.01842287072371,
            "wins": [
                1.0
            ]
        }
    ]
}