{
    "gen": 29,
    "enemies": [
        3
    ],
    "results": [
        {
            "gain": 48,
            "fitness": 88.75736716631762,
            "fitness_balanced": 67.95499468596398,
            "wins": [
                true
            ]
        }
    ]
}