{
    "gen": 29,
    "enemies": [
        1,
        2,
        3,
        4,
        5,
        6,
        7,
        8
    ],
    "results": [
        {
            "gain": -102.59999999999962,
            "fitness": 23.107600579364785,
            "fitness_balanced": 55.367754812552114,
            "gains": [
                -60.0,
                -20.0,
                48,
                -90.0,
                86.80000000000013,
                -80.0,
                -10.0,
                22.600000000000243
            ],
            "wins": [
                false,
                false,
                true,
                false,
                true,
                false,
                false,
                true
            ]
        },
        {
            "gain": -102.59999999999962,
            "fitness": 23.107600579364785,
            "fitness_balanced": 55.367754812552114,
            "gains": [
                -60.0,
                -20.0,
                48,
                -90.0,
                86.80000000000013,
                -80.0,
                -10.0,
                22.600000000000243
            ],
            "wins": [
                false,
                false,
                true,
                false,
                true,
                false,
                false,
                true
            ]
        },
        {
            "gain": -102.59999999999962,
            "fitness": 23.107600579364785,
            "fitness_balanced": 55.367754812552114,
            "gains": [
                -60.0,
                -20.0,
                48,
                -90.0,
                86.80000000000013,
                -80.0,
                -10.0,
                22.600000000000243
            ],
            "wins": [
                false,
                false,
                true,
                false,
                true,
                false,
                false,
                true
            ]
        },
        {
            "gain": -102.59999999999962,
            "fitness": 23.107600579364785,
            "fitness_balanced": 55.367754812552114,
            "gains": [
                -60.0,
                -20.0,
                48,
                -90.0,
                86.80000000000013,
                -80.0,
                -10.0,
                22.600000000000243
            ],
            "wins": [
                false,
                false,
                true,
                false,
                true,
                false,
                false,
                true
            ]
        },
        {
            "gain": -102.59999999999962,
            "fitness": 23.107600579364785,
            "fitness_balanced": 55.367754812552114,
            "gains": [
                -60.0,
                -20.0,
                48,
                -90.0,
                86.80000000000013,
                -80.0,
                -10.0,
                22.600000000000243
            ],
            "wins": [
                false,
                false,
                true,
                false,
                true,
                false,
                false,
                true
            ]
        }
    ]
}