{
    "gen": 29,
    "enemies": [
        7
    ],
    "results": [
        {
            "gain": 31.36000000000023,
            "fitness": 79.71256444812326,
            "fitness_balanced": 76.64341372532816,
            "wins": [
                0.8
            ]
        }
    ]
}