{
    "gen": 29,
    "enemies": [
        1,
        2,
        3,
        4,
        5,
        6,
        7,
        8
    ],
    "results": [
        {
            "gain": -607.5999999999998,
            "fitness": -13.587852556317726,
            "fitness_balanced": 4.454822555520438,
            "gains": [
                -70.0,
                -90.0,
                -100,
                -90.0,
                -100,
                12.40000000000023,
                -90.0,
                -80.0
            ],
            "wins": [
                false,
                false,
                false,
                false,
                false,
                true,
                false,
                false
            ]
        },
        {
            "gain": -607.5999999999998,
            "fitness": -13.587852556317726,
            "fitness_balanced": 4.454822555520438,
            "gains": [
                -70.0,
                -90.0,
                -100,
                -90.0,
                -100,
                12.40000000000023,
                -90.0,
                -80.0
            ],
            "wins": [
                false,
                false,
                false,
                false,
                false,
                true,
                false,
                false
            ]
        },
        {
            "gain": -607.5999999999998,
            "fitness": -13.587852556317726,
            "fitness_balanced": 4.454822555520438,
            "gains": [
                -70.0,
                -90.0,
                -100,
                -90.0,
                -100,
                12.40000000000023,
                -90.0,
                -80.0
            ],
            "wins": [
                false,
                false,
                false,
                false,
                false,
                true,
                false,
                false
            ]
        },
        {
            "gain": -607.5999999999998,
            "fitness": -13.587852556317726,
            "fitness_balanced": 4.454822555520438,
            "gains": [
                -70.0,
                -90.0,
                -100,
                -90.0,
                -100,
                12.40000000000023,
                -90.0,
                -80.0
            ],
            "wins": [
                false,
                false,
                false,
                false,
                false,
                true,
                false,
                false
            ]
        },
        {
            "gain": -607.5999999999998,
            "fitness": -13.587852556317726,
            "fitness_balanced": 4.454822555520438,
            "gains": [
                -70.0,
                -90.0,
                -100,
                -90.0,
                -100,
                12.40000000000023,
                -90.0,
                -80.0
            ],
            "wins": [
                false,
                false,
                false,
                false,
                false,
                true,
                false,
                false
            ]
        }
    ]
}