{
    "gen": 29,
    "enemies": [
        6
    ],
    "results": [
        {
            "gain": -76.0,
            "fitness": 16.34249601814243,
            "fitness_balanced": 9.540414485855841,
            "wins": [
                0.0
            ]
        }
    ]
}