{
    "gen": 29,
    "enemies": [
        1,
        2,
        3,
        4,
        5,
        6,
        7,
        8
    ],
    "results": [
        {
            "gain": -240.3999999999998,
            "fitness": 0.9666611022206126,
            "fitness_balanced": -7.288413074518566,
            "gains": [
                100,
                -70.0,
                -10.0,
                -70.0,
                79.6000000000002,
                -100,
                -100,
                -70.0
            ],
            "wins": [
                true,
                false,
                false,
                false,
                true,
                false,
                false,
                false
            ]
        },
        {
            "gain": -240.3999999999998,
            "fitness": 0.9666611022206126,
            "fitness_balanced": -7.288413074518566,
            "gains": [
                100,
                -70.0,
                -10.0,
                -70.0,
                79.6000000000002,
                -100,
                -100,
                -70.0
            ],
            "wins": [
                true,
                false,
                false,
                false,
                true,
                false,
                false,
                false
            ]
        },
        {
            "gain": -240.3999999999998,
            "fitness": 0.9666611022206126,
            "fitness_balanced": -7.288413074518566,
            "gains": [
                100,
                -70.0,
                -10.0,
                -70.0,
                79.6000000000002,
                -100,
                -100,
                -70.0
            ],
            "wins": [
                true,
                false,
                false,
                false,
                true,
                false,
                false,
                false
            ]
        },
        {
            "gain": -240.3999999999998,
            "fitness": 0.9666611022206126,
            "fitness_balanced": -7.288413074518566,
            "gains": [
                100,
                -70.0,
                -10.0,
                -70.0,
                79.6000000000002,
                -100,
                -100,
                -70.0
            ],
            "wins": [
                true,
                false,
                false,
                false,
                true,
                false,
                false,
                false
            ]
        },
        {
            "gain": -240.3999999999998,
            "fitness": 0.9666611022206126,
            "fitness_balanced": -7.288413074518566,
            "gains": [
                100,
                -70.0,
                -10.0,
                -70.0,
                79.6000000000002,
                -100,
                -100,
                -70.0
            ],
            "wins": [
                true,
                false,
                false,
                false,
                true,
                false,
                false,
                false
            ]
        }
    ]
}