{
    "experiment_name": "[4]_default_f-rank",
    "enemies": [
        4
    ],
    "n_hidden_neurons": 10,
    "domain_upper": 1,
    "domain_lower": -1,
    "pop_size": 100,
    "gens": 30,
    "mutation_rate": 0.2,
    "normalization_method": "default",
    "fitness_method": "rank",
    "pick_parent_method": "multinomial",
    "survivor_method": "multinomial",
    "randomini": "no",
    "headless": true,
    "multi_ini": false,
    "crossover_method": "none",
    "mutation_type": "normal",
    "start_new": true,
    "gen": 29,
    "best_default": 88.26307034478388,
    "mean_default": 43.726044503759084,
    "std_default": 14.535272402406507,
    "Q5_default": 21.58936363951631,
    "Q95_default": 74.69413656743636,
    "best_balanced": 66.90140506546494,
    "mean_balanced": 22.322179034200662,
    "std_balanced": 10.314115493538539,
    "Q5_balanced": 9.584904304570612,
    "Q95_balanced": 38.69231257504792
}