{
    "gen": 29,
    "enemies": [
        5
    ],
    "results": [
        {
            "gain": 87.70000000000012,
            "fitness": 93.49290521681404,
            "fitness_balanced": 90.39732261812776,
            "wins": [
                1.0
            ]
        }
    ]
}