{
    "gen": 29,
    "enemies": [
        6
    ],
    "results": [
        {
            "gain": 47.8000000000003,
            "fitness": 89.26254710353533,
            "fitness_balanced": 68.3785390821379,
            "wins": [
                true
            ]
        }
    ]
}