{
    "gen": 29,
    "enemies": [
        1,
        2,
        3,
        4,
        5,
        6,
        7,
        8
    ],
    "results": [
        {
            "gain": -274.9999999999998,
            "fitness": 3.292878441572199,
            "fitness_balanced": -5.188060094810993,
            "gains": [
                -100,
                72,
                -70.0,
                -70.0,
                -80.0,
                -80.0,
                -20.0,
                73.00000000000026
            ],
            "wins": [
                false,
                true,
                false,
                false,
                false,
                false,
                false,
                true
            ]
        },
        {
            "gain": -274.9999999999998,
            "fitness": 3.292878441572199,
            "fitness_balanced": -5.188060094810993,
            "gains": [
                -100,
                72,
                -70.0,
                -70.0,
                -80.0,
                -80.0,
                -20.0,
                73.00000000000026
            ],
            "wins": [
                false,
                true,
                false,
                false,
                false,
                false,
                false,
                true
            ]
        },
        {
            "gain": -274.9999999999998,
            "fitness": 3.292878441572199,
            "fitness_balanced": -5.188060094810993,
            "gains": [
                -100,
                72,
                -70.0,
                -70.0,
                -80.0,
                -80.0,
                -20.0,
                73.00000000000026
            ],
            "wins": [
                false,
                true,
                false,
                false,
                false,
                false,
                false,
                true
            ]
        },
        {
            "gain": -274.9999999999998,
            "fitness": 3.292878441572199,
            "fitness_balanced": -5.188060094810993,
            "gains": [
                -100,
                72,
                -70.0,
                -70.0,
                -80.0,
                -80.0,
                -20.0,
                73.00000000000026
            ],
            "wins": [
                false,
                true,
                false,
                false,
                false,
                false,
                false,
                true
            ]
        },
        {
            "gain": -274.9999999999998,
            "fitness": 3.292878441572199,
            "fitness_balanced": -5.188060094810993,
            "gains": [
                -100,
                72,
                -70.0,
                -70.0,
                -80.0,
                -80.0,
                -20.0,
                73.00000000000026
            ],
            "wins": [
                false,
                true,
                false,
                false,
                false,
                false,
                false,
                true
            ]
        }
    ]
}