{
    "gen": 29,
    "enemies": [
        8
    ],
    "results": [
        {
            "gain": 53.44000000000028,
            "fitness": 89.49688219044126,
            "fitness_balanced": 80.77641489804775,
            "wins": [
                1.0
            ]
        }
    ]
}