{
    "gen": 29,
    "enemies": [
        2
    ],
    "results": [
        {
            "gain": 79.6,
            "fitness": 92.92533409880525,
            "fitness_balanced": 84.97611947915372,
            "wins": [
                1.0
            ]
        }
    ]
}