{
    "gen": 29,
    "enemies": [
        7
    ],
    "results": [
        {
            "gain": 44.440000000000296,
            "fitness": 89.11133123570285,
            "fitness_balanced": 71.28679402095838,
            "wins": [
                1.0
            ]
        }
    ]
}