{
    "gen": 29,
    "enemies": [
        1,
        2,
        3,
        4,
        5,
        6,
        7,
        8
    ],
    "results": [
        {
            "gain": -263.1999999999996,
            "fitness": 2.60918539529937,
            "fitness_balanced": 83.30157804100173,
            "gains": [
                -50.0,
                -90.0,
                -20.0,
                -80.0,
                79.0000000000002,
                -80.0,
                -100,
                77.80000000000021
            ],
            "wins": [
                false,
                false,
                false,
                false,
                true,
                false,
                false,
                true
            ]
        },
        {
            "gain": -263.1999999999996,
            "fitness": 2.60918539529937,
            "fitness_balanced": 83.30157804100173,
            "gains": [
                -50.0,
                -90.0,
                -20.0,
                -80.0,
                79.0000000000002,
                -80.0,
                -100,
                77.80000000000021
            ],
            "wins": [
                false,
                false,
                false,
                false,
                true,
                false,
                false,
                true
            ]
        },
        {
            "gain": -263.1999999999996,
            "fitness": 2.60918539529937,
            "fitness_balanced": 83.30157804100173,
            "gains": [
                -50.0,
                -90.0,
                -20.0,
                -80.0,
                79.0000000000002,
                -80.0,
                -100,
                77.80000000000021
            ],
            "wins": [
                false,
                false,
                false,
                false,
                true,
                false,
                false,
                true
            ]
        },
        {
            "gain": -263.1999999999996,
            "fitness": 2.60918539529937,
            "fitness_balanced": 83.30157804100173,
            "gains": [
                -50.0,
                -90.0,
                -20.0,
                -80.0,
                79.0000000000002,
                -80.0,
                -100,
                77.80000000000021
            ],
            "wins": [
                false,
                false,
                false,
                false,
                true,
                false,
                false,
                true
            ]
        },
        {
            "gain": -263.1999999999996,
            "fitness": 2.60918539529937,
            "fitness_balanced": 83.30157804100173,
            "gains": [
                -50.0,
                -90.0,
                -20.0,
                -80.0,
                79.0000000000002,
                -80.0,
                -100,
                77.80000000000021
            ],
            "wins": [
                false,
                false,
                false,
                false,
                true,
                false,
                false,
                true
            ]
        }
    ]
}