{
    "gen": 29,
    "enemies": [
        1,
        2,
        3,
        4,
        5,
        6,
        7,
        8
    ],
    "results": [
        {
            "gain": -189.79999999999933,
            "fitness": 1.3404062815958184,
            "fitness_balanced": -4.982827966832225,
            "gains": [
                -80.0,
                -90.0,
                -60.0,
                83.80000000000015,
                79.6000000000002,
                -80.0,
                -100,
                56.800000000000324
            ],
            "wins": [
                false,
                false,
                false,
                true,
                true,
                false,
                false,
                true
            ]
        },
        {
            "gain": -189.79999999999933,
            "fitness": 1.3404062815958184,
            "fitness_balanced": -4.982827966832225,
            "gains": [
                -80.0,
                -90.0,
                -60.0,
                83.80000000000015,
                79.6000000000002,
                -80.0,
                -100,
                56.800000000000324
            ],
            "wins": [
                false,
                false,
                false,
                true,
                true,
                false,
                false,
                true
            ]
        },
        {
            "gain": -189.79999999999933,
            "fitness": 1.3404062815958184,
            "fitness_balanced": -4.982827966832225,
            "gains": [
                -80.0,
                -90.0,
                -60.0,
                83.80000000000015,
                79.6000000000002,
                -80.0,
                -100,
                56.800000000000324
            ],
            "wins": [
                false,
                false,
                false,
                true,
                true,
                false,
                false,
                true
            ]
        },
        {
            "gain": -189.79999999999933,
            "fitness": 1.3404062815958184,
            "fitness_balanced": -4.982827966832225,
            "gains": [
                -80.0,
                -90.0,
                -60.0,
                83.80000000000015,
                79.6000000000002,
                -80.0,
                -100,
                56.800000000000324
            ],
            "wins": [
                false,
                false,
                false,
                true,
                true,
                false,
                false,
                true
            ]
        },
        {
            "gain": -189.79999999999933,
            "fitness": 1.3404062815958184,
            "fitness_balanced": -4.982827966832225,
            "gains": [
                -80.0,
                -90.0,
                -60.0,
                83.80000000000015,
                79.6000000000002,
                -80.0,
                -100,
                56.800000000000324
            ],
            "wins": [
                false,
                false,
                false,
                true,
                true,
                false,
                false,
                true
            ]
        }
    ]
}