{
    "gen": 29,
    "enemies": [
        1,
        2,
        3,
        4,
        5,
        6,
        7,
        8
    ],
    "results": [
        {
            "gain": -212.79999999999944,
            "fitness": 4.4172247444123585,
            "fitness_balanced": -2.171766480855684,
            "gains": [
                -70.0,
                70,
                -90.0,
                -90.0,
                65.20000000000033,
                -100,
                -20.0,
                22.00000000000024
            ],
            "wins": [
                false,
                true,
                false,
                false,
                true,
                false,
                false,
                true
            ]
        },
        {
            "gain": -212.79999999999944,
            "fitness": 4.4172247444123585,
            "fitness_balanced": -2.171766480855684,
            "gains": [
                -70.0,
                70,
                -90.0,
                -90.0,
                65.20000000000033,
                -100,
                -20.0,
                22.00000000000024
            ],
            "wins": [
                false,
                true,
                false,
                false,
                true,
                false,
                false,
                true
            ]
        },
        {
            "gain": -212.79999999999944,
            "fitness": 4.4172247444123585,
            "fitness_balanced": -2.171766480855684,
            "gains": [
                -70.0,
                70,
                -90.0,
                -90.0,
                65.20000000000033,
                -100,
                -20.0,
                22.00000000000024
            ],
            "wins": [
                false,
                true,
                false,
                false,
                true,
                false,
                false,
                true
            ]
        },
        {
            "gain": -212.79999999999944,
            "fitness": 4.4172247444123585,
            "fitness_balanced": -2.171766480855684,
            "gains": [
                -70.0,
                70,
                -90.0,
                -90.0,
                65.20000000000033,
                -100,
                -20.0,
                22.00000000000024
            ],
            "wins": [
                false,
                true,
                false,
                false,
                true,
                false,
                false,
                true
            ]
        },
        {
            "gain": -212.79999999999944,
            "fitness": 4.4172247444123585,
            "fitness_balanced": -2.171766480855684,
            "gains": [
                -70.0,
                70,
                -90.0,
                -90.0,
                65.20000000000033,
                -100,
                -20.0,
                22.00000000000024
            ],
            "wins": [
                false,
                true,
                false,
                false,
                true,
                false,
                false,
                true
            ]
        }
    ]
}