{
    "gen": 29,
    "enemies": [
        5
    ],
    "results": [
        {
            "gain": 95.80000000000004,
            "fitness": 94.62417294239874,
            "fitness_balanced": 92.93715536974011,
            "wins": [
                true
            ]
        }
    ]
}