{
    "gen": 29,
    "enemies": [
        7
    ],
    "results": [
        {
            "gain": 26.680000000000263,
            "fitness": 87.20141428889931,
            "fitness_balanced": 48.448141866524054,
            "wins": [
                1.0
            ]
        }
    ]
}