{
    "gen": 29,
    "enemies": [
        7
    ],
    "results": [
        {
            "gain": 8.200000000000232,
            "fitness": 85.47289246928256,
            "fitness_balanced": 48.74814186652405,
            "wins": [
                true
            ]
        }
    ]
}