{
    "gen": 29,
    "enemies": [
        1,
        2,
        3,
        4,
        5,
        6,
        7,
        8
    ],
    "results": [
        {
            "gain": -207.59999999999962,
            "fitness": 14.416004417819458,
            "fitness_balanced": 0.9466685989642016,
            "gains": [
                -90.0,
                -20.0,
                -70.0,
                -60.0,
                50.80000000000031,
                -30.0,
                -80.0,
                91.60000000000008
            ],
            "wins": [
                false,
                false,
                false,
                false,
                true,
                false,
                false,
                true
            ]
        },
        {
            "gain": -207.59999999999962,
            "fitness": 14.416004417819458,
            "fitness_balanced": 0.9466685989642016,
            "gains": [
                -90.0,
                -20.0,
                -70.0,
                -60.0,
                50.80000000000031,
                -30.0,
                -80.0,
                91.60000000000008
            ],
            "wins": [
                false,
                false,
                false,
                false,
                true,
                false,
                false,
                true
            ]
        },
        {
            "gain": -207.59999999999962,
            "fitness": 14.416004417819458,
            "fitness_balanced": 0.9466685989642016,
            "gains": [
                -90.0,
                -20.0,
                -70.0,
                -60.0,
                50.80000000000031,
                -30.0,
                -80.0,
                91.60000000000008
            ],
            "wins": [
                false,
                false,
                false,
                false,
                true,
                false,
                false,
                true
            ]
        },
        {
            "gain": -207.59999999999962,
            "fitness": 14.416004417819458,
            "fitness_balanced": 0.9466685989642016,
            "gains": [
                -90.0,
                -20.0,
                -70.0,
                -60.0,
                50.80000000000031,
                -30.0,
                -80.0,
                91.60000000000008
            ],
            "wins": [
                false,
                false,
                false,
                false,
                true,
                false,
                false,
                true
            ]
        },
        {
            "gain": -207.59999999999962,
            "fitness": 14.416004417819458,
            "fitness_balanced": 0.9466685989642016,
            "gains": [
                -90.0,
                -20.0,
                -70.0,
                -60.0,
                50.80000000000031,
                -30.0,
                -80.0,
                91.60000000000008
            ],
            "wins": [
                false,
                false,
                false,
                false,
                true,
                false,
                false,
                true
            ]
        }
    ]
}