{
    "gen": 29,
    "enemies": [
        8
    ],
    "results": [
        {
            "gain": 74.6800000000002,
            "fitness": 91.80924431447387,
            "fitness_balanced": 90.6238502674262,
            "wins": [
                1.0
            ]
        }
    ]
}