{
    "experiment_name": "[1, 2, 3, 4, 5, 6, 7, 8]_all_enemies_f-rank",
    "enemies": [
        1,
        2,
        3,
        4,
        5,
        6,
        7,
        8
    ],
    "n_hidden_neurons": 10,
    "domain_upper": 1,
    "domain_lower": -1,
    "pop_size": 100,
    "gens": 30,
    "mutation_rate": 0.2,
    "normalization_method": "default",
    "fitness_method": "rank",
    "pick_parent_method": "multinomial",
    "survivor_method": "multinomial",
    "randomini": "no",
    "headless": true,
    "multi_ini": false,
    "crossover_method": "none",
    "mutation_type": "stochastic_decaying",
    "start_new": true,
    "gen": 29,
    "best_default": 36.95993337164366,
    "mean_default": 31.17251584464813,
    "std_default": 5.091596487388864,
    "Q5_default": 25.760385930101403,
    "Q95_default": 36.95993337164366,
    "best_balanced": 40.22468777383674,
    "mean_balanced": 39.6387227387619,
    "std_balanced": 4.7303257045243985,
    "Q5_balanced": 37.47124836940016,
    "Q95_balanced": 42.15735466292245
}