{
    "gen": 299,
    "enemies": [
        1,
        2,
        3,
        4,
        5,
        6,
        7,
        8
    ],
    "results": [
        {
            "gain": 19.400000000001057,
            "fitness": 52.38910672259763,
            "fitness_balanced": 68.31667761151188,
            "gains": [
                -20.0,
                -10.0,
                -10.0,
                -70.0,
                37.60000000000028,
                16.000000000000227,
                27.400000000000254,
                48.400000000000304
            ],
            "wins": [
                false,
                false,
                false,
                false,
                true,
                true,
                true,
                true
            ]
        },
        {
            "gain": 19.400000000001057,
            "fitness": 52.38910672259763,
            "fitness_balanced": 68.31667761151188,
            "gains": [
                -20.0,
                -10.0,
                -10.0,
                -70.0,
                37.60000000000028,
                16.000000000000227,
                27.400000000000254,
                48.400000000000304
            ],
            "wins": [
                false,
                false,
                false,
                false,
                true,
                true,
                true,
                true
            ]
        },
        {
            "gain": 19.400000000001057,
            "fitness": 52.38910672259763,
            "fitness_balanced": 68.31667761151188,
            "gains": [
                -20.0,
                -10.0,
                -10.0,
                -70.0,
                37.60000000000028,
                16.000000000000227,
                27.400000000000254,
                48.400000000000304
            ],
            "wins": [
                false,
                false,
                false,
                false,
                true,
                true,
                true,
                true
            ]
        },
        {
            "gain": 19.400000000001057,
            "fitness": 52.38910672259763,
            "fitness_balanced": 68.31667761151188,
            "gains": [
                -20.0,
                -10.0,
                -10.0,
                -70.0,
                37.60000000000028,
                16.000000000000227,
                27.400000000000254,
                48.400000000000304
            ],
            "wins": [
                false,
                false,
                false,
                false,
                true,
                true,
                true,
                true
            ]
        },
        {
            "gain": 19.400000000001057,
            "fitness": 52.38910672259763,
            "fitness_balanced": 68.31667761151188,
            "gains": [
                -20.0,
                -10.0,
                -10.0,
                -70.0,
                37.60000000000028,
                16.000000000000227,
                27.400000000000254,
                48.400000000000304
            ],
            "wins": [
                false,
                false,
                false,
                false,
                true,
                true,
                true,
                true
            ]
        }
    ]
}