{
    "gen": 29,
    "enemies": [
        1,
        2,
        3,
        4,
        5,
        6,
        7,
        8
    ],
    "results": [
        {
            "gain": -190.08999999999963,
            "fitness": 22.150303994175335,
            "fitness_balanced": 47.27742373192874,
            "wins": [
                0.0,
                1.0,
                0.4,
                0.0,
                0.75,
                0.0,
                0.2,
                0.4
            ]
        }
    ]
}