{
    "gen": 29,
    "enemies": [
        1,
        2,
        3,
        4,
        5,
        6,
        7,
        8
    ],
    "results": [
        {
            "gain": -324.7999999999996,
            "fitness": -1.875806943919855,
            "fitness_balanced": -0.4680601411351315,
            "gains": [
                -100,
                -40.0,
                -90.0,
                -70.0,
                44.200000000000294,
                -70.0,
                91.00000000000009,
                -90.0
            ],
            "wins": [
                false,
                false,
                false,
                false,
                true,
                false,
                true,
                false
            ]
        },
        {
            "gain": -324.7999999999996,
            "fitness": -1.875806943919855,
            "fitness_balanced": -0.4680601411351315,
            "gains": [
                -100,
                -40.0,
                -90.0,
                -70.0,
                44.200000000000294,
                -70.0,
                91.00000000000009,
                -90.0
            ],
            "wins": [
                false,
                false,
                false,
                false,
                true,
                false,
                true,
                false
            ]
        },
        {
            "gain": -324.7999999999996,
            "fitness": -1.875806943919855,
            "fitness_balanced": -0.4680601411351315,
            "gains": [
                -100,
                -40.0,
                -90.0,
                -70.0,
                44.200000000000294,
                -70.0,
                91.00000000000009,
                -90.0
            ],
            "wins": [
                false,
                false,
                false,
                false,
                true,
                false,
                true,
                false
            ]
        },
        {
            "gain": -324.7999999999996,
            "fitness": -1.875806943919855,
            "fitness_balanced": -0.4680601411351315,
            "gains": [
                -100,
                -40.0,
                -90.0,
                -70.0,
                44.200000000000294,
                -70.0,
                91.00000000000009,
                -90.0
            ],
            "wins": [
                false,
                false,
                false,
                false,
                true,
                false,
                true,
                false
            ]
        },
        {
            "gain": -324.7999999999996,
            "fitness": -1.875806943919855,
            "fitness_balanced": -0.4680601411351315,
            "gains": [
                -100,
                -40.0,
                -90.0,
                -70.0,
                44.200000000000294,
                -70.0,
                91.00000000000009,
                -90.0
            ],
            "wins": [
                false,
                false,
                false,
                false,
                true,
                false,
                true,
                false
            ]
        }
    ]
}