{
    "gen": 29,
    "enemies": [
        1,
        2,
        3,
        4,
        5,
        6,
        7,
        8
    ],
    "results": [
        {
            "gain": -137.9999999999999,
            "fitness": 5.097874882012988,
            "fitness_balanced": -3.6516552455674542,
            "gains": [
                100,
                64,
                -60.0,
                -70.0,
                88.00000000000011,
                -90.0,
                -90.0,
                -80.0
            ],
            "wins": [
                true,
                true,
                false,
                false,
                true,
                false,
                false,
                false
            ]
        },
        {
            "gain": -137.9999999999999,
            "fitness": 5.097874882012988,
            "fitness_balanced": -3.6516552455674542,
            "gains": [
                100,
                64,
                -60.0,
                -70.0,
                88.00000000000011,
                -90.0,
                -90.0,
                -80.0
            ],
            "wins": [
                true,
                true,
                false,
                false,
                true,
                false,
                false,
                false
            ]
        },
        {
            "gain": -137.9999999999999,
            "fitness": 5.097874882012988,
            "fitness_balanced": -3.6516552455674542,
            "gains": [
                100,
                64,
                -60.0,
                -70.0,
                88.00000000000011,
                -90.0,
                -90.0,
                -80.0
            ],
            "wins": [
                true,
                true,
                false,
                false,
                true,
                false,
                false,
                false
            ]
        },
        {
            "gain": -137.9999999999999,
            "fitness": 5.097874882012988,
            "fitness_balanced": -3.6516552455674542,
            "gains": [
                100,
                64,
                -60.0,
                -70.0,
                88.00000000000011,
                -90.0,
                -90.0,
                -80.0
            ],
            "wins": [
                true,
                true,
                false,
                false,
                true,
                false,
                false,
                false
            ]
        },
        {
            "gain": -137.9999999999999,
            "fitness": 5.097874882012988,
            "fitness_balanced": -3.6516552455674542,
            "gains": [
                100,
                64,
                -60.0,
                -70.0,
                88.00000000000011,
                -90.0,
                -90.0,
                -80.0
            ],
            "wins": [
                true,
                true,
                false,
                false,
                true,
                false,
                false,
                false
            ]
        }
    ]
}