{
    "gen": 29,
    "enemies": [
        1,
        2,
        3,
        4,
        5,
        6,
        7,
        8
    ],
    "results": [
        {
            "gain": -94.59999999999971,
            "fitness": 13.75767765290609,
            "fitness_balanced": 1.4543536623693214,
            "gains": [
                -50.0,
                -60.0,
                76,
                -80.0,
                82.00000000000017,
                -90.0,
                87.40000000000012,
                -60.0
            ],
            "wins": [
                false,
                false,
                true,
                false,
                true,
                false,
                true,
                false
            ]
        },
        {
            "gain": -94.59999999999971,
            "fitness": 13.75767765290609,
            "fitness_balanced": 1.4543536623693214,
            "gains": [
                -50.0,
                -60.0,
                76,
                -80.0,
                82.00000000000017,
                -90.0,
                87.40000000000012,
                -60.0
            ],
            "wins": [
                false,
                false,
                true,
                false,
                true,
                false,
                true,
                false
            ]
        },
        {
            "gain": -94.59999999999971,
            "fitness": 13.75767765290609,
            "fitness_balanced": 1.4543536623693214,
            "gains": [
                -50.0,
                -60.0,
                76,
                -80.0,
                82.00000000000017,
                -90.0,
                87.40000000000012,
                -60.0
            ],
            "wins": [
                false,
                false,
                true,
                false,
                true,
                false,
                true,
                false
            ]
        },
        {
            "gain": -94.59999999999971,
            "fitness": 13.75767765290609,
            "fitness_balanced": 1.4543536623693214,
            "gains": [
                -50.0,
                -60.0,
                76,
                -80.0,
                82.00000000000017,
                -90.0,
                87.40000000000012,
                -60.0
            ],
            "wins": [
                false,
                false,
                true,
                false,
                true,
                false,
                true,
                false
            ]
        },
        {
            "gain": -94.59999999999971,
            "fitness": 13.75767765290609,
            "fitness_balanced": 1.4543536623693214,
            "gains": [
                -50.0,
                -60.0,
                76,
                -80.0,
                82.00000000000017,
                -90.0,
                87.40000000000012,
                -60.0
            ],
            "wins": [
                false,
                false,
                true,
                false,
                true,
                false,
                true,
                false
            ]
        }
    ]
}