{
    "gen": 29,
    "enemies": [
        4
    ],
    "results": [
        {
            "gain": 48.76000000000031,
            "fitness": 88.10632190526059,
            "fitness_balanced": 71.30541341912367,
            "wins": [
                1.0
            ]
        }
    ]
}