{
    "gen": 29,
    "enemies": [
        1,
        2,
        3,
        4,
        5,
        6,
        7,
        8
    ],
    "results": [
        {
            "gain": -83.79999999999947,
            "fitness": 19.931151237319696,
            "fitness_balanced": 6.590302248177608,
            "gains": [
                -70.0,
                74,
                -40.0,
                -60.0,
                55.00000000000032,
                -100,
                -20.0,
                77.20000000000022
            ],
            "wins": [
                false,
                true,
                false,
                false,
                true,
                false,
                false,
                true
            ]
        },
        {
            "gain": -83.79999999999947,
            "fitness": 19.931151237319696,
            "fitness_balanced": 6.590302248177608,
            "gains": [
                -70.0,
                74,
                -40.0,
                -60.0,
                55.00000000000032,
                -100,
                -20.0,
                77.20000000000022
            ],
            "wins": [
                false,
                true,
                false,
                false,
                true,
                false,
                false,
                true
            ]
        },
        {
            "gain": -83.79999999999947,
            "fitness": 19.931151237319696,
            "fitness_balanced": 6.590302248177608,
            "gains": [
                -70.0,
                74,
                -40.0,
                -60.0,
                55.00000000000032,
                -100,
                -20.0,
                77.20000000000022
            ],
            "wins": [
                false,
                true,
                false,
                false,
                true,
                false,
                false,
                true
            ]
        },
        {
            "gain": -83.79999999999947,
            "fitness": 19.931151237319696,
            "fitness_balanced": 6.590302248177608,
            "gains": [
                -70.0,
                74,
                -40.0,
                -60.0,
                55.00000000000032,
                -100,
                -20.0,
                77.20000000000022
            ],
            "wins": [
                false,
                true,
                false,
                false,
                true,
                false,
                false,
                true
            ]
        },
        {
            "gain": -83.79999999999947,
            "fitness": 19.931151237319696,
            "fitness_balanced": 6.590302248177608,
            "gains": [
                -70.0,
                74,
                -40.0,
                -60.0,
                55.00000000000032,
                -100,
                -20.0,
                77.20000000000022
            ],
            "wins": [
                false,
                true,
                false,
                false,
                true,
                false,
                false,
                true
            ]
        }
    ]
}