{
    "gen": 29,
    "enemies": [
        8
    ],
    "results": [
        {
            "gain": 31.160000000000174,
            "fitness": 83.93695627024782,
            "fitness_balanced": 78.67641489804777,
            "wins": [
                0.6
            ]
        }
    ]
}