{
    "gen": 29,
    "enemies": [
        1,
        2,
        3,
        4,
        5,
        6,
        7,
        8
    ],
    "results": [
        {
            "gain": -265.59999999999997,
            "fitness": 3.6462806151325466,
            "fitness_balanced": 9.091917061831069,
            "gains": [
                -50.0,
                68,
                -50.0,
                -70.0,
                96.40000000000003,
                -100,
                -90.0,
                -70.0
            ],
            "wins": [
                false,
                true,
                false,
                false,
                true,
                false,
                false,
                false
            ]
        },
        {
            "gain": -265.59999999999997,
            "fitness": 3.6462806151325466,
            "fitness_balanced": 9.091917061831069,
            "gains": [
                -50.0,
                68,
                -50.0,
                -70.0,
                96.40000000000003,
                -100,
                -90.0,
                -70.0
            ],
            "wins": [
                false,
                true,
                false,
                false,
                true,
                false,
                false,
                false
            ]
        },
        {
            "gain": -265.59999999999997,
            "fitness": 3.6462806151325466,
            "fitness_balanced": 9.091917061831069,
            "gains": [
                -50.0,
                68,
                -50.0,
                -70.0,
                96.40000000000003,
                -100,
                -90.0,
                -70.0
            ],
            "wins": [
                false,
                true,
                false,
                false,
                true,
                false,
                false,
                false
            ]
        },
        {
            "gain": -265.59999999999997,
            "fitness": 3.6462806151325466,
            "fitness_balanced": 9.091917061831069,
            "gains": [
                -50.0,
                68,
                -50.0,
                -70.0,
                96.40000000000003,
                -100,
                -90.0,
                -70.0
            ],
            "wins": [
                false,
                true,
                false,
                false,
                true,
                false,
                false,
                false
            ]
        },
        {
            "gain": -265.59999999999997,
            "fitness": 3.6462806151325466,
            "fitness_balanced": 9.091917061831069,
            "gains": [
                -50.0,
                68,
                -50.0,
                -70.0,
                96.40000000000003,
                -100,
                -90.0,
                -70.0
            ],
            "wins": [
                false,
                true,
                false,
                false,
                true,
                false,
                false,
                false
            ]
        }
    ]
}