{
    "gen": 29,
    "enemies": [
        7
    ],
    "results": [
        {
            "gain": -17.11999999999997,
            "fitness": 55.367492522406145,
            "fitness_balanced": 38.969314739738735,
            "wins": [
                0.2
            ]
        }
    ]
}