{
    "gen": 29,
    "enemies": [
        7
    ],
    "results": [
        {
            "gain": 84.40000000000015,
            "fitness": 93.45639337829168,
            "fitness_balanced": 87.20956741322134,
            "wins": [
                true
            ]
        }
    ]
}