{
    "gen": 29,
    "enemies": [
        1,
        2,
        3,
        4,
        5,
        6,
        7,
        8
    ],
    "results": [
        {
            "gain": -304.39999999999947,
            "fitness": 8.562897700264053,
            "fitness_balanced": 33.815851109062514,
            "gains": [
                -100,
                -20.0,
                -60.0,
                -70.0,
                54.40000000000032,
                11.20000000000023,
                -100,
                -20.0
            ],
            "wins": [
                false,
                false,
                false,
                false,
                true,
                true,
                false,
                false
            ]
        },
        {
            "gain": -304.39999999999947,
            "fitness": 8.562897700264053,
            "fitness_balanced": 33.815851109062514,
            "gains": [
                -100,
                -20.0,
                -60.0,
                -70.0,
                54.40000000000032,
                11.20000000000023,
                -100,
                -20.0
            ],
            "wins": [
                false,
                false,
                false,
                false,
                true,
                true,
                false,
                false
            ]
        },
        {
            "gain": -304.39999999999947,
            "fitness": 8.562897700264053,
            "fitness_balanced": 33.815851109062514,
            "gains": [
                -100,
                -20.0,
                -60.0,
                -70.0,
                54.40000000000032,
                11.20000000000023,
                -100,
                -20.0
            ],
            "wins": [
                false,
                false,
                false,
                false,
                true,
                true,
                false,
                false
            ]
        },
        {
            "gain": -304.39999999999947,
            "fitness": 8.562897700264053,
            "fitness_balanced": 33.815851109062514,
            "gains": [
                -100,
                -20.0,
                -60.0,
                -70.0,
                54.40000000000032,
                11.20000000000023,
                -100,
                -20.0
            ],
            "wins": [
                false,
                false,
                false,
                false,
                true,
                true,
                false,
                false
            ]
        },
        {
            "gain": -304.39999999999947,
            "fitness": 8.562897700264053,
            "fitness_balanced": 33.815851109062514,
            "gains": [
                -100,
                -20.0,
                -60.0,
                -70.0,
                54.40000000000032,
                11.20000000000023,
                -100,
                -20.0
            ],
            "wins": [
                false,
                false,
                false,
                false,
                true,
                true,
                false,
                false
            ]
        }
    ]
}