{
    "gen": 29,
    "enemies": [
        5
    ],
    "results": [
        {
            "gain": 81.10000000000018,
            "fitness": 92.61837862686362,
            "fitness_balanced": 89.51550493721096,
            "wins": [
                1.0
            ]
        }
    ]
}