{
    "gen": 29,
    "enemies": [
        1,
        2,
        3,
        4,
        5,
        6,
        7,
        8
    ],
    "results": [
        {
            "gain": -131.79999999999924,
            "fitness": 24.82137029586883,
            "fitness_balanced": 59.05645558296877,
            "gains": [
                -100,
                48,
                -50.0,
                -60.0,
                33.40000000000027,
                -40.0,
                7.000000000000233,
                29.80000000000026
            ],
            "wins": [
                false,
                true,
                false,
                false,
                true,
                false,
                true,
                true
            ]
        },
        {
            "gain": -131.79999999999924,
            "fitness": 24.82137029586883,
            "fitness_balanced": 59.05645558296877,
            "gains": [
                -100,
                48,
                -50.0,
                -60.0,
                33.40000000000027,
                -40.0,
                7.000000000000233,
                29.80000000000026
            ],
            "wins": [
                false,
                true,
                false,
                false,
                true,
                false,
                true,
                true
            ]
        },
        {
            "gain": -131.79999999999924,
            "fitness": 24.82137029586883,
            "fitness_balanced": 59.05645558296877,
            "gains": [
                -100,
                48,
                -50.0,
                -60.0,
                33.40000000000027,
                -40.0,
                7.000000000000233,
                29.80000000000026
            ],
            "wins": [
                false,
                true,
                false,
                false,
                true,
                false,
                true,
                true
            ]
        },
        {
            "gain": -131.79999999999924,
            "fitness": 24.82137029586883,
            "fitness_balanced": 59.05645558296877,
            "gains": [
                -100,
                48,
                -50.0,
                -60.0,
                33.40000000000027,
                -40.0,
                7.000000000000233,
                29.80000000000026
            ],
            "wins": [
                false,
                true,
                false,
                false,
                true,
                false,
                true,
                true
            ]
        },
        {
            "gain": -131.79999999999924,
            "fitness": 24.82137029586883,
            "fitness_balanced": 59.05645558296877,
            "gains": [
                -100,
                48,
                -50.0,
                -60.0,
                33.40000000000027,
                -40.0,
                7.000000000000233,
                29.80000000000026
            ],
            "wins": [
                false,
                true,
                false,
                false,
                true,
                false,
                true,
                true
            ]
        }
    ]
}