{
    "gen": 29,
    "enemies": [
        1,
        2,
        3,
        4,
        5,
        6,
        7,
        8
    ],
    "results": [
        {
            "gain": -478.5999999999998,
            "fitness": 0.4103633323812055,
            "fitness_balanced": -3.050041208590585,
            "gains": [
                -100,
                -60.0,
                -60.0,
                -90.0,
                21.40000000000024,
                -50.0,
                -100,
                -40.0
            ],
            "wins": [
                false,
                false,
                false,
                false,
                true,
                false,
                false,
                false
            ]
        },
        {
            "gain": -478.5999999999998,
            "fitness": 0.4103633323812055,
            "fitness_balanced": -3.050041208590585,
            "gains": [
                -100,
                -60.0,
                -60.0,
                -90.0,
                21.40000000000024,
                -50.0,
                -100,
                -40.0
            ],
            "wins": [
                false,
                false,
                false,
                false,
                true,
                false,
                false,
                false
            ]
        },
        {
            "gain": -478.5999999999998,
            "fitness": 0.4103633323812055,
            "fitness_balanced": -3.050041208590585,
            "gains": [
                -100,
                -60.0,
                -60.0,
                -90.0,
                21.40000000000024,
                -50.0,
                -100,
                -40.0
            ],
            "wins": [
                false,
                false,
                false,
                false,
                true,
                false,
                false,
                false
            ]
        },
        {
            "gain": -478.5999999999998,
            "fitness": 0.4103633323812055,
            "fitness_balanced": -3.050041208590585,
            "gains": [
                -100,
                -60.0,
                -60.0,
                -90.0,
                21.40000000000024,
                -50.0,
                -100,
                -40.0
            ],
            "wins": [
                false,
                false,
                false,
                false,
                true,
                false,
                false,
                false
            ]
        },
        {
            "gain": -478.5999999999998,
            "fitness": 0.4103633323812055,
            "fitness_balanced": -3.050041208590585,
            "gains": [
                -100,
                -60.0,
                -60.0,
                -90.0,
                21.40000000000024,
                -50.0,
                -100,
                -40.0
            ],
            "wins": [
                false,
                false,
                false,
                false,
                true,
                false,
                false,
                false
            ]
        }
    ]
}