{
    "gen": 29,
    "enemies": [
        4
    ],
    "results": [
        {
            "gain": -31.27999999999988,
            "fitness": 41.9321620276162,
            "fitness_balanced": 3.4083262679913418,
            "wins": [
                0.4
            ]
        }
    ]
}