{
    "gen": 29,
    "enemies": [
        4
    ],
    "results": [
        {
            "gain": 80.80000000000018,
            "fitness": 91.22353801540542,
            "fitness_balanced": 83.5424859374547,
            "wins": [
                true
            ]
        }
    ]
}