{
    "gen": 29,
    "enemies": [
        8
    ],
    "results": [
        {
            "gain": 19.600000000000236,
            "fitness": 73.40631091881576,
            "fitness_balanced": 74.17641489804778,
            "wins": [
                0.8
            ]
        }
    ]
}