{
    "gen": 29,
    "enemies": [
        7
    ],
    "results": [
        {
            "gain": 29.360000000000177,
            "fitness": 84.1458319605525,
            "fitness_balanced": 78.63193985886502,
            "wins": [
                0.6
            ]
        }
    ]
}