{
    "gen": 29,
    "enemies": [
        2
    ],
    "results": [
        {
            "gain": 81.2,
            "fitness": 93.0889444157697,
            "fitness_balanced": 84.91859563501554,
            "wins": [
                1.0
            ]
        }
    ]
}