{
    "gen": 29,
    "enemies": [
        1,
        2,
        3,
        4,
        5,
        6,
        7,
        8
    ],
    "results": [
        {
            "gain": -245.19999999999953,
            "fitness": 0.05891355884472915,
            "fitness_balanced": -5.647402596334885,
            "gains": [
                -50.0,
                -70.0,
                14,
                68.8000000000003,
                82.00000000000017,
                -100,
                -100,
                -90.0
            ],
            "wins": [
                false,
                false,
                true,
                true,
                true,
                false,
                false,
                false
            ]
        },
        {
            "gain": -245.19999999999953,
            "fitness": 0.05891355884472915,
            "fitness_balanced": -5.647402596334885,
            "gains": [
                -50.0,
                -70.0,
                14,
                68.8000000000003,
                82.00000000000017,
                -100,
                -100,
                -90.0
            ],
            "wins": [
                false,
                false,
                true,
                true,
                true,
                false,
                false,
                false
            ]
        },
        {
            "gain": -245.19999999999953,
            "fitness": 0.05891355884472915,
            "fitness_balanced": -5.647402596334885,
            "gains": [
                -50.0,
                -70.0,
                14,
                68.8000000000003,
                82.00000000000017,
                -100,
                -100,
                -90.0
            ],
            "wins": [
                false,
                false,
                true,
                true,
                true,
                false,
                false,
                false
            ]
        },
        {
            "gain": -245.19999999999953,
            "fitness": 0.05891355884472915,
            "fitness_balanced": -5.647402596334885,
            "gains": [
                -50.0,
                -70.0,
                14,
                68.8000000000003,
                82.00000000000017,
                -100,
                -100,
                -90.0
            ],
            "wins": [
                false,
                false,
                true,
                true,
                true,
                false,
                false,
                false
            ]
        },
        {
            "gain": -245.19999999999953,
            "fitness": 0.05891355884472915,
            "fitness_balanced": -5.647402596334885,
            "gains": [
                -50.0,
                -70.0,
                14,
                68.8000000000003,
                82.00000000000017,
                -100,
                -100,
                -90.0
            ],
            "wins": [
                false,
                false,
                true,
                true,
                true,
                false,
                false,
                false
            ]
        }
    ]
}