{
    "gen": 29,
    "enemies": [
        2
    ],
    "results": [
        {
            "gain": 78.8,
            "fitness": 92.83302608025114,
            "fitness_balanced": 84.92482618476618,
            "wins": [
                1.0
            ]
        }
    ]
}