{
    "gen": 29,
    "enemies": [
        6
    ],
    "results": [
        {
            "gain": -37.91999999999991,
            "fitness": 48.33021957476956,
            "fitness_balanced": 45.49949082595742,
            "wins": [
                0.4
            ]
        }
    ]
}