{
    "gen": 29,
    "enemies": [
        1,
        2,
        3,
        4,
        5,
        6,
        7,
        8
    ],
    "results": [
        {
            "gain": -305.99999999999966,
            "fitness": 0.7628771850844487,
            "fitness_balanced": 83.14670840550234,
            "gains": [
                -70.0,
                -50.0,
                -50.0,
                -10.0,
                -2.5999999999998806,
                -100,
                -100,
                76.60000000000022
            ],
            "wins": [
                false,
                false,
                false,
                false,
                false,
                false,
                false,
                true
            ]
        },
        {
            "gain": -305.99999999999966,
            "fitness": 0.7628771850844487,
            "fitness_balanced": 83.14670840550234,
            "gains": [
                -70.0,
                -50.0,
                -50.0,
                -10.0,
                -2.5999999999998806,
                -100,
                -100,
                76.60000000000022
            ],
            "wins": [
                false,
                false,
                false,
                false,
                false,
                false,
                false,
                true
            ]
        },
        {
            "gain": -305.99999999999966,
            "fitness": 0.7628771850844487,
            "fitness_balanced": 83.14670840550234,
            "gains": [
                -70.0,
                -50.0,
                -50.0,
                -10.0,
                -2.5999999999998806,
                -100,
                -100,
                76.60000000000022
            ],
            "wins": [
                false,
                false,
                false,
                false,
                false,
                false,
                false,
                true
            ]
        },
        {
            "gain": -305.99999999999966,
            "fitness": 0.7628771850844487,
            "fitness_balanced": 83.14670840550234,
            "gains": [
                -70.0,
                -50.0,
                -50.0,
                -10.0,
                -2.5999999999998806,
                -100,
                -100,
                76.60000000000022
            ],
            "wins": [
                false,
                false,
                false,
                false,
                false,
                false,
                false,
                true
            ]
        },
        {
            "gain": -305.99999999999966,
            "fitness": 0.7628771850844487,
            "fitness_balanced": 83.14670840550234,
            "gains": [
                -70.0,
                -50.0,
                -50.0,
                -10.0,
                -2.5999999999998806,
                -100,
                -100,
                76.60000000000022
            ],
            "wins": [
                false,
                false,
                false,
                false,
                false,
                false,
                false,
                true
            ]
        }
    ]
}