{
    "gen": 29,
    "enemies": [
        8
    ],
    "results": [
        {
            "gain": 76.60000000000022,
            "fitness": 92.51250552318658,
            "fitness_balanced": 83.14670840550234,
            "wins": [
                true
            ]
        }
    ]
}