{
    "gen": 29,
    "enemies": [
        8
    ],
    "results": [
        {
            "gain": -1.3599999999999113,
            "fitness": 58.65367387296126,
            "fitness_balanced": 83.14670840550234,
            "wins": [
                0.4
            ]
        }
    ]
}