{
    "gen": 29,
    "enemies": [
        1,
        2,
        3,
        4,
        5,
        6,
        7,
        8
    ],
    "results": [
        {
            "gain": -125.19999999999911,
            "fitness": 22.92894254861575,
            "fitness_balanced": 9.536709551639891,
            "gains": [
                -70.0,
                8,
                -70.0,
                -80.0,
                46.0000000000003,
                62.20000000000034,
                -50.0,
                28.600000000000257
            ],
            "wins": [
                false,
                true,
                false,
                false,
                true,
                true,
                false,
                true
            ]
        },
        {
            "gain": -125.19999999999911,
            "fitness": 22.92894254861575,
            "fitness_balanced": 9.536709551639891,
            "gains": [
                -70.0,
                8,
                -70.0,
                -80.0,
                46.0000000000003,
                62.20000000000034,
                -50.0,
                28.600000000000257
            ],
            "wins": [
                false,
                true,
                false,
                false,
                true,
                true,
                false,
                true
            ]
        },
        {
            "gain": -125.19999999999911,
            "fitness": 22.92894254861575,
            "fitness_balanced": 9.536709551639891,
            "gains": [
                -70.0,
                8,
                -70.0,
                -80.0,
                46.0000000000003,
                62.20000000000034,
                -50.0,
                28.600000000000257
            ],
            "wins": [
                false,
                true,
                false,
                false,
                true,
                true,
                false,
                true
            ]
        },
        {
            "gain": -125.19999999999911,
            "fitness": 22.92894254861575,
            "fitness_balanced": 9.536709551639891,
            "gains": [
                -70.0,
                8,
                -70.0,
                -80.0,
                46.0000000000003,
                62.20000000000034,
                -50.0,
                28.600000000000257
            ],
            "wins": [
                false,
                true,
                false,
                false,
                true,
                true,
                false,
                true
            ]
        },
        {
            "gain": -125.19999999999911,
            "fitness": 22.92894254861575,
            "fitness_balanced": 9.536709551639891,
            "gains": [
                -70.0,
                8,
                -70.0,
                -80.0,
                46.0000000000003,
                62.20000000000034,
                -50.0,
                28.600000000000257
            ],
            "wins": [
                false,
                true,
                false,
                false,
                true,
                true,
                false,
                true
            ]
        }
    ]
}