{
    "gen": 19,
    "enemies": [
        7
    ],
    "results": [
        {
            "gain": 10.60000000000023,
            "fitness": 85.34957298262515,
            "fitness_balanced": 49.58626719449075,
            "wins": [
                true
            ]
        }
    ]
}