{
    "gen": 29,
    "enemies": [
        1,
        2,
        3,
        4,
        5,
        6,
        7,
        8
    ],
    "results": [
        {
            "gain": -81.39999999999972,
            "fitness": 20.828257826333825,
            "fitness_balanced": 6.329479886010752,
            "gains": [
                -50.0,
                72,
                76,
                -80.0,
                70.60000000000028,
                -80.0,
                -30.0,
                -60.0
            ],
            "wins": [
                false,
                true,
                true,
                false,
                true,
                false,
                false,
                false
            ]
        },
        {
            "gain": -81.39999999999972,
            "fitness": 20.828257826333825,
            "fitness_balanced": 6.329479886010752,
            "gains": [
                -50.0,
                72,
                76,
                -80.0,
                70.60000000000028,
                -80.0,
                -30.0,
                -60.0
            ],
            "wins": [
                false,
                true,
                true,
                false,
                true,
                false,
                false,
                false
            ]
        },
        {
            "gain": -81.39999999999972,
            "fitness": 20.828257826333825,
            "fitness_balanced": 6.329479886010752,
            "gains": [
                -50.0,
                72,
                76,
                -80.0,
                70.60000000000028,
                -80.0,
                -30.0,
                -60.0
            ],
            "wins": [
                false,
                true,
                true,
                false,
                true,
                false,
                false,
                false
            ]
        },
        {
            "gain": -81.39999999999972,
            "fitness": 20.828257826333825,
            "fitness_balanced": 6.329479886010752,
            "gains": [
                -50.0,
                72,
                76,
                -80.0,
                70.60000000000028,
                -80.0,
                -30.0,
                -60.0
            ],
            "wins": [
                false,
                true,
                true,
                false,
                true,
                false,
                false,
                false
            ]
        },
        {
            "gain": -81.39999999999972,
            "fitness": 20.828257826333825,
            "fitness_balanced": 6.329479886010752,
            "gains": [
                -50.0,
                72,
                76,
                -80.0,
                70.60000000000028,
                -80.0,
                -30.0,
                -60.0
            ],
            "wins": [
                false,
                true,
                true,
                false,
                true,
                false,
                false,
                false
            ]
        }
    ]
}