{
    "gen": 29,
    "enemies": [
        1,
        2,
        3,
        4,
        5,
        6,
        7,
        8
    ],
    "results": [
        {
            "gain": -114.39999999999941,
            "fitness": 9.350476809777966,
            "fitness_balanced": 0.5250955495741536,
            "gains": [
                -10.0,
                88,
                -70.0,
                -80.0,
                74.20000000000024,
                -100,
                -80.0,
                63.40000000000034
            ],
            "wins": [
                false,
                true,
                false,
                false,
                true,
                false,
                false,
                true
            ]
        },
        {
            "gain": -114.39999999999941,
            "fitness": 9.350476809777966,
            "fitness_balanced": 0.5250955495741536,
            "gains": [
                -10.0,
                88,
                -70.0,
                -80.0,
                74.20000000000024,
                -100,
                -80.0,
                63.40000000000034
            ],
            "wins": [
                false,
                true,
                false,
                false,
                true,
                false,
                false,
                true
            ]
        },
        {
            "gain": -114.39999999999941,
            "fitness": 9.350476809777966,
            "fitness_balanced": 0.5250955495741536,
            "gains": [
                -10.0,
                88,
                -70.0,
                -80.0,
                74.20000000000024,
                -100,
                -80.0,
                63.40000000000034
            ],
            "wins": [
                false,
                true,
                false,
                false,
                true,
                false,
                false,
                true
            ]
        },
        {
            "gain": -114.39999999999941,
            "fitness": 9.350476809777966,
            "fitness_balanced": 0.5250955495741536,
            "gains": [
                -10.0,
                88,
                -70.0,
                -80.0,
                74.20000000000024,
                -100,
                -80.0,
                63.40000000000034
            ],
            "wins": [
                false,
                true,
                false,
                false,
                true,
                false,
                false,
                true
            ]
        },
        {
            "gain": -114.39999999999941,
            "fitness": 9.350476809777966,
            "fitness_balanced": 0.5250955495741536,
            "gains": [
                -10.0,
                88,
                -70.0,
                -80.0,
                74.20000000000024,
                -100,
                -80.0,
                63.40000000000034
            ],
            "wins": [
                false,
                true,
                false,
                false,
                true,
                false,
                false,
                true
            ]
        }
    ]
}