{
    "gen": 29,
    "enemies": [
        4
    ],
    "results": [
        {
            "gain": 48.8800000000003,
            "fitness": 88.46646470535993,
            "fitness_balanced": 67.45905345936723,
            "wins": [
                1.0
            ]
        }
    ]
}