{
    "gen": 29,
    "enemies": [
        1,
        2,
        3,
        4,
        5,
        6,
        7,
        8
    ],
    "results": [
        {
            "gain": -263.59999999999974,
            "fitness": 10.518347351251919,
            "fitness_balanced": -0.9575367144814493,
            "gains": [
                -90.0,
                54,
                -50.0,
                -80.0,
                -50.0,
                -80.0,
                -40.0,
                72.40000000000026
            ],
            "wins": [
                false,
                true,
                false,
                false,
                false,
                false,
                false,
                true
            ]
        },
        {
            "gain": -263.59999999999974,
            "fitness": 10.518347351251919,
            "fitness_balanced": -0.9575367144814493,
            "gains": [
                -90.0,
                54,
                -50.0,
                -80.0,
                -50.0,
                -80.0,
                -40.0,
                72.40000000000026
            ],
            "wins": [
                false,
                true,
                false,
                false,
                false,
                false,
                false,
                true
            ]
        },
        {
            "gain": -263.59999999999974,
            "fitness": 10.518347351251919,
            "fitness_balanced": -0.9575367144814493,
            "gains": [
                -90.0,
                54,
                -50.0,
                -80.0,
                -50.0,
                -80.0,
                -40.0,
                72.40000000000026
            ],
            "wins": [
                false,
                true,
                false,
                false,
                false,
                false,
                false,
                true
            ]
        },
        {
            "gain": -263.59999999999974,
            "fitness": 10.518347351251919,
            "fitness_balanced": -0.9575367144814493,
            "gains": [
                -90.0,
                54,
                -50.0,
                -80.0,
                -50.0,
                -80.0,
                -40.0,
                72.40000000000026
            ],
            "wins": [
                false,
                true,
                false,
                false,
                false,
                false,
                false,
                true
            ]
        },
        {
            "gain": -263.59999999999974,
            "fitness": 10.518347351251919,
            "fitness_balanced": -0.9575367144814493,
            "gains": [
                -90.0,
                54,
                -50.0,
                -80.0,
                -50.0,
                -80.0,
                -40.0,
                72.40000000000026
            ],
            "wins": [
                false,
                true,
                false,
                false,
                false,
                false,
                false,
                true
            ]
        }
    ]
}