{
    "gen": 29,
    "enemies": [
        1,
        2,
        3,
        4,
        5,
        6,
        7,
        8
    ],
    "results": [
        {
            "gain": -356.1999999999997,
            "fitness": -6.7076249387064735,
            "fitness_balanced": 59.05645558296877,
            "gains": [
                -100,
                84,
                -70.0,
                -90.0,
                -90.0,
                -100,
                -20.0,
                29.80000000000026
            ],
            "wins": [
                false,
                true,
                false,
                false,
                false,
                false,
                false,
                true
            ]
        },
        {
            "gain": -356.1999999999997,
            "fitness": -6.7076249387064735,
            "fitness_balanced": 59.05645558296877,
            "gains": [
                -100,
                84,
                -70.0,
                -90.0,
                -90.0,
                -100,
                -20.0,
                29.80000000000026
            ],
            "wins": [
                false,
                true,
                false,
                false,
                false,
                false,
                false,
                true
            ]
        },
        {
            "gain": -356.1999999999997,
            "fitness": -6.7076249387064735,
            "fitness_balanced": 59.05645558296877,
            "gains": [
                -100,
                84,
                -70.0,
                -90.0,
                -90.0,
                -100,
                -20.0,
                29.80000000000026
            ],
            "wins": [
                false,
                true,
                false,
                false,
                false,
                false,
                false,
                true
            ]
        },
        {
            "gain": -356.1999999999997,
            "fitness": -6.7076249387064735,
            "fitness_balanced": 59.05645558296877,
            "gains": [
                -100,
                84,
                -70.0,
                -90.0,
                -90.0,
                -100,
                -20.0,
                29.80000000000026
            ],
            "wins": [
                false,
                true,
                false,
                false,
                false,
                false,
                false,
                true
            ]
        },
        {
            "gain": -356.1999999999997,
            "fitness": -6.7076249387064735,
            "fitness_balanced": 59.05645558296877,
            "gains": [
                -100,
                84,
                -70.0,
                -90.0,
                -90.0,
                -100,
                -20.0,
                29.80000000000026
            ],
            "wins": [
                false,
                true,
                false,
                false,
                false,
                false,
                false,
                true
            ]
        }
    ]
}