{
    "gen": 29,
    "enemies": [
        6
    ],
    "results": [
        {
            "gain": -44.0,
            "fitness": 45.00140787487925,
            "fitness_balanced": 29.416503691218303,
            "wins": [
                0.0
            ]
        }
    ]
}