{
    "gen": 29,
    "enemies": [
        2
    ],
    "results": [
        {
            "gain": 77.2,
            "fitness": 92.56618205477548,
            "fitness_balanced": 84.92482618476618,
            "wins": [
                1.0
            ]
        }
    ]
}