{
    "gen": 29,
    "enemies": [
        2
    ],
    "results": [
        {
            "gain": 84,
            "fitness": 93.2070431491098,
            "fitness_balanced": 86.80150296873417,
            "wins": [
                true
            ]
        }
    ]
}