{
    "gen": 14,
    "enemies": [
        5
    ],
    "results": [
        {
            "gain": -100,
            "fitness": -6.842683282238422,
            "fitness_balanced": -6.843749949006225,
            "wins": [
                false
            ]
        }
    ]
}