{
    "gen": 29,
    "enemies": [
        7
    ],
    "results": [
        {
            "gain": 49.000000000000306,
            "fitness": 89.43616819497443,
            "fitness_balanced": 69.03193985886503,
            "wins": [
                true
            ]
        }
    ]
}