{
    "gen": 29,
    "enemies": [
        1,
        2,
        3,
        4,
        5,
        6,
        7,
        8
    ],
    "results": [
        {
            "gain": -367.3999999999995,
            "fitness": -6.456361256651164,
            "fitness_balanced": -8.839322275422752,
            "gains": [
                -100,
                28,
                -70.0,
                -90.0,
                -84.79999999999977,
                -100,
                -20.0,
                69.40000000000029
            ],
            "wins": [
                false,
                true,
                false,
                false,
                false,
                false,
                false,
                true
            ]
        },
        {
            "gain": -367.3999999999995,
            "fitness": -6.456361256651164,
            "fitness_balanced": -8.839322275422752,
            "gains": [
                -100,
                28,
                -70.0,
                -90.0,
                -84.79999999999977,
                -100,
                -20.0,
                69.40000000000029
            ],
            "wins": [
                false,
                true,
                false,
                false,
                false,
                false,
                false,
                true
            ]
        },
        {
            "gain": -367.3999999999995,
            "fitness": -6.456361256651164,
            "fitness_balanced": -8.839322275422752,
            "gains": [
                -100,
                28,
                -70.0,
                -90.0,
                -84.79999999999977,
                -100,
                -20.0,
                69.40000000000029
            ],
            "wins": [
                false,
                true,
                false,
                false,
                false,
                false,
                false,
                true
            ]
        },
        {
            "gain": -367.3999999999995,
            "fitness": -6.456361256651164,
            "fitness_balanced": -8.839322275422752,
            "gains": [
                -100,
                28,
                -70.0,
                -90.0,
                -84.79999999999977,
                -100,
                -20.0,
                69.40000000000029
            ],
            "wins": [
                false,
                true,
                false,
                false,
                false,
                false,
                false,
                true
            ]
        },
        {
            "gain": -367.3999999999995,
            "fitness": -6.456361256651164,
            "fitness_balanced": -8.839322275422752,
            "gains": [
                -100,
                28,
                -70.0,
                -90.0,
                -84.79999999999977,
                -100,
                -20.0,
                69.40000000000029
            ],
            "wins": [
                false,
                true,
                false,
                false,
                false,
                false,
                false,
                true
            ]
        }
    ]
}