{
    "gen": 29,
    "enemies": [
        8
    ],
    "results": [
        {
            "gain": 47.080000000000275,
            "fitness": 88.81176324947913,
            "fitness_balanced": 78.85067522005329,
            "wins": [
                1.0
            ]
        }
    ]
}