{
    "gen": 29,
    "enemies": [
        1,
        2,
        3,
        4,
        5,
        6,
        7,
        8
    ],
    "results": [
        {
            "gain": -247.99999999999943,
            "fitness": 10.807081330544094,
            "fitness_balanced": 2.12672337630406,
            "gains": [
                -80.0,
                28,
                -30.0,
                -90.0,
                -80.0,
                49.60000000000031,
                24.400000000000247,
                -70.0
            ],
            "wins": [
                false,
                true,
                false,
                false,
                false,
                true,
                true,
                false
            ]
        },
        {
            "gain": -247.99999999999943,
            "fitness": 10.807081330544094,
            "fitness_balanced": 2.12672337630406,
            "gains": [
                -80.0,
                28,
                -30.0,
                -90.0,
                -80.0,
                49.60000000000031,
                24.400000000000247,
                -70.0
            ],
            "wins": [
                false,
                true,
                false,
                false,
                false,
                true,
                true,
                false
            ]
        },
        {
            "gain": -247.99999999999943,
            "fitness": 10.807081330544094,
            "fitness_balanced": 2.12672337630406,
            "gains": [
                -80.0,
                28,
                -30.0,
                -90.0,
                -80.0,
                49.60000000000031,
                24.400000000000247,
                -70.0
            ],
            "wins": [
                false,
                true,
                false,
                false,
                false,
                true,
                true,
                false
            ]
        },
        {
            "gain": -247.99999999999943,
            "fitness": 10.807081330544094,
            "fitness_balanced": 2.12672337630406,
            "gains": [
                -80.0,
                28,
                -30.0,
                -90.0,
                -80.0,
                49.60000000000031,
                24.400000000000247,
                -70.0
            ],
            "wins": [
                false,
                true,
                false,
                false,
                false,
                true,
                true,
                false
            ]
        },
        {
            "gain": -247.99999999999943,
            "fitness": 10.807081330544094,
            "fitness_balanced": 2.12672337630406,
            "gains": [
                -80.0,
                28,
                -30.0,
                -90.0,
                -80.0,
                49.60000000000031,
                24.400000000000247,
                -70.0
            ],
            "wins": [
                false,
                true,
                false,
                false,
                false,
                true,
                true,
                false
            ]
        }
    ]
}