{
    "gen": 29,
    "enemies": [
        2
    ],
    "results": [
        {
            "gain": 79.6,
            "fitness": 92.46186889757871,
            "fitness_balanced": 83.43547959267731,
            "wins": [
                1.0
            ]
        }
    ]
}