{
    "gen": 29,
    "enemies": [
        4
    ],
    "results": [
        {
            "gain": 57.400000000000325,
            "fitness": 88.84735835882795,
            "fitness_balanced": 71.80634364539752,
            "wins": [
                true
            ]
        }
    ]
}