{
    "gen": 29,
    "enemies": [
        7
    ],
    "results": [
        {
            "gain": -1.27999999999995,
            "fitness": 71.50507091215714,
            "fitness_balanced": 39.26665872310225,
            "wins": [
                0.2
            ]
        }
    ]
}