{
    "gen": 29,
    "enemies": [
        1,
        2,
        3,
        4,
        5,
        6,
        7,
        8
    ],
    "results": [
        {
            "gain": -439.39999999999975,
            "fitness": 0.6527050278234121,
            "fitness_balanced": 4.540414485855841,
            "gains": [
                -90.0,
                -70.0,
                -70.0,
                -90.0,
                40.600000000000286,
                -70.0,
                -10.0,
                -80.0
            ],
            "wins": [
                false,
                false,
                false,
                false,
                true,
                false,
                false,
                false
            ]
        },
        {
            "gain": -439.39999999999975,
            "fitness": 0.6527050278234121,
            "fitness_balanced": 4.540414485855841,
            "gains": [
                -90.0,
                -70.0,
                -70.0,
                -90.0,
                40.600000000000286,
                -70.0,
                -10.0,
                -80.0
            ],
            "wins": [
                false,
                false,
                false,
                false,
                true,
                false,
                false,
                false
            ]
        },
        {
            "gain": -439.39999999999975,
            "fitness": 0.6527050278234121,
            "fitness_balanced": 4.540414485855841,
            "gains": [
                -90.0,
                -70.0,
                -70.0,
                -90.0,
                40.600000000000286,
                -70.0,
                -10.0,
                -80.0
            ],
            "wins": [
                false,
                false,
                false,
                false,
                true,
                false,
                false,
                false
            ]
        },
        {
            "gain": -439.39999999999975,
            "fitness": 0.6527050278234121,
            "fitness_balanced": 4.540414485855841,
            "gains": [
                -90.0,
                -70.0,
                -70.0,
                -90.0,
                40.600000000000286,
                -70.0,
                -10.0,
                -80.0
            ],
            "wins": [
                false,
                false,
                false,
                false,
                true,
                false,
                false,
                false
            ]
        },
        {
            "gain": -439.39999999999975,
            "fitness": 0.6527050278234121,
            "fitness_balanced": 4.540414485855841,
            "gains": [
                -90.0,
                -70.0,
                -70.0,
                -90.0,
                40.600000000000286,
                -70.0,
                -10.0,
                -80.0
            ],
            "wins": [
                false,
                false,
                false,
                false,
                true,
                false,
                false,
                false
            ]
        }
    ]
}