{
    "gen": 29,
    "enemies": [
        8
    ],
    "results": [
        {
            "gain": 66.40000000000032,
            "fitness": 90.96667673282853,
            "fitness_balanced": 77.52324619773188,
            "wins": [
                true
            ]
        }
    ]
}