{
    "gen": 29,
    "enemies": [
        8
    ],
    "results": [
        {
            "gain": 0.5600000000001273,
            "fitness": 63.50388337680143,
            "fitness_balanced": 77.52324619773188,
            "wins": [
                0.4
            ]
        }
    ]
}