{
    "gen": 29,
    "enemies": [
        1,
        2,
        3,
        4,
        5,
        6,
        7,
        8
    ],
    "results": [
        {
            "gain": -185.39999999999918,
            "fitness": 18.785799576656267,
            "fitness_balanced": 77.52324619773188,
            "gains": [
                -80.0,
                -10.0,
                -70.0,
                -60.0,
                32.200000000000266,
                -80.0,
                16.000000000000227,
                66.40000000000032
            ],
            "wins": [
                false,
                false,
                false,
                false,
                true,
                false,
                true,
                true
            ]
        },
        {
            "gain": -185.39999999999918,
            "fitness": 18.785799576656267,
            "fitness_balanced": 77.52324619773188,
            "gains": [
                -80.0,
                -10.0,
                -70.0,
                -60.0,
                32.200000000000266,
                -80.0,
                16.000000000000227,
                66.40000000000032
            ],
            "wins": [
                false,
                false,
                false,
                false,
                true,
                false,
                true,
                true
            ]
        },
        {
            "gain": -185.39999999999918,
            "fitness": 18.785799576656267,
            "fitness_balanced": 77.52324619773188,
            "gains": [
                -80.0,
                -10.0,
                -70.0,
                -60.0,
                32.200000000000266,
                -80.0,
                16.000000000000227,
                66.40000000000032
            ],
            "wins": [
                false,
                false,
                false,
                false,
                true,
                false,
                true,
                true
            ]
        },
        {
            "gain": -185.39999999999918,
            "fitness": 18.785799576656267,
            "fitness_balanced": 77.52324619773188,
            "gains": [
                -80.0,
                -10.0,
                -70.0,
                -60.0,
                32.200000000000266,
                -80.0,
                16.000000000000227,
                66.40000000000032
            ],
            "wins": [
                false,
                false,
                false,
                false,
                true,
                false,
                true,
                true
            ]
        },
        {
            "gain": -185.39999999999918,
            "fitness": 18.785799576656267,
            "fitness_balanced": 77.52324619773188,
            "gains": [
                -80.0,
                -10.0,
                -70.0,
                -60.0,
                32.200000000000266,
                -80.0,
                16.000000000000227,
                66.40000000000032
            ],
            "wins": [
                false,
                false,
                false,
                false,
                true,
                false,
                true,
                true
            ]
        }
    ]
}