{
    "gen": 29,
    "enemies": [
        1,
        2,
        3,
        4,
        5,
        6,
        7,
        8
    ],
    "results": [
        {
            "gain": -128.79999999999936,
            "fitness": 34.43122921402609,
            "fitness_balanced": 68.36266573298161,
            "gains": [
                -70.0,
                -10.0,
                -40.0,
                -40.0,
                -20.0,
                -60.0,
                63.40000000000034,
                47.8000000000003
            ],
            "wins": [
                false,
                false,
                false,
                false,
                false,
                false,
                true,
                true
            ]
        },
        {
            "gain": -128.79999999999936,
            "fitness": 34.43122921402609,
            "fitness_balanced": 68.36266573298161,
            "gains": [
                -70.0,
                -10.0,
                -40.0,
                -40.0,
                -20.0,
                -60.0,
                63.40000000000034,
                47.8000000000003
            ],
            "wins": [
                false,
                false,
                false,
                false,
                false,
                false,
                true,
                true
            ]
        },
        {
            "gain": -128.79999999999936,
            "fitness": 34.43122921402609,
            "fitness_balanced": 68.36266573298161,
            "gains": [
                -70.0,
                -10.0,
                -40.0,
                -40.0,
                -20.0,
                -60.0,
                63.40000000000034,
                47.8000000000003
            ],
            "wins": [
                false,
                false,
                false,
                false,
                false,
                false,
                true,
                true
            ]
        },
        {
            "gain": -128.79999999999936,
            "fitness": 34.43122921402609,
            "fitness_balanced": 68.36266573298161,
            "gains": [
                -70.0,
                -10.0,
                -40.0,
                -40.0,
                -20.0,
                -60.0,
                63.40000000000034,
                47.8000000000003
            ],
            "wins": [
                false,
                false,
                false,
                false,
                false,
                false,
                true,
                true
            ]
        },
        {
            "gain": -128.79999999999936,
            "fitness": 34.43122921402609,
            "fitness_balanced": 68.36266573298161,
            "gains": [
                -70.0,
                -10.0,
                -40.0,
                -40.0,
                -20.0,
                -60.0,
                63.40000000000034,
                47.8000000000003
            ],
            "wins": [
                false,
                false,
                false,
                false,
                false,
                false,
                true,
                true
            ]
        }
    ]
}