{
    "gen": 29,
    "enemies": [
        5
    ],
    "results": [
        {
            "gain": 87.55000000000013,
            "fitness": 93.28971756278327,
            "fitness_balanced": 91.09419793370404,
            "wins": [
                1.0
            ]
        }
    ]
}