{
    "gen": 29,
    "enemies": [
        5
    ],
    "results": [
        {
            "gain": 80.65000000000018,
            "fitness": 92.40848781880311,
            "fitness_balanced": 86.02506926914805,
            "wins": [
                1.0
            ]
        }
    ]
}