{
    "gen": 29,
    "enemies": [
        5
    ],
    "results": [
        {
            "gain": 95.20000000000005,
            "fitness": 94.2117323025988,
            "fitness_balanced": 92.28679402095824,
            "wins": [
                true
            ]
        }
    ]
}