{
    "gen": 29,
    "enemies": [
        1
    ],
    "results": [
        {
            "gain": -20.0,
            "fitness": 66.03129244001464,
            "fitness_balanced": 34.028738160209535,
            "wins": [
                false
            ]
        }
    ]
}