{
    "gen": 29,
    "enemies": [
        8
    ],
    "results": [
        {
            "gain": -5.519999999999948,
            "fitness": 51.682655441445874,
            "fitness_balanced": 87.40290651349466,
            "wins": [
                0.4
            ]
        }
    ]
}