{
    "gen": 29,
    "enemies": [
        6
    ],
    "results": [
        {
            "gain": 65.20000000000033,
            "fitness": 90.8535733118876,
            "fitness_balanced": 76.93011907701964,
            "wins": [
                true
            ]
        }
    ]
}