{
    "gen": 29,
    "enemies": [
        2
    ],
    "results": [
        {
            "gain": 82.0,
            "fitness": 93.09671760729452,
            "fitness_balanced": 84.77964417492167,
            "wins": [
                1.0
            ]
        }
    ]
}