{
    "gen": 29,
    "enemies": [
        1,
        2,
        3,
        4,
        5,
        6,
        7,
        8
    ],
    "results": [
        {
            "gain": -382.7999999999999,
            "fitness": -8.613489450777191,
            "fitness_balanced": -0.5373342670185366,
            "gains": [
                -100,
                78,
                -70.0,
                -90.0,
                -0.7999999999998977,
                -90.0,
                -20.0,
                -90.0
            ],
            "wins": [
                false,
                true,
                false,
                false,
                false,
                false,
                false,
                false
            ]
        },
        {
            "gain": -382.7999999999999,
            "fitness": -8.613489450777191,
            "fitness_balanced": -0.5373342670185366,
            "gains": [
                -100,
                78,
                -70.0,
                -90.0,
                -0.7999999999998977,
                -90.0,
                -20.0,
                -90.0
            ],
            "wins": [
                false,
                true,
                false,
                false,
                false,
                false,
                false,
                false
            ]
        },
        {
            "gain": -382.7999999999999,
            "fitness": -8.613489450777191,
            "fitness_balanced": -0.5373342670185366,
            "gains": [
                -100,
                78,
                -70.0,
                -90.0,
                -0.7999999999998977,
                -90.0,
                -20.0,
                -90.0
            ],
            "wins": [
                false,
                true,
                false,
                false,
                false,
                false,
                false,
                false
            ]
        },
        {
            "gain": -382.7999999999999,
            "fitness": -8.613489450777191,
            "fitness_balanced": -0.5373342670185366,
            "gains": [
                -100,
                78,
                -70.0,
                -90.0,
                -0.7999999999998977,
                -90.0,
                -20.0,
                -90.0
            ],
            "wins": [
                false,
                true,
                false,
                false,
                false,
                false,
                false,
                false
            ]
        },
        {
            "gain": -382.7999999999999,
            "fitness": -8.613489450777191,
            "fitness_balanced": -0.5373342670185366,
            "gains": [
                -100,
                78,
                -70.0,
                -90.0,
                -0.7999999999998977,
                -90.0,
                -20.0,
                -90.0
            ],
            "wins": [
                false,
                true,
                false,
                false,
                false,
                false,
                false,
                false
            ]
        }
    ]
}