{
    "gen": 19,
    "enemies": [
        5
    ],
    "results": [
        {
            "gain": 96.40000000000003,
            "fitness": 94.34168263345197,
            "fitness_balanced": 92.89669509194094,
            "wins": [
                true
            ]
        }
    ]
}