{
    "gen": 29,
    "enemies": [
        3
    ],
    "results": [
        {
            "gain": 34,
            "fitness": 87.19342407327508,
            "fitness_balanced": 60.79140997390337,
            "wins": [
                true
            ]
        }
    ]
}