{
    "gen": 29,
    "enemies": [
        1,
        2,
        3,
        4,
        5,
        6,
        7,
        8
    ],
    "results": [
        {
            "gain": -311.39999999999964,
            "fitness": 7.374290119165046,
            "fitness_balanced": 4.592828228539881,
            "gains": [
                -70.0,
                -90.0,
                34,
                -70.0,
                64.60000000000034,
                -70.0,
                -30.0,
                -80.0
            ],
            "wins": [
                false,
                false,
                true,
                false,
                true,
                false,
                false,
                false
            ]
        },
        {
            "gain": -311.39999999999964,
            "fitness": 7.374290119165046,
            "fitness_balanced": 4.592828228539881,
            "gains": [
                -70.0,
                -90.0,
                34,
                -70.0,
                64.60000000000034,
                -70.0,
                -30.0,
                -80.0
            ],
            "wins": [
                false,
                false,
                true,
                false,
                true,
                false,
                false,
                false
            ]
        },
        {
            "gain": -311.39999999999964,
            "fitness": 7.374290119165046,
            "fitness_balanced": 4.592828228539881,
            "gains": [
                -70.0,
                -90.0,
                34,
                -70.0,
                64.60000000000034,
                -70.0,
                -30.0,
                -80.0
            ],
            "wins": [
                false,
                false,
                true,
                false,
                true,
                false,
                false,
                false
            ]
        },
        {
            "gain": -311.39999999999964,
            "fitness": 7.374290119165046,
            "fitness_balanced": 4.592828228539881,
            "gains": [
                -70.0,
                -90.0,
                34,
                -70.0,
                64.60000000000034,
                -70.0,
                -30.0,
                -80.0
            ],
            "wins": [
                false,
                false,
                true,
                false,
                true,
                false,
                false,
                false
            ]
        },
        {
            "gain": -311.39999999999964,
            "fitness": 7.374290119165046,
            "fitness_balanced": 4.592828228539881,
            "gains": [
                -70.0,
                -90.0,
                34,
                -70.0,
                64.60000000000034,
                -70.0,
                -30.0,
                -80.0
            ],
            "wins": [
                false,
                false,
                true,
                false,
                true,
                false,
                false,
                false
            ]
        }
    ]
}