{
    "gen": 29,
    "enemies": [
        6
    ],
    "results": [
        {
            "gain": -33.03999999999995,
            "fitness": 52.35261368652762,
            "fitness_balanced": 51.5681175227166,
            "wins": [
                0.2
            ]
        }
    ]
}