{
    "gen": 29,
    "enemies": [
        6
    ],
    "results": [
        {
            "gain": -27.999999999999954,
            "fitness": 57.716626809350714,
            "fitness_balanced": 24.41275134159975,
            "wins": [
                0.2
            ]
        }
    ]
}