{
    "gen": 29,
    "enemies": [
        3
    ],
    "results": [
        {
            "gain": -4.8,
            "fitness": 69.10493626590034,
            "fitness_balanced": 33.73090371629374,
            "wins": [
                0.4
            ]
        }
    ]
}