{
    "gen": 29,
    "enemies": [
        3
    ],
    "results": [
        {
            "gain": -5.2,
            "fitness": 67.40838240480764,
            "fitness_balanced": 44.58000507185286,
            "wins": [
                0.4
            ]
        }
    ]
}