{
    "gen": 29,
    "enemies": [
        7
    ],
    "results": [
        {
            "gain": 62.80000000000034,
            "fitness": 90.60667673282853,
            "fitness_balanced": 75.7232461977319,
            "wins": [
                true
            ]
        }
    ]
}