{
    "gen": 29,
    "enemies": [
        7
    ],
    "results": [
        {
            "gain": 21.680000000000188,
            "fitness": 78.48913155320463,
            "fitness_balanced": 72.72324619773188,
            "wins": [
                0.6
            ]
        }
    ]
}