{
    "gen": 29,
    "enemies": [
        1
    ],
    "results": [
        {
            "gain": -30.0,
            "fitness": 57.56680901973748,
            "fitness_balanced": 34.21310261863329,
            "wins": [
                0.0
            ]
        }
    ]
}