{
    "gen": 29,
    "enemies": [
        6
    ],
    "results": [
        {
            "gain": -37.43999999999995,
            "fitness": 45.627619892022935,
            "fitness_balanced": 19.431655496238903,
            "wins": [
                0.2
            ]
        }
    ]
}