{
    "gen": 29,
    "enemies": [
        1,
        2,
        3,
        4,
        5,
        6,
        7,
        8
    ],
    "results": [
        {
            "gain": -262.7999999999996,
            "fitness": 7.9738395625127225,
            "fitness_balanced": 70.41389596855,
            "gains": [
                -50.0,
                -60.0,
                -80.0,
                -70.0,
                94.60000000000005,
                -50.0,
                -100,
                52.600000000000314
            ],
            "wins": [
                false,
                false,
                false,
                false,
                true,
                false,
                false,
                true
            ]
        },
        {
            "gain": -262.7999999999996,
            "fitness": 7.9738395625127225,
            "fitness_balanced": 70.41389596855,
            "gains": [
                -50.0,
                -60.0,
                -80.0,
                -70.0,
                94.60000000000005,
                -50.0,
                -100,
                52.600000000000314
            ],
            "wins": [
                false,
                false,
                false,
                false,
                true,
                false,
                false,
                true
            ]
        },
        {
            "gain": -262.7999999999996,
            "fitness": 7.9738395625127225,
            "fitness_balanced": 70.41389596855,
            "gains": [
                -50.0,
                -60.0,
                -80.0,
                -70.0,
                94.60000000000005,
                -50.0,
                -100,
                52.600000000000314
            ],
            "wins": [
                false,
                false,
                false,
                false,
                true,
                false,
                false,
                true
            ]
        },
        {
            "gain": -262.7999999999996,
            "fitness": 7.9738395625127225,
            "fitness_balanced": 70.41389596855,
            "gains": [
                -50.0,
                -60.0,
                -80.0,
                -70.0,
                94.60000000000005,
                -50.0,
                -100,
                52.600000000000314
            ],
            "wins": [
                false,
                false,
                false,
                false,
                true,
                false,
                false,
                true
            ]
        },
        {
            "gain": -262.7999999999996,
            "fitness": 7.9738395625127225,
            "fitness_balanced": 70.41389596855,
            "gains": [
                -50.0,
                -60.0,
                -80.0,
                -70.0,
                94.60000000000005,
                -50.0,
                -100,
                52.600000000000314
            ],
            "wins": [
                false,
                false,
                false,
                false,
                true,
                false,
                false,
                true
            ]
        }
    ]
}