{
    "gen": 29,
    "enemies": [
        1,
        2,
        3,
        4,
        5,
        6,
        7,
        8
    ],
    "results": [
        {
            "gain": -293.19999999999953,
            "fitness": 4.711553716564431,
            "fitness_balanced": -4.183893128287398,
            "gains": [
                -60.0,
                -70.0,
                -30.0,
                44.800000000000296,
                82.00000000000017,
                -90.0,
                -100,
                -70.0
            ],
            "wins": [
                false,
                false,
                false,
                true,
                true,
                false,
                false,
                false
            ]
        },
        {
            "gain": -293.19999999999953,
            "fitness": 4.711553716564431,
            "fitness_balanced": -4.183893128287398,
            "gains": [
                -60.0,
                -70.0,
                -30.0,
                44.800000000000296,
                82.00000000000017,
                -90.0,
                -100,
                -70.0
            ],
            "wins": [
                false,
                false,
                false,
                true,
                true,
                false,
                false,
                false
            ]
        },
        {
            "gain": -293.19999999999953,
            "fitness": 4.711553716564431,
            "fitness_balanced": -4.183893128287398,
            "gains": [
                -60.0,
                -70.0,
                -30.0,
                44.800000000000296,
                82.00000000000017,
                -90.0,
                -100,
                -70.0
            ],
            "wins": [
                false,
                false,
                false,
                true,
                true,
                false,
                false,
                false
            ]
        },
        {
            "gain": -293.19999999999953,
            "fitness": 4.711553716564431,
            "fitness_balanced": -4.183893128287398,
            "gains": [
                -60.0,
                -70.0,
                -30.0,
                44.800000000000296,
                82.00000000000017,
                -90.0,
                -100,
                -70.0
            ],
            "wins": [
                false,
                false,
                false,
                true,
                true,
                false,
                false,
                false
            ]
        },
        {
            "gain": -293.19999999999953,
            "fitness": 4.711553716564431,
            "fitness_balanced": -4.183893128287398,
            "gains": [
                -60.0,
                -70.0,
                -30.0,
                44.800000000000296,
                82.00000000000017,
                -90.0,
                -100,
                -70.0
            ],
            "wins": [
                false,
                false,
                false,
                true,
                true,
                false,
                false,
                false
            ]
        }
    ]
}