{
    "gen": 29,
    "enemies": [
        1,
        2,
        3,
        4,
        5,
        6,
        7,
        8
    ],
    "results": [
        {
            "gain": -290.19999999999976,
            "fitness": 6.7787317433443945,
            "fitness_balanced": -2.8776459054592145,
            "gains": [
                -80.0,
                88,
                -50.0,
                -70.0,
                11.80000000000023,
                -90.0,
                -10.0,
                -90.0
            ],
            "wins": [
                false,
                true,
                false,
                false,
                true,
                false,
                false,
                false
            ]
        },
        {
            "gain": -290.19999999999976,
            "fitness": 6.7787317433443945,
            "fitness_balanced": -2.8776459054592145,
            "gains": [
                -80.0,
                88,
                -50.0,
                -70.0,
                11.80000000000023,
                -90.0,
                -10.0,
                -90.0
            ],
            "wins": [
                false,
                true,
                false,
                false,
                true,
                false,
                false,
                false
            ]
        },
        {
            "gain": -290.19999999999976,
            "fitness": 6.7787317433443945,
            "fitness_balanced": -2.8776459054592145,
            "gains": [
                -80.0,
                88,
                -50.0,
                -70.0,
                11.80000000000023,
                -90.0,
                -10.0,
                -90.0
            ],
            "wins": [
                false,
                true,
                false,
                false,
                true,
                false,
                false,
                false
            ]
        },
        {
            "gain": -290.19999999999976,
            "fitness": 6.7787317433443945,
            "fitness_balanced": -2.8776459054592145,
            "gains": [
                -80.0,
                88,
                -50.0,
                -70.0,
                11.80000000000023,
                -90.0,
                -10.0,
                -90.0
            ],
            "wins": [
                false,
                true,
                false,
                false,
                true,
                false,
                false,
                false
            ]
        },
        {
            "gain": -290.19999999999976,
            "fitness": 6.7787317433443945,
            "fitness_balanced": -2.8776459054592145,
            "gains": [
                -80.0,
                88,
                -50.0,
                -70.0,
                11.80000000000023,
                -90.0,
                -10.0,
                -90.0
            ],
            "wins": [
                false,
                true,
                false,
                false,
                true,
                false,
                false,
                false
            ]
        }
    ]
}