{
    "gen": 29,
    "enemies": [
        4
    ],
    "results": [
        {
            "gain": 29.000000000000234,
            "fitness": 81.43083512343439,
            "fitness_balanced": 28.38393481486718,
            "wins": [
                0.8
            ]
        }
    ]
}