{
    "gen": 29,
    "enemies": [
        1,
        2,
        3,
        4,
        5,
        6,
        7,
        8
    ],
    "results": [
        {
            "gain": -180.1999999999992,
            "fitness": 9.498271916096584,
            "fitness_balanced": 63.99190155849061,
            "gains": [
                -40.0,
                -100,
                -40.0,
                52.600000000000314,
                76.60000000000022,
                -70.0,
                -100,
                40.600000000000286
            ],
            "wins": [
                false,
                false,
                false,
                true,
                true,
                false,
                false,
                true
            ]
        },
        {
            "gain": -180.1999999999992,
            "fitness": 9.498271916096584,
            "fitness_balanced": 63.99190155849061,
            "gains": [
                -40.0,
                -100,
                -40.0,
                52.600000000000314,
                76.60000000000022,
                -70.0,
                -100,
                40.600000000000286
            ],
            "wins": [
                false,
                false,
                false,
                true,
                true,
                false,
                false,
                true
            ]
        },
        {
            "gain": -180.1999999999992,
            "fitness": 9.498271916096584,
            "fitness_balanced": 63.99190155849061,
            "gains": [
                -40.0,
                -100,
                -40.0,
                52.600000000000314,
                76.60000000000022,
                -70.0,
                -100,
                40.600000000000286
            ],
            "wins": [
                false,
                false,
                false,
                true,
                true,
                false,
                false,
                true
            ]
        },
        {
            "gain": -180.1999999999992,
            "fitness": 9.498271916096584,
            "fitness_balanced": 63.99190155849061,
            "gains": [
                -40.0,
                -100,
                -40.0,
                52.600000000000314,
                76.60000000000022,
                -70.0,
                -100,
                40.600000000000286
            ],
            "wins": [
                false,
                false,
                false,
                true,
                true,
                false,
                false,
                true
            ]
        },
        {
            "gain": -180.1999999999992,
            "fitness": 9.498271916096584,
            "fitness_balanced": 63.99190155849061,
            "gains": [
                -40.0,
                -100,
                -40.0,
                52.600000000000314,
                76.60000000000022,
                -70.0,
                -100,
                40.600000000000286
            ],
            "wins": [
                false,
                false,
                false,
                true,
                true,
                false,
                false,
                true
            ]
        }
    ]
}