{
    "gen": 29,
    "enemies": [
        7
    ],
    "results": [
        {
            "gain": 11.760000000000115,
            "fitness": 72.99775590583405,
            "fitness_balanced": 79.69669509194107,
            "wins": [
                0.4
            ]
        }
    ]
}