{
    "gen": 29,
    "enemies": [
        1,
        2,
        3,
        4,
        5,
        6,
        7,
        8
    ],
    "results": [
        {
            "gain": -399.5999999999997,
            "fitness": 2.802138684814043,
            "fitness_balanced": 4.544678884642298,
            "gains": [
                -100,
                -10.0,
                -70.0,
                -20.0,
                40.40000000000033,
                -90.0,
                -70.0,
                -80.0
            ],
            "wins": [
                false,
                false,
                false,
                false,
                false,
                false,
                false,
                false
            ]
        },
        {
            "gain": -399.5999999999997,
            "fitness": 2.802138684814043,
            "fitness_balanced": 4.544678884642298,
            "gains": [
                -100,
                -10.0,
                -70.0,
                -20.0,
                40.40000000000033,
                -90.0,
                -70.0,
                -80.0
            ],
            "wins": [
                false,
                false,
                false,
                false,
                false,
                false,
                false,
                false
            ]
        },
        {
            "gain": -399.5999999999997,
            "fitness": 2.802138684814043,
            "fitness_balanced": 4.544678884642298,
            "gains": [
                -100,
                -10.0,
                -70.0,
                -20.0,
                40.40000000000033,
                -90.0,
                -70.0,
                -80.0
            ],
            "wins": [
                false,
                false,
                false,
                false,
                false,
                false,
                false,
                false
            ]
        },
        {
            "gain": -399.5999999999997,
            "fitness": 2.802138684814043,
            "fitness_balanced": 4.544678884642298,
            "gains": [
                -100,
                -10.0,
                -70.0,
                -20.0,
                40.40000000000033,
                -90.0,
                -70.0,
                -80.0
            ],
            "wins": [
                false,
                false,
                false,
                false,
                false,
                false,
                false,
                false
            ]
        },
        {
            "gain": -399.5999999999997,
            "fitness": 2.802138684814043,
            "fitness_balanced": 4.544678884642298,
            "gains": [
                -100,
                -10.0,
                -70.0,
                -20.0,
                40.40000000000033,
                -90.0,
                -70.0,
                -80.0
            ],
            "wins": [
                false,
                false,
                false,
                false,
                false,
                false,
                false,
                false
            ]
        }
    ]
}