{
    "gen": 29,
    "enemies": [
        4
    ],
    "results": [
        {
            "gain": -47.63999999999995,
            "fitness": 38.51469884878848,
            "fitness_balanced": 8.562248350263598,
            "wins": [
                0.2
            ]
        }
    ]
}