{
    "gen": 29,
    "enemies": [
        4
    ],
    "results": [
        {
            "gain": 11.80000000000023,
            "fitness": 84.18423384369517,
            "fitness_balanced": 48.90331851182357,
            "wins": [
                true
            ]
        }
    ]
}