{
    "gen": 14,
    "enemies": [
        4
    ],
    "results": [
        {
            "gain": 65.80000000000032,
            "fitness": 89.62440739160373,
            "fitness_balanced": 75.9434545568486,
            "wins": [
                true
            ]
        }
    ]
}