{
    "gen": 29,
    "enemies": [
        7
    ],
    "results": [
        {
            "gain": 49.12000000000027,
            "fitness": 89.43116590643724,
            "fitness_balanced": 80.80637245364777,
            "wins": [
                1.0
            ]
        }
    ]
}