{
    "gen": 29,
    "enemies": [
        1,
        2,
        3,
        4,
        5,
        6,
        7,
        8
    ],
    "results": [
        {
            "gain": -222.1999999999992,
            "fitness": 1.6966043215877136,
            "fitness_balanced": 69.8929771122579,
            "gains": [
                -90.0,
                -80.0,
                -70.0,
                -70.0,
                81.40000000000018,
                54.40000000000032,
                -100,
                52.00000000000031
            ],
            "wins": [
                false,
                false,
                false,
                false,
                true,
                true,
                false,
                true
            ]
        },
        {
            "gain": -222.1999999999992,
            "fitness": 1.6966043215877136,
            "fitness_balanced": 69.8929771122579,
            "gains": [
                -90.0,
                -80.0,
                -70.0,
                -70.0,
                81.40000000000018,
                54.40000000000032,
                -100,
                52.00000000000031
            ],
            "wins": [
                false,
                false,
                false,
                false,
                true,
                true,
                false,
                true
            ]
        },
        {
            "gain": -222.1999999999992,
            "fitness": 1.6966043215877136,
            "fitness_balanced": 69.8929771122579,
            "gains": [
                -90.0,
                -80.0,
                -70.0,
                -70.0,
                81.40000000000018,
                54.40000000000032,
                -100,
                52.00000000000031
            ],
            "wins": [
                false,
                false,
                false,
                false,
                true,
                true,
                false,
                true
            ]
        },
        {
            "gain": -222.1999999999992,
            "fitness": 1.6966043215877136,
            "fitness_balanced": 69.8929771122579,
            "gains": [
                -90.0,
                -80.0,
                -70.0,
                -70.0,
                81.40000000000018,
                54.40000000000032,
                -100,
                52.00000000000031
            ],
            "wins": [
                false,
                false,
                false,
                false,
                true,
                true,
                false,
                true
            ]
        },
        {
            "gain": -222.1999999999992,
            "fitness": 1.6966043215877136,
            "fitness_balanced": 69.8929771122579,
            "gains": [
                -90.0,
                -80.0,
                -70.0,
                -70.0,
                81.40000000000018,
                54.40000000000032,
                -100,
                52.00000000000031
            ],
            "wins": [
                false,
                false,
                false,
                false,
                true,
                true,
                false,
                true
            ]
        }
    ]
}