{
    "gen": 29,
    "enemies": [
        3
    ],
    "results": [
        {
            "gain": 14.4,
            "fitness": 79.05292553017712,
            "fitness_balanced": 60.623273052101375,
            "wins": [
                0.6
            ]
        }
    ]
}