{
    "gen": 29,
    "enemies": [
        4
    ],
    "results": [
        {
            "gain": -10.0,
            "fitness": 73.76871299567239,
            "fitness_balanced": 37.76798966833524,
            "wins": [
                false
            ]
        }
    ]
}