{
    "gen": 999,
    "enemies": [
        1,
        2,
        3,
        4,
        5,
        6,
        7,
        8
    ],
    "results": [
        {
            "gain": 334.2000000000006,
            "fitness": 68.75143130222921,
            "fitness_balanced": 40.988546782677076,
            "gains": [
                100,
                70,
                48,
                4.600000000000234,
                81.40000000000018,
                -40.0,
                80.20000000000019,
                -10.0
            ],
            "wins": [
                true,
                true,
                true,
                true,
                true,
                false,
                true,
                false
            ]
        },
        {
            "gain": 334.2000000000006,
            "fitness": 68.75143130222921,
            "fitness_balanced": 40.988546782677076,
            "gains": [
                100,
                70,
                48,
                4.600000000000234,
                81.40000000000018,
                -40.0,
                80.20000000000019,
                -10.0
            ],
            "wins": [
                true,
                true,
                true,
                true,
                true,
                false,
                true,
                false
            ]
        },
        {
            "gain": 334.2000000000006,
            "fitness": 68.75143130222921,
            "fitness_balanced": 40.988546782677076,
            "gains": [
                100,
                70,
                48,
                4.600000000000234,
                81.40000000000018,
                -40.0,
                80.20000000000019,
                -10.0
            ],
            "wins": [
                true,
                true,
                true,
                true,
                true,
                false,
                true,
                false
            ]
        },
        {
            "gain": 334.2000000000006,
            "fitness": 68.75143130222921,
            "fitness_balanced": 40.988546782677076,
            "gains": [
                100,
                70,
                48,
                4.600000000000234,
                81.40000000000018,
                -40.0,
                80.20000000000019,
                -10.0
            ],
            "wins": [
                true,
                true,
                true,
                true,
                true,
                false,
                true,
                false
            ]
        },
        {
            "gain": 334.2000000000006,
            "fitness": 68.75143130222921,
            "fitness_balanced": 40.988546782677076,
            "gains": [
                100,
                70,
                48,
                4.600000000000234,
                81.40000000000018,
                -40.0,
                80.20000000000019,
                -10.0
            ],
            "wins": [
                true,
                true,
                true,
                true,
                true,
                false,
                true,
                false
            ]
        }
    ]
}