{
    "gen": 29,
    "enemies": [
        1,
        2,
        3,
        4,
        5,
        6,
        7,
        8
    ],
    "results": [
        {
            "gain": -316.3999999999998,
            "fitness": -7.676877778698014,
            "fitness_balanced": 4.6293619718723376,
            "gains": [
                94,
                -100,
                -40.0,
                -80.0,
                79.6000000000002,
                -100,
                -90.0,
                -80.0
            ],
            "wins": [
                true,
                false,
                false,
                false,
                true,
                false,
                false,
                false
            ]
        },
        {
            "gain": -316.3999999999998,
            "fitness": -7.676877778698014,
            "fitness_balanced": 4.6293619718723376,
            "gains": [
                94,
                -100,
                -40.0,
                -80.0,
                79.6000000000002,
                -100,
                -90.0,
                -80.0
            ],
            "wins": [
                true,
                false,
                false,
                false,
                true,
                false,
                false,
                false
            ]
        },
        {
            "gain": -316.3999999999998,
            "fitness": -7.676877778698014,
            "fitness_balanced": 4.6293619718723376,
            "gains": [
                94,
                -100,
                -40.0,
                -80.0,
                79.6000000000002,
                -100,
                -90.0,
                -80.0
            ],
            "wins": [
                true,
                false,
                false,
                false,
                true,
                false,
                false,
                false
            ]
        },
        {
            "gain": -316.3999999999998,
            "fitness": -7.676877778698014,
            "fitness_balanced": 4.6293619718723376,
            "gains": [
                94,
                -100,
                -40.0,
                -80.0,
                79.6000000000002,
                -100,
                -90.0,
                -80.0
            ],
            "wins": [
                true,
                false,
                false,
                false,
                true,
                false,
                false,
                false
            ]
        },
        {
            "gain": -316.3999999999998,
            "fitness": -7.676877778698014,
            "fitness_balanced": 4.6293619718723376,
            "gains": [
                94,
                -100,
                -40.0,
                -80.0,
                79.6000000000002,
                -100,
                -90.0,
                -80.0
            ],
            "wins": [
                true,
                false,
                false,
                false,
                true,
                false,
                false,
                false
            ]
        }
    ]
}