{
    "gen": 29,
    "enemies": [
        8
    ],
    "results": [
        {
            "gain": 84.40000000000015,
            "fitness": 93.1169900208616,
            "fitness_balanced": 86.87212383121049,
            "wins": [
                true
            ]
        }
    ]
}