{
    "gen": 29,
    "enemies": [
        1,
        2,
        3,
        4,
        5,
        6,
        7,
        8
    ],
    "results": [
        {
            "gain": -471.79999999999995,
            "fitness": -12.79629400592168,
            "fitness_balanced": -17.413067013676002,
            "gains": [
                -90.0,
                -100,
                -70.0,
                -100,
                98.20000000000002,
                -30.0,
                -90.0,
                -90.0
            ],
            "wins": [
                false,
                false,
                false,
                false,
                true,
                false,
                false,
                false
            ]
        },
        {
            "gain": -471.79999999999995,
            "fitness": -12.79629400592168,
            "fitness_balanced": -17.413067013676002,
            "gains": [
                -90.0,
                -100,
                -70.0,
                -100,
                98.20000000000002,
                -30.0,
                -90.0,
                -90.0
            ],
            "wins": [
                false,
                false,
                false,
                false,
                true,
                false,
                false,
                false
            ]
        },
        {
            "gain": -471.79999999999995,
            "fitness": -12.79629400592168,
            "fitness_balanced": -17.413067013676002,
            "gains": [
                -90.0,
                -100,
                -70.0,
                -100,
                98.20000000000002,
                -30.0,
                -90.0,
                -90.0
            ],
            "wins": [
                false,
                false,
                false,
                false,
                true,
                false,
                false,
                false
            ]
        },
        {
            "gain": -471.79999999999995,
            "fitness": -12.79629400592168,
            "fitness_balanced": -17.413067013676002,
            "gains": [
                -90.0,
                -100,
                -70.0,
                -100,
                98.20000000000002,
                -30.0,
                -90.0,
                -90.0
            ],
            "wins": [
                false,
                false,
                false,
                false,
                true,
                false,
                false,
                false
            ]
        },
        {
            "gain": -471.79999999999995,
            "fitness": -12.79629400592168,
            "fitness_balanced": -17.413067013676002,
            "gains": [
                -90.0,
                -100,
                -70.0,
                -100,
                98.20000000000002,
                -30.0,
                -90.0,
                -90.0
            ],
            "wins": [
                false,
                false,
                false,
                false,
                true,
                false,
                false,
                false
            ]
        }
    ]
}