{
    "gen": 29,
    "enemies": [
        1,
        2,
        3,
        4,
        5,
        6,
        7,
        8
    ],
    "results": [
        {
            "gain": -316.79999999999995,
            "fitness": 0.9465497663434945,
            "fitness_balanced": 9.498741789455273,
            "gains": [
                -60.0,
                -20.0,
                18,
                -80.0,
                95.20000000000005,
                -100,
                -100,
                -70.0
            ],
            "wins": [
                false,
                false,
                true,
                false,
                true,
                false,
                false,
                false
            ]
        },
        {
            "gain": -316.79999999999995,
            "fitness": 0.9465497663434945,
            "fitness_balanced": 9.498741789455273,
            "gains": [
                -60.0,
                -20.0,
                18,
                -80.0,
                95.20000000000005,
                -100,
                -100,
                -70.0
            ],
            "wins": [
                false,
                false,
                true,
                false,
                true,
                false,
                false,
                false
            ]
        },
        {
            "gain": -316.79999999999995,
            "fitness": 0.9465497663434945,
            "fitness_balanced": 9.498741789455273,
            "gains": [
                -60.0,
                -20.0,
                18,
                -80.0,
                95.20000000000005,
                -100,
                -100,
                -70.0
            ],
            "wins": [
                false,
                false,
                true,
                false,
                true,
                false,
                false,
                false
            ]
        },
        {
            "gain": -316.79999999999995,
            "fitness": 0.9465497663434945,
            "fitness_balanced": 9.498741789455273,
            "gains": [
                -60.0,
                -20.0,
                18,
                -80.0,
                95.20000000000005,
                -100,
                -100,
                -70.0
            ],
            "wins": [
                false,
                false,
                true,
                false,
                true,
                false,
                false,
                false
            ]
        },
        {
            "gain": -316.79999999999995,
            "fitness": 0.9465497663434945,
            "fitness_balanced": 9.498741789455273,
            "gains": [
                -60.0,
                -20.0,
                18,
                -80.0,
                95.20000000000005,
                -100,
                -100,
                -70.0
            ],
            "wins": [
                false,
                false,
                true,
                false,
                true,
                false,
                false,
                false
            ]
        }
    ]
}