{
    "gen": 29,
    "enemies": [
        1,
        2,
        3,
        4,
        5,
        6,
        7,
        8
    ],
    "results": [
        {
            "gain": -250.7999999999995,
            "fitness": 11.42537318380058,
            "fitness_balanced": 3.321713124078709,
            "gains": [
                -90.0,
                22,
                -60.0,
                -90.0,
                19.600000000000236,
                37.60000000000028,
                -10.0,
                -80.0
            ],
            "wins": [
                false,
                true,
                false,
                false,
                true,
                true,
                false,
                false
            ]
        },
        {
            "gain": -250.7999999999995,
            "fitness": 11.42537318380058,
            "fitness_balanced": 3.321713124078709,
            "gains": [
                -90.0,
                22,
                -60.0,
                -90.0,
                19.600000000000236,
                37.60000000000028,
                -10.0,
                -80.0
            ],
            "wins": [
                false,
                true,
                false,
                false,
                true,
                true,
                false,
                false
            ]
        },
        {
            "gain": -250.7999999999995,
            "fitness": 11.42537318380058,
            "fitness_balanced": 3.321713124078709,
            "gains": [
                -90.0,
                22,
                -60.0,
                -90.0,
                19.600000000000236,
                37.60000000000028,
                -10.0,
                -80.0
            ],
            "wins": [
                false,
                true,
                false,
                false,
                true,
                true,
                false,
                false
            ]
        },
        {
            "gain": -250.7999999999995,
            "fitness": 11.42537318380058,
            "fitness_balanced": 3.321713124078709,
            "gains": [
                -90.0,
                22,
                -60.0,
                -90.0,
                19.600000000000236,
                37.60000000000028,
                -10.0,
                -80.0
            ],
            "wins": [
                false,
                true,
                false,
                false,
                true,
                true,
                false,
                false
            ]
        },
        {
            "gain": -250.7999999999995,
            "fitness": 11.42537318380058,
            "fitness_balanced": 3.321713124078709,
            "gains": [
                -90.0,
                22,
                -60.0,
                -90.0,
                19.600000000000236,
                37.60000000000028,
                -10.0,
                -80.0
            ],
            "wins": [
                false,
                true,
                false,
                false,
                true,
                true,
                false,
                false
            ]
        }
    ]
}