{
    "gen": 29,
    "enemies": [
        7
    ],
    "results": [
        {
            "gain": 20.400000000000034,
            "fitness": 73.65391147060052,
            "fitness_balanced": 90.57274631484283,
            "wins": [
                0.4
            ]
        }
    ]
}