{
    "gen": 29,
    "enemies": [
        6
    ],
    "results": [
        {
            "gain": -54.0,
            "fitness": 36.070894228559915,
            "fitness_balanced": 29.45092391510478,
            "wins": [
                0.0
            ]
        }
    ]
}