{
    "gen": 29,
    "enemies": [
        2
    ],
    "results": [
        {
            "gain": 77.6,
            "fitness": 92.24563544685938,
            "fitness_balanced": 82.43547959267731,
            "wins": [
                1.0
            ]
        }
    ]
}