{
    "gen": 29,
    "enemies": [
        1,
        2,
        3,
        4,
        5,
        6,
        7,
        8
    ],
    "results": [
        {
            "gain": -495.99999999999943,
            "fitness": -7.791523816504796,
            "fitness_balanced": -11.30224105559409,
            "gains": [
                -90.0,
                -70.0,
                -100,
                64.60000000000034,
                -50.59999999999977,
                -90.0,
                -100,
                -60.0
            ],
            "wins": [
                false,
                false,
                false,
                true,
                false,
                false,
                false,
                false
            ]
        },
        {
            "gain": -495.99999999999943,
            "fitness": -7.791523816504796,
            "fitness_balanced": -11.30224105559409,
            "gains": [
                -90.0,
                -70.0,
                -100,
                64.60000000000034,
                -50.59999999999977,
                -90.0,
                -100,
                -60.0
            ],
            "wins": [
                false,
                false,
                false,
                true,
                false,
                false,
                false,
                false
            ]
        },
        {
            "gain": -495.99999999999943,
            "fitness": -7.791523816504796,
            "fitness_balanced": -11.30224105559409,
            "gains": [
                -90.0,
                -70.0,
                -100,
                64.60000000000034,
                -50.59999999999977,
                -90.0,
                -100,
                -60.0
            ],
            "wins": [
                false,
                false,
                false,
                true,
                false,
                false,
                false,
                false
            ]
        },
        {
            "gain": -495.99999999999943,
            "fitness": -7.791523816504796,
            "fitness_balanced": -11.30224105559409,
            "gains": [
                -90.0,
                -70.0,
                -100,
                64.60000000000034,
                -50.59999999999977,
                -90.0,
                -100,
                -60.0
            ],
            "wins": [
                false,
                false,
                false,
                true,
                false,
                false,
                false,
                false
            ]
        },
        {
            "gain": -495.99999999999943,
            "fitness": -7.791523816504796,
            "fitness_balanced": -11.30224105559409,
            "gains": [
                -90.0,
                -70.0,
                -100,
                64.60000000000034,
                -50.59999999999977,
                -90.0,
                -100,
                -60.0
            ],
            "wins": [
                false,
                false,
                false,
                true,
                false,
                false,
                false,
                false
            ]
        }
    ]
}