{
    "gen": 29,
    "enemies": [
        4
    ],
    "results": [
        {
            "gain": 35.20000000000025,
            "fitness": 74.12487018560601,
            "fitness_balanced": 3.938543081071983,
            "wins": [
                0.8
            ]
        }
    ]
}