{
    "gen": 29,
    "enemies": [
        1,
        2,
        3,
        4,
        5,
        6,
        7,
        8
    ],
    "results": [
        {
            "gain": -190.79999999999978,
            "fitness": 8.72058419092886,
            "fitness_balanced": 9.46661051127248,
            "gains": [
                100,
                -50.0,
                2,
                -70.0,
                77.20000000000022,
                -80.0,
                -100,
                -70.0
            ],
            "wins": [
                true,
                false,
                true,
                false,
                true,
                false,
                false,
                false
            ]
        },
        {
            "gain": -190.79999999999978,
            "fitness": 8.72058419092886,
            "fitness_balanced": 9.46661051127248,
            "gains": [
                100,
                -50.0,
                2,
                -70.0,
                77.20000000000022,
                -80.0,
                -100,
                -70.0
            ],
            "wins": [
                true,
                false,
                true,
                false,
                true,
                false,
                false,
                false
            ]
        },
        {
            "gain": -190.79999999999978,
            "fitness": 8.72058419092886,
            "fitness_balanced": 9.46661051127248,
            "gains": [
                100,
                -50.0,
                2,
                -70.0,
                77.20000000000022,
                -80.0,
                -100,
                -70.0
            ],
            "wins": [
                true,
                false,
                true,
                false,
                true,
                false,
                false,
                false
            ]
        },
        {
            "gain": -190.79999999999978,
            "fitness": 8.72058419092886,
            "fitness_balanced": 9.46661051127248,
            "gains": [
                100,
                -50.0,
                2,
                -70.0,
                77.20000000000022,
                -80.0,
                -100,
                -70.0
            ],
            "wins": [
                true,
                false,
                true,
                false,
                true,
                false,
                false,
                false
            ]
        },
        {
            "gain": -190.79999999999978,
            "fitness": 8.72058419092886,
            "fitness_balanced": 9.46661051127248,
            "gains": [
                100,
                -50.0,
                2,
                -70.0,
                77.20000000000022,
                -80.0,
                -100,
                -70.0
            ],
            "wins": [
                true,
                false,
                true,
                false,
                true,
                false,
                false,
                false
            ]
        }
    ]
}