{
    "gen": 29,
    "enemies": [
        1,
        2,
        3,
        4,
        5,
        6,
        7,
        8
    ],
    "results": [
        {
            "gain": -149.5999999999998,
            "fitness": 7.82859349279029,
            "fitness_balanced": 4.579465000727714,
            "gains": [
                -70.0,
                76,
                76,
                -70.0,
                78.4000000000002,
                -70.0,
                -90.0,
                -80.0
            ],
            "wins": [
                false,
                true,
                true,
                false,
                true,
                false,
                false,
                false
            ]
        },
        {
            "gain": -149.5999999999998,
            "fitness": 7.82859349279029,
            "fitness_balanced": 4.579465000727714,
            "gains": [
                -70.0,
                76,
                76,
                -70.0,
                78.4000000000002,
                -70.0,
                -90.0,
                -80.0
            ],
            "wins": [
                false,
                true,
                true,
                false,
                true,
                false,
                false,
                false
            ]
        },
        {
            "gain": -149.5999999999998,
            "fitness": 7.82859349279029,
            "fitness_balanced": 4.579465000727714,
            "gains": [
                -70.0,
                76,
                76,
                -70.0,
                78.4000000000002,
                -70.0,
                -90.0,
                -80.0
            ],
            "wins": [
                false,
                true,
                true,
                false,
                true,
                false,
                false,
                false
            ]
        },
        {
            "gain": -149.5999999999998,
            "fitness": 7.82859349279029,
            "fitness_balanced": 4.579465000727714,
            "gains": [
                -70.0,
                76,
                76,
                -70.0,
                78.4000000000002,
                -70.0,
                -90.0,
                -80.0
            ],
            "wins": [
                false,
                true,
                true,
                false,
                true,
                false,
                false,
                false
            ]
        },
        {
            "gain": -149.5999999999998,
            "fitness": 7.82859349279029,
            "fitness_balanced": 4.579465000727714,
            "gains": [
                -70.0,
                76,
                76,
                -70.0,
                78.4000000000002,
                -70.0,
                -90.0,
                -80.0
            ],
            "wins": [
                false,
                true,
                true,
                false,
                true,
                false,
                false,
                false
            ]
        }
    ]
}