{
    "gen": 29,
    "enemies": [
        1,
        2,
        3,
        4,
        5,
        6,
        7,
        8
    ],
    "results": [
        {
            "gain": -228.3999999999996,
            "fitness": 2.5718778074990922,
            "fitness_balanced": 50.18283531325283,
            "gains": [
                -50.0,
                -80.0,
                76,
                -80.0,
                82.60000000000016,
                -90.0,
                -100,
                13.00000000000023
            ],
            "wins": [
                false,
                false,
                true,
                false,
                true,
                false,
                false,
                true
            ]
        },
        {
            "gain": -228.3999999999996,
            "fitness": 2.5718778074990922,
            "fitness_balanced": 50.18283531325283,
            "gains": [
                -50.0,
                -80.0,
                76,
                -80.0,
                82.60000000000016,
                -90.0,
                -100,
                13.00000000000023
            ],
            "wins": [
                false,
                false,
                true,
                false,
                true,
                false,
                false,
                true
            ]
        },
        {
            "gain": -228.3999999999996,
            "fitness": 2.5718778074990922,
            "fitness_balanced": 50.18283531325283,
            "gains": [
                -50.0,
                -80.0,
                76,
                -80.0,
                82.60000000000016,
                -90.0,
                -100,
                13.00000000000023
            ],
            "wins": [
                false,
                false,
                true,
                false,
                true,
                false,
                false,
                true
            ]
        },
        {
            "gain": -228.3999999999996,
            "fitness": 2.5718778074990922,
            "fitness_balanced": 50.18283531325283,
            "gains": [
                -50.0,
                -80.0,
                76,
                -80.0,
                82.60000000000016,
                -90.0,
                -100,
                13.00000000000023
            ],
            "wins": [
                false,
                false,
                true,
                false,
                true,
                false,
                false,
                true
            ]
        },
        {
            "gain": -228.3999999999996,
            "fitness": 2.5718778074990922,
            "fitness_balanced": 50.18283531325283,
            "gains": [
                -50.0,
                -80.0,
                76,
                -80.0,
                82.60000000000016,
                -90.0,
                -100,
                13.00000000000023
            ],
            "wins": [
                false,
                false,
                true,
                false,
                true,
                false,
                false,
                true
            ]
        }
    ]
}