{
    "gen": 29,
    "enemies": [
        8
    ],
    "results": [
        {
            "gain": 24.720000000000105,
            "fitness": 67.54391782920003,
            "fitness_balanced": 88.34814186652399,
            "wins": [
                0.6
            ]
        }
    ]
}