{
    "gen": 29,
    "enemies": [
        1,
        2,
        3,
        4,
        5,
        6,
        7,
        8
    ],
    "results": [
        {
            "gain": -378.9999999999999,
            "fitness": 3.0188751701886503,
            "fitness_balanced": -7.307491532533412,
            "gains": [
                -50.0,
                -50.0,
                -30.0,
                -80.0,
                91.00000000000009,
                -90.0,
                -100,
                -70.0
            ],
            "wins": [
                false,
                false,
                false,
                false,
                true,
                false,
                false,
                false
            ]
        },
        {
            "gain": -378.9999999999999,
            "fitness": 3.0188751701886503,
            "fitness_balanced": -7.307491532533412,
            "gains": [
                -50.0,
                -50.0,
                -30.0,
                -80.0,
                91.00000000000009,
                -90.0,
                -100,
                -70.0
            ],
            "wins": [
                false,
                false,
                false,
                false,
                true,
                false,
                false,
                false
            ]
        },
        {
            "gain": -378.9999999999999,
            "fitness": 3.0188751701886503,
            "fitness_balanced": -7.307491532533412,
            "gains": [
                -50.0,
                -50.0,
                -30.0,
                -80.0,
                91.00000000000009,
                -90.0,
                -100,
                -70.0
            ],
            "wins": [
                false,
                false,
                false,
                false,
                true,
                false,
                false,
                false
            ]
        },
        {
            "gain": -378.9999999999999,
            "fitness": 3.0188751701886503,
            "fitness_balanced": -7.307491532533412,
            "gains": [
                -50.0,
                -50.0,
                -30.0,
                -80.0,
                91.00000000000009,
                -90.0,
                -100,
                -70.0
            ],
            "wins": [
                false,
                false,
                false,
                false,
                true,
                false,
                false,
                false
            ]
        },
        {
            "gain": -378.9999999999999,
            "fitness": 3.0188751701886503,
            "fitness_balanced": -7.307491532533412,
            "gains": [
                -50.0,
                -50.0,
                -30.0,
                -80.0,
                91.00000000000009,
                -90.0,
                -100,
                -70.0
            ],
            "wins": [
                false,
                false,
                false,
                false,
                true,
                false,
                false,
                false
            ]
        }
    ]
}