{
    "gen": 29,
    "enemies": [
        1,
        2,
        3,
        4,
        5,
        6,
        7,
        8
    ],
    "results": [
        {
            "gain": -269.3999999999992,
            "fitness": -0.7158564894186128,
            "fitness_balanced": 69.05974528872274,
            "gains": [
                -70.0,
                -100,
                -80.0,
                70.60000000000028,
                29.80000000000026,
                -70.0,
                -100,
                50.20000000000031
            ],
            "wins": [
                false,
                false,
                false,
                true,
                true,
                false,
                false,
                true
            ]
        },
        {
            "gain": -269.3999999999992,
            "fitness": -0.7158564894186128,
            "fitness_balanced": 69.05974528872274,
            "gains": [
                -70.0,
                -100,
                -80.0,
                70.60000000000028,
                29.80000000000026,
                -70.0,
                -100,
                50.20000000000031
            ],
            "wins": [
                false,
                false,
                false,
                true,
                true,
                false,
                false,
                true
            ]
        },
        {
            "gain": -269.3999999999992,
            "fitness": -0.7158564894186128,
            "fitness_balanced": 69.05974528872274,
            "gains": [
                -70.0,
                -100,
                -80.0,
                70.60000000000028,
                29.80000000000026,
                -70.0,
                -100,
                50.20000000000031
            ],
            "wins": [
                false,
                false,
                false,
                true,
                true,
                false,
                false,
                true
            ]
        },
        {
            "gain": -269.3999999999992,
            "fitness": -0.7158564894186128,
            "fitness_balanced": 69.05974528872274,
            "gains": [
                -70.0,
                -100,
                -80.0,
                70.60000000000028,
                29.80000000000026,
                -70.0,
                -100,
                50.20000000000031
            ],
            "wins": [
                false,
                false,
                false,
                true,
                true,
                false,
                false,
                true
            ]
        },
        {
            "gain": -269.3999999999992,
            "fitness": -0.7158564894186128,
            "fitness_balanced": 69.05974528872274,
            "gains": [
                -70.0,
                -100,
                -80.0,
                70.60000000000028,
                29.80000000000026,
                -70.0,
                -100,
                50.20000000000031
            ],
            "wins": [
                false,
                false,
                false,
                true,
                true,
                false,
                false,
                true
            ]
        }
    ]
}