{
    "gen": 29,
    "enemies": [
        4
    ],
    "results": [
        {
            "gain": 70.60000000000028,
            "fitness": 90.55272228761501,
            "fitness_balanced": 78.79123086302846,
            "wins": [
                true
            ]
        }
    ]
}