{
    "gen": 29,
    "enemies": [
        1,
        2,
        3,
        4,
        5,
        6,
        7,
        8
    ],
    "results": [
        {
            "gain": -364.79999999999995,
            "fitness": 1.3871004978287544,
            "fitness_balanced": 33.19317063960782,
            "gains": [
                -40.0,
                -70.0,
                -50.0,
                -80.0,
                95.20000000000005,
                -100,
                -100,
                -20.0
            ],
            "wins": [
                false,
                false,
                false,
                false,
                true,
                false,
                false,
                false
            ]
        },
        {
            "gain": -364.79999999999995,
            "fitness": 1.3871004978287544,
            "fitness_balanced": 33.19317063960782,
            "gains": [
                -40.0,
                -70.0,
                -50.0,
                -80.0,
                95.20000000000005,
                -100,
                -100,
                -20.0
            ],
            "wins": [
                false,
                false,
                false,
                false,
                true,
                false,
                false,
                false
            ]
        },
        {
            "gain": -364.79999999999995,
            "fitness": 1.3871004978287544,
            "fitness_balanced": 33.19317063960782,
            "gains": [
                -40.0,
                -70.0,
                -50.0,
                -80.0,
                95.20000000000005,
                -100,
                -100,
                -20.0
            ],
            "wins": [
                false,
                false,
                false,
                false,
                true,
                false,
                false,
                false
            ]
        },
        {
            "gain": -364.79999999999995,
            "fitness": 1.3871004978287544,
            "fitness_balanced": 33.19317063960782,
            "gains": [
                -40.0,
                -70.0,
                -50.0,
                -80.0,
                95.20000000000005,
                -100,
                -100,
                -20.0
            ],
            "wins": [
                false,
                false,
                false,
                false,
                true,
                false,
                false,
                false
            ]
        },
        {
            "gain": -364.79999999999995,
            "fitness": 1.3871004978287544,
            "fitness_balanced": 33.19317063960782,
            "gains": [
                -40.0,
                -70.0,
                -50.0,
                -80.0,
                95.20000000000005,
                -100,
                -100,
                -20.0
            ],
            "wins": [
                false,
                false,
                false,
                false,
                true,
                false,
                false,
                false
            ]
        }
    ]
}