{
    "gen": 29,
    "enemies": [
        4
    ],
    "results": [
        {
            "gain": 37.00000000000028,
            "fitness": 86.8185886963575,
            "fitness_balanced": 61.61756252900229,
            "wins": [
                true
            ]
        }
    ]
}