{
    "gen": 29,
    "enemies": [
        1,
        2,
        3,
        4,
        5,
        6,
        7,
        8
    ],
    "results": [
        {
            "gain": -242.19999999999916,
            "fitness": 1.9276444206997567,
            "fitness_balanced": 67.23157441175604,
            "gains": [
                -100,
                -60.0,
                -50.0,
                37.00000000000028,
                74.20000000000024,
                -90.0,
                -100,
                46.6000000000003
            ],
            "wins": [
                false,
                false,
                false,
                true,
                true,
                false,
                false,
                true
            ]
        },
        {
            "gain": -242.19999999999916,
            "fitness": 1.9276444206997567,
            "fitness_balanced": 67.23157441175604,
            "gains": [
                -100,
                -60.0,
                -50.0,
                37.00000000000028,
                74.20000000000024,
                -90.0,
                -100,
                46.6000000000003
            ],
            "wins": [
                false,
                false,
                false,
                true,
                true,
                false,
                false,
                true
            ]
        },
        {
            "gain": -242.19999999999916,
            "fitness": 1.9276444206997567,
            "fitness_balanced": 67.23157441175604,
            "gains": [
                -100,
                -60.0,
                -50.0,
                37.00000000000028,
                74.20000000000024,
                -90.0,
                -100,
                46.6000000000003
            ],
            "wins": [
                false,
                false,
                false,
                true,
                true,
                false,
                false,
                true
            ]
        },
        {
            "gain": -242.19999999999916,
            "fitness": 1.9276444206997567,
            "fitness_balanced": 67.23157441175604,
            "gains": [
                -100,
                -60.0,
                -50.0,
                37.00000000000028,
                74.20000000000024,
                -90.0,
                -100,
                46.6000000000003
            ],
            "wins": [
                false,
                false,
                false,
                true,
                true,
                false,
                false,
                true
            ]
        },
        {
            "gain": -242.19999999999916,
            "fitness": 1.9276444206997567,
            "fitness_balanced": 67.23157441175604,
            "gains": [
                -100,
                -60.0,
                -50.0,
                37.00000000000028,
                74.20000000000024,
                -90.0,
                -100,
                46.6000000000003
            ],
            "wins": [
                false,
                false,
                false,
                true,
                true,
                false,
                false,
                true
            ]
        }
    ]
}