{
    "gen": 29,
    "enemies": [
        4
    ],
    "results": [
        {
            "gain": 5.240000000000164,
            "fitness": 71.4408476258642,
            "fitness_balanced": 61.201405065464925,
            "wins": [
                0.6
            ]
        }
    ]
}