{
    "gen": 29,
    "enemies": [
        1,
        2,
        3,
        4,
        5,
        6,
        7,
        8
    ],
    "results": [
        {
            "gain": -319.39999999999986,
            "fitness": 4.941069168742786,
            "fitness_balanced": -4.3901399825304495,
            "gains": [
                -60.0,
                -60.0,
                28,
                -60.0,
                82.60000000000016,
                -90.0,
                -100,
                -60.0
            ],
            "wins": [
                false,
                false,
                true,
                false,
                true,
                false,
                false,
                false
            ]
        },
        {
            "gain": -319.39999999999986,
            "fitness": 4.941069168742786,
            "fitness_balanced": -4.3901399825304495,
            "gains": [
                -60.0,
                -60.0,
                28,
                -60.0,
                82.60000000000016,
                -90.0,
                -100,
                -60.0
            ],
            "wins": [
                false,
                false,
                true,
                false,
                true,
                false,
                false,
                false
            ]
        },
        {
            "gain": -319.39999999999986,
            "fitness": 4.941069168742786,
            "fitness_balanced": -4.3901399825304495,
            "gains": [
                -60.0,
                -60.0,
                28,
                -60.0,
                82.60000000000016,
                -90.0,
                -100,
                -60.0
            ],
            "wins": [
                false,
                false,
                true,
                false,
                true,
                false,
                false,
                false
            ]
        },
        {
            "gain": -319.39999999999986,
            "fitness": 4.941069168742786,
            "fitness_balanced": -4.3901399825304495,
            "gains": [
                -60.0,
                -60.0,
                28,
                -60.0,
                82.60000000000016,
                -90.0,
                -100,
                -60.0
            ],
            "wins": [
                false,
                false,
                true,
                false,
                true,
                false,
                false,
                false
            ]
        },
        {
            "gain": -319.39999999999986,
            "fitness": 4.941069168742786,
            "fitness_balanced": -4.3901399825304495,
            "gains": [
                -60.0,
                -60.0,
                28,
                -60.0,
                82.60000000000016,
                -90.0,
                -100,
                -60.0
            ],
            "wins": [
                false,
                false,
                true,
                false,
                true,
                false,
                false,
                false
            ]
        }
    ]
}