{
    "gen": 29,
    "enemies": [
        3
    ],
    "results": [
        {
            "gain": -30.4,
            "fitness": 52.10750041392345,
            "fitness_balanced": 28.744249958246634,
            "wins": [
                0.2
            ]
        }
    ]
}