{
    "gen": 29,
    "enemies": [
        1,
        2,
        3,
        4,
        5,
        6,
        7,
        8
    ],
    "results": [
        {
            "gain": -406.79999999999956,
            "fitness": -8.326308179655381,
            "fitness_balanced": -9.500612251865032,
            "gains": [
                -90.0,
                -90.0,
                -80.0,
                64.00000000000034,
                19.200000000000102,
                -100,
                -100,
                -30.0
            ],
            "wins": [
                false,
                false,
                false,
                true,
                false,
                false,
                false,
                false
            ]
        },
        {
            "gain": -406.79999999999956,
            "fitness": -8.326308179655381,
            "fitness_balanced": -9.500612251865032,
            "gains": [
                -90.0,
                -90.0,
                -80.0,
                64.00000000000034,
                19.200000000000102,
                -100,
                -100,
                -30.0
            ],
            "wins": [
                false,
                false,
                false,
                true,
                false,
                false,
                false,
                false
            ]
        },
        {
            "gain": -406.79999999999956,
            "fitness": -8.326308179655381,
            "fitness_balanced": -9.500612251865032,
            "gains": [
                -90.0,
                -90.0,
                -80.0,
                64.00000000000034,
                19.200000000000102,
                -100,
                -100,
                -30.0
            ],
            "wins": [
                false,
                false,
                false,
                true,
                false,
                false,
                false,
                false
            ]
        },
        {
            "gain": -406.79999999999956,
            "fitness": -8.326308179655381,
            "fitness_balanced": -9.500612251865032,
            "gains": [
                -90.0,
                -90.0,
                -80.0,
                64.00000000000034,
                19.200000000000102,
                -100,
                -100,
                -30.0
            ],
            "wins": [
                false,
                false,
                false,
                true,
                false,
                false,
                false,
                false
            ]
        },
        {
            "gain": -406.79999999999956,
            "fitness": -8.326308179655381,
            "fitness_balanced": -9.500612251865032,
            "gains": [
                -90.0,
                -90.0,
                -80.0,
                64.00000000000034,
                19.200000000000102,
                -100,
                -100,
                -30.0
            ],
            "wins": [
                false,
                false,
                false,
                true,
                false,
                false,
                false,
                false
            ]
        }
    ]
}