{
    "gen": 29,
    "enemies": [
        8
    ],
    "results": [
        {
            "gain": 63.40000000000034,
            "fitness": 90.41307397402961,
            "fitness_balanced": 75.77041085661028,
            "wins": [
                true
            ]
        }
    ]
}