{
    "gen": 29,
    "enemies": [
        1,
        2,
        3,
        4,
        5,
        6,
        7,
        8
    ],
    "results": [
        {
            "gain": -346.1999999999996,
            "fitness": -1.7598517917220384,
            "fitness_balanced": 75.77041085661028,
            "gains": [
                -100,
                -60.0,
                -50.0,
                -20.0,
                10.400000000000091,
                -90.0,
                -100,
                63.40000000000034
            ],
            "wins": [
                false,
                false,
                false,
                false,
                false,
                false,
                false,
                true
            ]
        },
        {
            "gain": -346.1999999999996,
            "fitness": -1.7598517917220384,
            "fitness_balanced": 75.77041085661028,
            "gains": [
                -100,
                -60.0,
                -50.0,
                -20.0,
                10.400000000000091,
                -90.0,
                -100,
                63.40000000000034
            ],
            "wins": [
                false,
                false,
                false,
                false,
                false,
                false,
                false,
                true
            ]
        },
        {
            "gain": -346.1999999999996,
            "fitness": -1.7598517917220384,
            "fitness_balanced": 75.77041085661028,
            "gains": [
                -100,
                -60.0,
                -50.0,
                -20.0,
                10.400000000000091,
                -90.0,
                -100,
                63.40000000000034
            ],
            "wins": [
                false,
                false,
                false,
                false,
                false,
                false,
                false,
                true
            ]
        },
        {
            "gain": -346.1999999999996,
            "fitness": -1.7598517917220384,
            "fitness_balanced": 75.77041085661028,
            "gains": [
                -100,
                -60.0,
                -50.0,
                -20.0,
                10.400000000000091,
                -90.0,
                -100,
                63.40000000000034
            ],
            "wins": [
                false,
                false,
                false,
                false,
                false,
                false,
                false,
                true
            ]
        },
        {
            "gain": -346.1999999999996,
            "fitness": -1.7598517917220384,
            "fitness_balanced": 75.77041085661028,
            "gains": [
                -100,
                -60.0,
                -50.0,
                -20.0,
                10.400000000000091,
                -90.0,
                -100,
                63.40000000000034
            ],
            "wins": [
                false,
                false,
                false,
                false,
                false,
                false,
                false,
                true
            ]
        }
    ]
}