{
    "gen": 29,
    "enemies": [
        1
    ],
    "results": [
        {
            "gain": 0.0,
            "fitness": 64.52516667633766,
            "fitness_balanced": 94.91240366476762,
            "wins": [
                0.25
            ]
        }
    ]
}