{
    "gen": 29,
    "enemies": [
        1,
        2,
        3,
        4,
        5,
        6,
        7,
        8
    ],
    "results": [
        {
            "gain": -470.99999999999966,
            "fitness": -14.294999718055582,
            "fitness_balanced": 9.147797520225526,
            "gains": [
                100,
                -100,
                -80.0,
                -80.0,
                -40.999999999999694,
                -100,
                -100,
                -70.0
            ],
            "wins": [
                true,
                false,
                false,
                false,
                false,
                false,
                false,
                false
            ]
        },
        {
            "gain": -470.99999999999966,
            "fitness": -14.294999718055582,
            "fitness_balanced": 9.147797520225526,
            "gains": [
                100,
                -100,
                -80.0,
                -80.0,
                -40.999999999999694,
                -100,
                -100,
                -70.0
            ],
            "wins": [
                true,
                false,
                false,
                false,
                false,
                false,
                false,
                false
            ]
        },
        {
            "gain": -470.99999999999966,
            "fitness": -14.294999718055582,
            "fitness_balanced": 9.147797520225526,
            "gains": [
                100,
                -100,
                -80.0,
                -80.0,
                -40.999999999999694,
                -100,
                -100,
                -70.0
            ],
            "wins": [
                true,
                false,
                false,
                false,
                false,
                false,
                false,
                false
            ]
        },
        {
            "gain": -470.99999999999966,
            "fitness": -14.294999718055582,
            "fitness_balanced": 9.147797520225526,
            "gains": [
                100,
                -100,
                -80.0,
                -80.0,
                -40.999999999999694,
                -100,
                -100,
                -70.0
            ],
            "wins": [
                true,
                false,
                false,
                false,
                false,
                false,
                false,
                false
            ]
        },
        {
            "gain": -470.99999999999966,
            "fitness": -14.294999718055582,
            "fitness_balanced": 9.147797520225526,
            "gains": [
                100,
                -100,
                -80.0,
                -80.0,
                -40.999999999999694,
                -100,
                -100,
                -70.0
            ],
            "wins": [
                true,
                false,
                false,
                false,
                false,
                false,
                false,
                false
            ]
        }
    ]
}