{
    "gen": 29,
    "enemies": [
        7
    ],
    "results": [
        {
            "gain": 11.60000000000008,
            "fitness": 69.80001788253321,
            "fitness_balanced": 83.45250552318666,
            "wins": [
                0.4
            ]
        }
    ]
}