{
    "gen": 29,
    "enemies": [
        7
    ],
    "results": [
        {
            "gain": 61.000000000000334,
            "fitness": 90.74814186652397,
            "fitness_balanced": 75.14341372532816,
            "wins": [
                true
            ]
        }
    ]
}