{
    "gen": 29,
    "enemies": [
        4
    ],
    "results": [
        {
            "gain": 58.00000000000033,
            "fitness": 88.74210206258819,
            "fitness_balanced": 71.9412418474815,
            "wins": [
                true
            ]
        }
    ]
}