{
    "gen": 29,
    "enemies": [
        4
    ],
    "results": [
        {
            "gain": 26.880000000000233,
            "fitness": 79.30211576857438,
            "fitness_balanced": 62.35711936420823,
            "wins": [
                0.8
            ]
        }
    ]
}