{
    "gen": 29,
    "enemies": [
        4
    ],
    "results": [
        {
            "gain": 31.72000000000018,
            "fitness": 83.449701831889,
            "fitness_balanced": 33.406955465857564,
            "wins": [
                0.8
            ]
        }
    ]
}