{
    "gen": 29,
    "enemies": [
        4
    ],
    "results": [
        {
            "gain": 78.4000000000002,
            "fitness": 91.40384963163059,
            "fitness_balanced": 82.7622483502637,
            "wins": [
                true
            ]
        }
    ]
}