{
    "gen": 29,
    "enemies": [
        1,
        2,
        3,
        4,
        5,
        6,
        7,
        8
    ],
    "results": [
        {
            "gain": -215.39999999999966,
            "fitness": 15.335311863951187,
            "fitness_balanced": 4.592828228539881,
            "gains": [
                -70.0,
                70,
                -50.0,
                -70.0,
                64.60000000000034,
                -70.0,
                -10.0,
                -80.0
            ],
            "wins": [
                false,
                true,
                false,
                false,
                true,
                false,
                false,
                false
            ]
        },
        {
            "gain": -215.39999999999966,
            "fitness": 15.335311863951187,
            "fitness_balanced": 4.592828228539881,
            "gains": [
                -70.0,
                70,
                -50.0,
                -70.0,
                64.60000000000034,
                -70.0,
                -10.0,
                -80.0
            ],
            "wins": [
                false,
                true,
                false,
                false,
                true,
                false,
                false,
                false
            ]
        },
        {
            "gain": -215.39999999999966,
            "fitness": 15.335311863951187,
            "fitness_balanced": 4.592828228539881,
            "gains": [
                -70.0,
                70,
                -50.0,
                -70.0,
                64.60000000000034,
                -70.0,
                -10.0,
                -80.0
            ],
            "wins": [
                false,
                true,
                false,
                false,
                true,
                false,
                false,
                false
            ]
        },
        {
            "gain": -215.39999999999966,
            "fitness": 15.335311863951187,
            "fitness_balanced": 4.592828228539881,
            "gains": [
                -70.0,
                70,
                -50.0,
                -70.0,
                64.60000000000034,
                -70.0,
                -10.0,
                -80.0
            ],
            "wins": [
                false,
                true,
                false,
                false,
                true,
                false,
                false,
                false
            ]
        },
        {
            "gain": -215.39999999999966,
            "fitness": 15.335311863951187,
            "fitness_balanced": 4.592828228539881,
            "gains": [
                -70.0,
                70,
                -50.0,
                -70.0,
                64.60000000000034,
                -70.0,
                -10.0,
                -80.0
            ],
            "wins": [
                false,
                true,
                false,
                false,
                true,
                false,
                false,
                false
            ]
        }
    ]
}