{
    "gen": 29,
    "enemies": [
        1,
        2,
        3,
        4,
        5,
        6,
        7,
        8
    ],
    "results": [
        {
            "gain": -128.39999999999966,
            "fitness": 25.776385592866294,
            "fitness_balanced": 7.434468557346005,
            "gains": [
                -80.0,
                90,
                -20.0,
                -80.0,
                61.600000000000335,
                -40.0,
                -20.0,
                -40.0
            ],
            "wins": [
                false,
                true,
                false,
                false,
                true,
                false,
                false,
                false
            ]
        },
        {
            "gain": -128.39999999999966,
            "fitness": 25.776385592866294,
            "fitness_balanced": 7.434468557346005,
            "gains": [
                -80.0,
                90,
                -20.0,
                -80.0,
                61.600000000000335,
                -40.0,
                -20.0,
                -40.0
            ],
            "wins": [
                false,
                true,
                false,
                false,
                true,
                false,
                false,
                false
            ]
        },
        {
            "gain": -128.39999999999966,
            "fitness": 25.776385592866294,
            "fitness_balanced": 7.434468557346005,
            "gains": [
                -80.0,
                90,
                -20.0,
                -80.0,
                61.600000000000335,
                -40.0,
                -20.0,
                -40.0
            ],
            "wins": [
                false,
                true,
                false,
                false,
                true,
                false,
                false,
                false
            ]
        },
        {
            "gain": -128.39999999999966,
            "fitness": 25.776385592866294,
            "fitness_balanced": 7.434468557346005,
            "gains": [
                -80.0,
                90,
                -20.0,
                -80.0,
                61.600000000000335,
                -40.0,
                -20.0,
                -40.0
            ],
            "wins": [
                false,
                true,
                false,
                false,
                true,
                false,
                false,
                false
            ]
        },
        {
            "gain": -128.39999999999966,
            "fitness": 25.776385592866294,
            "fitness_balanced": 7.434468557346005,
            "gains": [
                -80.0,
                90,
                -20.0,
                -80.0,
                61.600000000000335,
                -40.0,
                -20.0,
                -40.0
            ],
            "wins": [
                false,
                true,
                false,
                false,
                true,
                false,
                false,
                false
            ]
        }
    ]
}