{
    "gen": 29,
    "enemies": [
        1,
        2,
        3,
        4,
        5,
        6,
        7,
        8
    ],
    "results": [
        {
            "gain": -65.39999999999911,
            "fitness": 24.896200616676317,
            "fitness_balanced": 11.753474861878292,
            "gains": [
                66,
                -60.0,
                -50.0,
                54.40000000000032,
                44.600000000000335,
                19.600000000000236,
                -100,
                -40.0
            ],
            "wins": [
                true,
                false,
                false,
                true,
                false,
                true,
                false,
                false
            ]
        },
        {
            "gain": -65.39999999999911,
            "fitness": 24.896200616676317,
            "fitness_balanced": 11.753474861878292,
            "gains": [
                66,
                -60.0,
                -50.0,
                54.40000000000032,
                44.600000000000335,
                19.600000000000236,
                -100,
                -40.0
            ],
            "wins": [
                true,
                false,
                false,
                true,
                false,
                true,
                false,
                false
            ]
        },
        {
            "gain": -65.39999999999911,
            "fitness": 24.896200616676317,
            "fitness_balanced": 11.753474861878292,
            "gains": [
                66,
                -60.0,
                -50.0,
                54.40000000000032,
                44.600000000000335,
                19.600000000000236,
                -100,
                -40.0
            ],
            "wins": [
                true,
                false,
                false,
                true,
                false,
                true,
                false,
                false
            ]
        },
        {
            "gain": -65.39999999999911,
            "fitness": 24.896200616676317,
            "fitness_balanced": 11.753474861878292,
            "gains": [
                66,
                -60.0,
                -50.0,
                54.40000000000032,
                44.600000000000335,
                19.600000000000236,
                -100,
                -40.0
            ],
            "wins": [
                true,
                false,
                false,
                true,
                false,
                true,
                false,
                false
            ]
        },
        {
            "gain": -65.39999999999911,
            "fitness": 24.896200616676317,
            "fitness_balanced": 11.753474861878292,
            "gains": [
                66,
                -60.0,
                -50.0,
                54.40000000000032,
                44.600000000000335,
                19.600000000000236,
                -100,
                -40.0
            ],
            "wins": [
                true,
                false,
                false,
                true,
                false,
                true,
                false,
                false
            ]
        }
    ]
}