{
    "gen": 29,
    "enemies": [
        1,
        2,
        3,
        4,
        5,
        6,
        7,
        8
    ],
    "results": [
        {
            "gain": -319.1999999999997,
            "fitness": 7.051062193591584,
            "fitness_balanced": 23.393349813801784,
            "gains": [
                -50.0,
                -70.0,
                -60.0,
                0.40000000000023406,
                90.40000000000009,
                -90.0,
                -100,
                -40.0
            ],
            "wins": [
                false,
                false,
                false,
                true,
                true,
                false,
                false,
                false
            ]
        },
        {
            "gain": -319.1999999999997,
            "fitness": 7.051062193591584,
            "fitness_balanced": 23.393349813801784,
            "gains": [
                -50.0,
                -70.0,
                -60.0,
                0.40000000000023406,
                90.40000000000009,
                -90.0,
                -100,
                -40.0
            ],
            "wins": [
                false,
                false,
                false,
                true,
                true,
                false,
                false,
                false
            ]
        },
        {
            "gain": -319.1999999999997,
            "fitness": 7.051062193591584,
            "fitness_balanced": 23.393349813801784,
            "gains": [
                -50.0,
                -70.0,
                -60.0,
                0.40000000000023406,
                90.40000000000009,
                -90.0,
                -100,
                -40.0
            ],
            "wins": [
                false,
                false,
                false,
                true,
                true,
                false,
                false,
                false
            ]
        },
        {
            "gain": -319.1999999999997,
            "fitness": 7.051062193591584,
            "fitness_balanced": 23.393349813801784,
            "gains": [
                -50.0,
                -70.0,
                -60.0,
                0.40000000000023406,
                90.40000000000009,
                -90.0,
                -100,
                -40.0
            ],
            "wins": [
                false,
                false,
                false,
                true,
                true,
                false,
                false,
                false
            ]
        },
        {
            "gain": -319.1999999999997,
            "fitness": 7.051062193591584,
            "fitness_balanced": 23.393349813801784,
            "gains": [
                -50.0,
                -70.0,
                -60.0,
                0.40000000000023406,
                90.40000000000009,
                -90.0,
                -100,
                -40.0
            ],
            "wins": [
                false,
                false,
                false,
                true,
                true,
                false,
                false,
                false
            ]
        }
    ]
}