{
    "gen": 29,
    "enemies": [
        5
    ],
    "results": [
        {
            "gain": 75.55000000000021,
            "fitness": 92.11522954518193,
            "fitness_balanced": 81.77041085661023,
            "wins": [
                1.0
            ]
        }
    ]
}