{
    "gen": 29,
    "enemies": [
        2
    ],
    "results": [
        {
            "gain": 66.4,
            "fitness": 88.27387618425013,
            "fitness_balanced": 93.87603602059674,
            "wins": [
                0.8
            ]
        }
    ]
}