{
    "gen": 29,
    "enemies": [
        1
    ],
    "results": [
        {
            "gain": 0.0,
            "fitness": 64.81036594516357,
            "fitness_balanced": 39.168117522716486,
            "wins": [
                0.25
            ]
        }
    ]
}