{
    "gen": 29,
    "enemies": [
        1,
        2,
        3,
        4,
        5,
        6,
        7,
        8
    ],
    "results": [
        {
            "gain": -355.39999999999975,
            "fitness": -7.9116808432093855,
            "fitness_balanced": -12.161435403784338,
            "gains": [
                100,
                -30.0,
                -80.0,
                -90.0,
                34.60000000000027,
                -100,
                -100,
                -90.0
            ],
            "wins": [
                true,
                false,
                false,
                false,
                true,
                false,
                false,
                false
            ]
        },
        {
            "gain": -355.39999999999975,
            "fitness": -7.9116808432093855,
            "fitness_balanced": -12.161435403784338,
            "gains": [
                100,
                -30.0,
                -80.0,
                -90.0,
                34.60000000000027,
                -100,
                -100,
                -90.0
            ],
            "wins": [
                true,
                false,
                false,
                false,
                true,
                false,
                false,
                false
            ]
        },
        {
            "gain": -355.39999999999975,
            "fitness": -7.9116808432093855,
            "fitness_balanced": -12.161435403784338,
            "gains": [
                100,
                -30.0,
                -80.0,
                -90.0,
                34.60000000000027,
                -100,
                -100,
                -90.0
            ],
            "wins": [
                true,
                false,
                false,
                false,
                true,
                false,
                false,
                false
            ]
        },
        {
            "gain": -355.39999999999975,
            "fitness": -7.9116808432093855,
            "fitness_balanced": -12.161435403784338,
            "gains": [
                100,
                -30.0,
                -80.0,
                -90.0,
                34.60000000000027,
                -100,
                -100,
                -90.0
            ],
            "wins": [
                true,
                false,
                false,
                false,
                true,
                false,
                false,
                false
            ]
        },
        {
            "gain": -355.39999999999975,
            "fitness": -7.9116808432093855,
            "fitness_balanced": -12.161435403784338,
            "gains": [
                100,
                -30.0,
                -80.0,
                -90.0,
                34.60000000000027,
                -100,
                -100,
                -90.0
            ],
            "wins": [
                true,
                false,
                false,
                false,
                true,
                false,
                false,
                false
            ]
        }
    ]
}