{
    "gen": 29,
    "enemies": [
        1,
        2,
        3,
        4,
        5,
        6,
        7,
        8
    ],
    "results": [
        {
            "gain": -237.39999999999984,
            "fitness": 10.100148038276831,
            "fitness_balanced": -2.839461131721528,
            "gains": [
                -50.0,
                -50.0,
                80,
                -70.0,
                82.60000000000016,
                -80.0,
                -90.0,
                -60.0
            ],
            "wins": [
                false,
                false,
                true,
                false,
                true,
                false,
                false,
                false
            ]
        },
        {
            "gain": -237.39999999999984,
            "fitness": 10.100148038276831,
            "fitness_balanced": -2.839461131721528,
            "gains": [
                -50.0,
                -50.0,
                80,
                -70.0,
                82.60000000000016,
                -80.0,
                -90.0,
                -60.0
            ],
            "wins": [
                false,
                false,
                true,
                false,
                true,
                false,
                false,
                false
            ]
        },
        {
            "gain": -237.39999999999984,
            "fitness": 10.100148038276831,
            "fitness_balanced": -2.839461131721528,
            "gains": [
                -50.0,
                -50.0,
                80,
                -70.0,
                82.60000000000016,
                -80.0,
                -90.0,
                -60.0
            ],
            "wins": [
                false,
                false,
                true,
                false,
                true,
                false,
                false,
                false
            ]
        },
        {
            "gain": -237.39999999999984,
            "fitness": 10.100148038276831,
            "fitness_balanced": -2.839461131721528,
            "gains": [
                -50.0,
                -50.0,
                80,
                -70.0,
                82.60000000000016,
                -80.0,
                -90.0,
                -60.0
            ],
            "wins": [
                false,
                false,
                true,
                false,
                true,
                false,
                false,
                false
            ]
        },
        {
            "gain": -237.39999999999984,
            "fitness": 10.100148038276831,
            "fitness_balanced": -2.839461131721528,
            "gains": [
                -50.0,
                -50.0,
                80,
                -70.0,
                82.60000000000016,
                -80.0,
                -90.0,
                -60.0
            ],
            "wins": [
                false,
                false,
                true,
                false,
                true,
                false,
                false,
                false
            ]
        }
    ]
}