{
    "gen": 29,
    "enemies": [
        1,
        2,
        3,
        4,
        5,
        6,
        7,
        8
    ],
    "results": [
        {
            "gain": -500.19999999999914,
            "fitness": -15.789697686515481,
            "fitness_balanced": -13.315442360821997,
            "gains": [
                -80.0,
                -90.0,
                -100,
                69.40000000000029,
                -41.99999999999967,
                -90.0,
                -100,
                -67.59999999999977
            ],
            "wins": [
                false,
                false,
                false,
                true,
                false,
                false,
                false,
                false
            ]
        },
        {
            "gain": -500.19999999999914,
            "fitness": -15.789697686515481,
            "fitness_balanced": -13.315442360821997,
            "gains": [
                -80.0,
                -90.0,
                -100,
                69.40000000000029,
                -41.99999999999967,
                -90.0,
                -100,
                -67.59999999999977
            ],
            "wins": [
                false,
                false,
                false,
                true,
                false,
                false,
                false,
                false
            ]
        },
        {
            "gain": -500.19999999999914,
            "fitness": -15.789697686515481,
            "fitness_balanced": -13.315442360821997,
            "gains": [
                -80.0,
                -90.0,
                -100,
                69.40000000000029,
                -41.99999999999967,
                -90.0,
                -100,
                -67.59999999999977
            ],
            "wins": [
                false,
                false,
                false,
                true,
                false,
                false,
                false,
                false
            ]
        },
        {
            "gain": -500.19999999999914,
            "fitness": -15.789697686515481,
            "fitness_balanced": -13.315442360821997,
            "gains": [
                -80.0,
                -90.0,
                -100,
                69.40000000000029,
                -41.99999999999967,
                -90.0,
                -100,
                -67.59999999999977
            ],
            "wins": [
                false,
                false,
                false,
                true,
                false,
                false,
                false,
                false
            ]
        },
        {
            "gain": -500.19999999999914,
            "fitness": -15.789697686515481,
            "fitness_balanced": -13.315442360821997,
            "gains": [
                -80.0,
                -90.0,
                -100,
                69.40000000000029,
                -41.99999999999967,
                -90.0,
                -100,
                -67.59999999999977
            ],
            "wins": [
                false,
                false,
                false,
                true,
                false,
                false,
                false,
                false
            ]
        }
    ]
}