{
    "gen": 29,
    "enemies": [
        8
    ],
    "results": [
        {
            "gain": 78.4000000000002,
            "fitness": 91.99067522005316,
            "fitness_balanced": 83.34779752022563,
            "wins": [
                true
            ]
        }
    ]
}