{
    "gen": 29,
    "enemies": [
        8
    ],
    "results": [
        {
            "gain": 74.20000000000024,
            "fitness": 92.00389959779561,
            "fitness_balanced": 81.67946500072783,
            "wins": [
                true
            ]
        }
    ]
}