{
    "gen": 29,
    "enemies": [
        1,
        2,
        3,
        4,
        5,
        6,
        7,
        8
    ],
    "results": [
        {
            "gain": -409.3999999999995,
            "fitness": -2.378066089409316,
            "fitness_balanced": -8.201603916848327,
            "gains": [
                -100,
                -70.0,
                -70.0,
                -40.0,
                -13.599999999999767,
                -90.0,
                -100,
                74.20000000000024
            ],
            "wins": [
                false,
                false,
                false,
                false,
                false,
                false,
                false,
                true
            ]
        },
        {
            "gain": -409.3999999999995,
            "fitness": -2.378066089409316,
            "fitness_balanced": -8.201603916848327,
            "gains": [
                -100,
                -70.0,
                -70.0,
                -40.0,
                -13.599999999999767,
                -90.0,
                -100,
                74.20000000000024
            ],
            "wins": [
                false,
                false,
                false,
                false,
                false,
                false,
                false,
                true
            ]
        },
        {
            "gain": -409.3999999999995,
            "fitness": -2.378066089409316,
            "fitness_balanced": -8.201603916848327,
            "gains": [
                -100,
                -70.0,
                -70.0,
                -40.0,
                -13.599999999999767,
                -90.0,
                -100,
                74.20000000000024
            ],
            "wins": [
                false,
                false,
                false,
                false,
                false,
                false,
                false,
                true
            ]
        },
        {
            "gain": -409.3999999999995,
            "fitness": -2.378066089409316,
            "fitness_balanced": -8.201603916848327,
            "gains": [
                -100,
                -70.0,
                -70.0,
                -40.0,
                -13.599999999999767,
                -90.0,
                -100,
                74.20000000000024
            ],
            "wins": [
                false,
                false,
                false,
                false,
                false,
                false,
                false,
                true
            ]
        },
        {
            "gain": -409.3999999999995,
            "fitness": -2.378066089409316,
            "fitness_balanced": -8.201603916848327,
            "gains": [
                -100,
                -70.0,
                -70.0,
                -40.0,
                -13.599999999999767,
                -90.0,
                -100,
                74.20000000000024
            ],
            "wins": [
                false,
                false,
                false,
                false,
                false,
                false,
                false,
                true
            ]
        }
    ]
}