{
    "gen": 29,
    "enemies": [
        6
    ],
    "results": [
        {
            "gain": 64.00000000000034,
            "fitness": 90.18539190157784,
            "fitness_balanced": 75.7833938989153,
            "wins": [
                true
            ]
        }
    ]
}