{
    "gen": 29,
    "enemies": [
        4
    ],
    "results": [
        {
            "gain": 4.520000000000192,
            "fitness": 61.682633478123265,
            "fitness_balanced": 4.45092391510478,
            "wins": [
                0.6
            ]
        }
    ]
}