{
    "gen": 29,
    "enemies": [
        1,
        2,
        3,
        4,
        5,
        6,
        7,
        8
    ],
    "results": [
        {
            "gain": -149.5999999999991,
            "fitness": 24.684771003130226,
            "fitness_balanced": 8.727170968227284,
            "gains": [
                -70.0,
                -40.0,
                -70.0,
                -60.0,
                56.800000000000324,
                60.40000000000033,
                23.200000000000244,
                -50.0
            ],
            "wins": [
                false,
                false,
                false,
                false,
                true,
                true,
                true,
                false
            ]
        },
        {
            "gain": -149.5999999999991,
            "fitness": 24.684771003130226,
            "fitness_balanced": 8.727170968227284,
            "gains": [
                -70.0,
                -40.0,
                -70.0,
                -60.0,
                56.800000000000324,
                60.40000000000033,
                23.200000000000244,
                -50.0
            ],
            "wins": [
                false,
                false,
                false,
                false,
                true,
                true,
                true,
                false
            ]
        },
        {
            "gain": -149.5999999999991,
            "fitness": 24.684771003130226,
            "fitness_balanced": 8.727170968227284,
            "gains": [
                -70.0,
                -40.0,
                -70.0,
                -60.0,
                56.800000000000324,
                60.40000000000033,
                23.200000000000244,
                -50.0
            ],
            "wins": [
                false,
                false,
                false,
                false,
                true,
                true,
                true,
                false
            ]
        },
        {
            "gain": -149.5999999999991,
            "fitness": 24.684771003130226,
            "fitness_balanced": 8.727170968227284,
            "gains": [
                -70.0,
                -40.0,
                -70.0,
                -60.0,
                56.800000000000324,
                60.40000000000033,
                23.200000000000244,
                -50.0
            ],
            "wins": [
                false,
                false,
                false,
                false,
                true,
                true,
                true,
                false
            ]
        },
        {
            "gain": -149.5999999999991,
            "fitness": 24.684771003130226,
            "fitness_balanced": 8.727170968227284,
            "gains": [
                -70.0,
                -40.0,
                -70.0,
                -60.0,
                56.800000000000324,
                60.40000000000033,
                23.200000000000244,
                -50.0
            ],
            "wins": [
                false,
                false,
                false,
                false,
                true,
                true,
                true,
                false
            ]
        }
    ]
}