{
    "gen": 29,
    "enemies": [
        1,
        2,
        3,
        4,
        5,
        6,
        7,
        8
    ],
    "results": [
        {
            "gain": -307.19999999999976,
            "fitness": 6.016851665668142,
            "fitness_balanced": 4.606372453647638,
            "gains": [
                -100,
                86,
                -50.0,
                -70.0,
                26.800000000000253,
                -70.0,
                -50.0,
                -80.0
            ],
            "wins": [
                false,
                true,
                false,
                false,
                true,
                false,
                false,
                false
            ]
        },
        {
            "gain": -307.19999999999976,
            "fitness": 6.016851665668142,
            "fitness_balanced": 4.606372453647638,
            "gains": [
                -100,
                86,
                -50.0,
                -70.0,
                26.800000000000253,
                -70.0,
                -50.0,
                -80.0
            ],
            "wins": [
                false,
                true,
                false,
                false,
                true,
                false,
                false,
                false
            ]
        },
        {
            "gain": -307.19999999999976,
            "fitness": 6.016851665668142,
            "fitness_balanced": 4.606372453647638,
            "gains": [
                -100,
                86,
                -50.0,
                -70.0,
                26.800000000000253,
                -70.0,
                -50.0,
                -80.0
            ],
            "wins": [
                false,
                true,
                false,
                false,
                true,
                false,
                false,
                false
            ]
        },
        {
            "gain": -307.19999999999976,
            "fitness": 6.016851665668142,
            "fitness_balanced": 4.606372453647638,
            "gains": [
                -100,
                86,
                -50.0,
                -70.0,
                26.800000000000253,
                -70.0,
                -50.0,
                -80.0
            ],
            "wins": [
                false,
                true,
                false,
                false,
                true,
                false,
                false,
                false
            ]
        },
        {
            "gain": -307.19999999999976,
            "fitness": 6.016851665668142,
            "fitness_balanced": 4.606372453647638,
            "gains": [
                -100,
                86,
                -50.0,
                -70.0,
                26.800000000000253,
                -70.0,
                -50.0,
                -80.0
            ],
            "wins": [
                false,
                true,
                false,
                false,
                true,
                false,
                false,
                false
            ]
        }
    ]
}