{
    "gen": 29,
    "enemies": [
        1,
        2,
        3,
        4,
        5,
        6,
        7,
        8
    ],
    "results": [
        {
            "gain": -285.7999999999997,
            "fitness": -1.7956936961675751,
            "fitness_balanced": -10.119106272543622,
            "gains": [
                100,
                -50.0,
                -70.0,
                -60.0,
                74.20000000000024,
                -100,
                -90.0,
                -90.0
            ],
            "wins": [
                true,
                false,
                false,
                false,
                true,
                false,
                false,
                false
            ]
        },
        {
            "gain": -285.7999999999997,
            "fitness": -1.7956936961675751,
            "fitness_balanced": -10.119106272543622,
            "gains": [
                100,
                -50.0,
                -70.0,
                -60.0,
                74.20000000000024,
                -100,
                -90.0,
                -90.0
            ],
            "wins": [
                true,
                false,
                false,
                false,
                true,
                false,
                false,
                false
            ]
        },
        {
            "gain": -285.7999999999997,
            "fitness": -1.7956936961675751,
            "fitness_balanced": -10.119106272543622,
            "gains": [
                100,
                -50.0,
                -70.0,
                -60.0,
                74.20000000000024,
                -100,
                -90.0,
                -90.0
            ],
            "wins": [
                true,
                false,
                false,
                false,
                true,
                false,
                false,
                false
            ]
        },
        {
            "gain": -285.7999999999997,
            "fitness": -1.7956936961675751,
            "fitness_balanced": -10.119106272543622,
            "gains": [
                100,
                -50.0,
                -70.0,
                -60.0,
                74.20000000000024,
                -100,
                -90.0,
                -90.0
            ],
            "wins": [
                true,
                false,
                false,
                false,
                true,
                false,
                false,
                false
            ]
        },
        {
            "gain": -285.7999999999997,
            "fitness": -1.7956936961675751,
            "fitness_balanced": -10.119106272543622,
            "gains": [
                100,
                -50.0,
                -70.0,
                -60.0,
                74.20000000000024,
                -100,
                -90.0,
                -90.0
            ],
            "wins": [
                true,
                false,
                false,
                false,
                true,
                false,
                false,
                false
            ]
        }
    ]
}