{
    "gen": 29,
    "enemies": [
        7
    ],
    "results": [
        {
            "gain": -60.0,
            "fitness": 31.394829814011906,
            "fitness_balanced": 15.384879483158741,
            "wins": [
                false
            ]
        }
    ]
}