{
    "gen": 29,
    "enemies": [
        7
    ],
    "results": [
        {
            "gain": -28.159999999999933,
            "fitness": 50.127926096627725,
            "fitness_balanced": 15.384879483158741,
            "wins": [
                0.2
            ]
        }
    ]
}