{
    "gen": 29,
    "enemies": [
        8
    ],
    "results": [
        {
            "gain": 62.20000000000029,
            "fitness": 90.54559000753238,
            "fitness_balanced": 68.7223476767775,
            "wins": [
                1.0
            ]
        }
    ]
}