{
    "gen": 29,
    "enemies": [
        8
    ],
    "results": [
        {
            "gain": 53.52000000000017,
            "fitness": 88.16557804616127,
            "fitness_balanced": 90.2582529849404,
            "wins": [
                0.8
            ]
        }
    ]
}