{
    "gen": 29,
    "enemies": [
        5
    ],
    "results": [
        {
            "gain": 60.800000000000175,
            "fitness": 79.72448198127607,
            "fitness_balanced": 58.19124522068488,
            "wins": [
                0.75
            ]
        }
    ]
}