{
    "gen": 29,
    "enemies": [
        1,
        2,
        3,
        4,
        5,
        6,
        7,
        8
    ],
    "results": [
        {
            "gain": -566.5999999999999,
            "fitness": -21.01803218729964,
            "fitness_balanced": 8.35231162643667,
            "gains": [
                -100,
                -100,
                -90.0,
                -100,
                93.40000000000006,
                -100,
                -100,
                -70.0
            ],
            "wins": [
                false,
                false,
                false,
                false,
                true,
                false,
                false,
                false
            ]
        },
        {
            "gain": -566.5999999999999,
            "fitness": -21.01803218729964,
            "fitness_balanced": 8.35231162643667,
            "gains": [
                -100,
                -100,
                -90.0,
                -100,
                93.40000000000006,
                -100,
                -100,
                -70.0
            ],
            "wins": [
                false,
                false,
                false,
                false,
                true,
                false,
                false,
                false
            ]
        },
        {
            "gain": -566.5999999999999,
            "fitness": -21.01803218729964,
            "fitness_balanced": 8.35231162643667,
            "gains": [
                -100,
                -100,
                -90.0,
                -100,
                93.40000000000006,
                -100,
                -100,
                -70.0
            ],
            "wins": [
                false,
                false,
                false,
                false,
                true,
                false,
                false,
                false
            ]
        },
        {
            "gain": -566.5999999999999,
            "fitness": -21.01803218729964,
            "fitness_balanced": 8.35231162643667,
            "gains": [
                -100,
                -100,
                -90.0,
                -100,
                93.40000000000006,
                -100,
                -100,
                -70.0
            ],
            "wins": [
                false,
                false,
                false,
                false,
                true,
                false,
                false,
                false
            ]
        },
        {
            "gain": -566.5999999999999,
            "fitness": -21.01803218729964,
            "fitness_balanced": 8.35231162643667,
            "gains": [
                -100,
                -100,
                -90.0,
                -100,
                93.40000000000006,
                -100,
                -100,
                -70.0
            ],
            "wins": [
                false,
                false,
                false,
                false,
                true,
                false,
                false,
                false
            ]
        }
    ]
}