{
    "gen": 29,
    "enemies": [
        1,
        2,
        3,
        4,
        5,
        6,
        7,
        8
    ],
    "results": [
        {
            "gain": -252.7999999999997,
            "fitness": 9.421816105685537,
            "fitness_balanced": -0.377437277635547,
            "gains": [
                -100,
                70,
                -80.0,
                -70.0,
                -40.0,
                47.2000000000003,
                -10.0,
                -70.0
            ],
            "wins": [
                false,
                true,
                false,
                false,
                false,
                true,
                false,
                false
            ]
        },
        {
            "gain": -252.7999999999997,
            "fitness": 9.421816105685537,
            "fitness_balanced": -0.377437277635547,
            "gains": [
                -100,
                70,
                -80.0,
                -70.0,
                -40.0,
                47.2000000000003,
                -10.0,
                -70.0
            ],
            "wins": [
                false,
                true,
                false,
                false,
                false,
                true,
                false,
                false
            ]
        },
        {
            "gain": -252.7999999999997,
            "fitness": 9.421816105685537,
            "fitness_balanced": -0.377437277635547,
            "gains": [
                -100,
                70,
                -80.0,
                -70.0,
                -40.0,
                47.2000000000003,
                -10.0,
                -70.0
            ],
            "wins": [
                false,
                true,
                false,
                false,
                false,
                true,
                false,
                false
            ]
        },
        {
            "gain": -252.7999999999997,
            "fitness": 9.421816105685537,
            "fitness_balanced": -0.377437277635547,
            "gains": [
                -100,
                70,
                -80.0,
                -70.0,
                -40.0,
                47.2000000000003,
                -10.0,
                -70.0
            ],
            "wins": [
                false,
                true,
                false,
                false,
                false,
                true,
                false,
                false
            ]
        },
        {
            "gain": -252.7999999999997,
            "fitness": 9.421816105685537,
            "fitness_balanced": -0.377437277635547,
            "gains": [
                -100,
                70,
                -80.0,
                -70.0,
                -40.0,
                47.2000000000003,
                -10.0,
                -70.0
            ],
            "wins": [
                false,
                true,
                false,
                false,
                false,
                true,
                false,
                false
            ]
        }
    ]
}