{
    "gen": 29,
    "enemies": [
        8
    ],
    "results": [
        {
            "gain": 31.720000000000244,
            "fitness": 86.75914773457667,
            "fitness_balanced": 80.43480889721529,
            "wins": [
                1.0
            ]
        }
    ]
}