{
    "gen": 29,
    "enemies": [
        1,
        2,
        3,
        4,
        5,
        6,
        7,
        8
    ],
    "results": [
        {
            "gain": -333.7999999999994,
            "fitness": 4.664890455417066,
            "fitness_balanced": 63.34791083107573,
            "gains": [
                -90.0,
                -50.0,
                -80.0,
                -60.0,
                -50.0,
                57.400000000000325,
                -100,
                38.80000000000028
            ],
            "wins": [
                false,
                false,
                false,
                false,
                false,
                true,
                false,
                true
            ]
        },
        {
            "gain": -333.7999999999994,
            "fitness": 4.664890455417066,
            "fitness_balanced": 63.34791083107573,
            "gains": [
                -90.0,
                -50.0,
                -80.0,
                -60.0,
                -50.0,
                57.400000000000325,
                -100,
                38.80000000000028
            ],
            "wins": [
                false,
                false,
                false,
                false,
                false,
                true,
                false,
                true
            ]
        },
        {
            "gain": -333.7999999999994,
            "fitness": 4.664890455417066,
            "fitness_balanced": 63.34791083107573,
            "gains": [
                -90.0,
                -50.0,
                -80.0,
                -60.0,
                -50.0,
                57.400000000000325,
                -100,
                38.80000000000028
            ],
            "wins": [
                false,
                false,
                false,
                false,
                false,
                true,
                false,
                true
            ]
        },
        {
            "gain": -333.7999999999994,
            "fitness": 4.664890455417066,
            "fitness_balanced": 63.34791083107573,
            "gains": [
                -90.0,
                -50.0,
                -80.0,
                -60.0,
                -50.0,
                57.400000000000325,
                -100,
                38.80000000000028
            ],
            "wins": [
                false,
                false,
                false,
                false,
                false,
                true,
                false,
                true
            ]
        },
        {
            "gain": -333.7999999999994,
            "fitness": 4.664890455417066,
            "fitness_balanced": 63.34791083107573,
            "gains": [
                -90.0,
                -50.0,
                -80.0,
                -60.0,
                -50.0,
                57.400000000000325,
                -100,
                38.80000000000028
            ],
            "wins": [
                false,
                false,
                false,
                false,
                false,
                true,
                false,
                true
            ]
        }
    ]
}