{
    "gen": 29,
    "enemies": [
        6
    ],
    "results": [
        {
            "gain": 57.400000000000325,
            "fitness": 90.4517329693055,
            "fitness_balanced": 73.40669517527567,
            "wins": [
                true
            ]
        }
    ]
}