{
    "gen": 29,
    "enemies": [
        4
    ],
    "results": [
        {
            "gain": 12.400000000000173,
            "fitness": 68.5809177095776,
            "fitness_balanced": 71.5975006442255,
            "wins": [
                0.6
            ]
        }
    ]
}