{
    "gen": 29,
    "enemies": [
        1,
        2,
        3,
        4,
        5,
        6,
        7,
        8
    ],
    "results": [
        {
            "gain": -269.19999999999914,
            "fitness": -1.9148458747960788,
            "fitness_balanced": 68.43157441175605,
            "gains": [
                -80.0,
                -90.0,
                -80.0,
                71.80000000000027,
                40.000000000000284,
                -80.0,
                -100,
                49.000000000000306
            ],
            "wins": [
                false,
                false,
                false,
                true,
                true,
                false,
                false,
                true
            ]
        },
        {
            "gain": -269.19999999999914,
            "fitness": -1.9148458747960788,
            "fitness_balanced": 68.43157441175605,
            "gains": [
                -80.0,
                -90.0,
                -80.0,
                71.80000000000027,
                40.000000000000284,
                -80.0,
                -100,
                49.000000000000306
            ],
            "wins": [
                false,
                false,
                false,
                true,
                true,
                false,
                false,
                true
            ]
        },
        {
            "gain": -269.19999999999914,
            "fitness": -1.9148458747960788,
            "fitness_balanced": 68.43157441175605,
            "gains": [
                -80.0,
                -90.0,
                -80.0,
                71.80000000000027,
                40.000000000000284,
                -80.0,
                -100,
                49.000000000000306
            ],
            "wins": [
                false,
                false,
                false,
                true,
                true,
                false,
                false,
                true
            ]
        },
        {
            "gain": -269.19999999999914,
            "fitness": -1.9148458747960788,
            "fitness_balanced": 68.43157441175605,
            "gains": [
                -80.0,
                -90.0,
                -80.0,
                71.80000000000027,
                40.000000000000284,
                -80.0,
                -100,
                49.000000000000306
            ],
            "wins": [
                false,
                false,
                false,
                true,
                true,
                false,
                false,
                true
            ]
        },
        {
            "gain": -269.19999999999914,
            "fitness": -1.9148458747960788,
            "fitness_balanced": 68.43157441175605,
            "gains": [
                -80.0,
                -90.0,
                -80.0,
                71.80000000000027,
                40.000000000000284,
                -80.0,
                -100,
                49.000000000000306
            ],
            "wins": [
                false,
                false,
                false,
                true,
                true,
                false,
                false,
                true
            ]
        }
    ]
}