{
    "gen": 29,
    "enemies": [
        1,
        2,
        3,
        4,
        5,
        6,
        7,
        8
    ],
    "results": [
        {
            "gain": -333.99999999999966,
            "fitness": -4.081903846723215,
            "fitness_balanced": 9.086496994361731,
            "gains": [
                -60.0,
                -90.0,
                82,
                -60.0,
                64.00000000000034,
                -100,
                -100,
                -70.0
            ],
            "wins": [
                false,
                false,
                true,
                false,
                true,
                false,
                false,
                false
            ]
        },
        {
            "gain": -333.99999999999966,
            "fitness": -4.081903846723215,
            "fitness_balanced": 9.086496994361731,
            "gains": [
                -60.0,
                -90.0,
                82,
                -60.0,
                64.00000000000034,
                -100,
                -100,
                -70.0
            ],
            "wins": [
                false,
                false,
                true,
                false,
                true,
                false,
                false,
                false
            ]
        },
        {
            "gain": -333.99999999999966,
            "fitness": -4.081903846723215,
            "fitness_balanced": 9.086496994361731,
            "gains": [
                -60.0,
                -90.0,
                82,
                -60.0,
                64.00000000000034,
                -100,
                -100,
                -70.0
            ],
            "wins": [
                false,
                false,
                true,
                false,
                true,
                false,
                false,
                false
            ]
        },
        {
            "gain": -333.99999999999966,
            "fitness": -4.081903846723215,
            "fitness_balanced": 9.086496994361731,
            "gains": [
                -60.0,
                -90.0,
                82,
                -60.0,
                64.00000000000034,
                -100,
                -100,
                -70.0
            ],
            "wins": [
                false,
                false,
                true,
                false,
                true,
                false,
                false,
                false
            ]
        },
        {
            "gain": -333.99999999999966,
            "fitness": -4.081903846723215,
            "fitness_balanced": 9.086496994361731,
            "gains": [
                -60.0,
                -90.0,
                82,
                -60.0,
                64.00000000000034,
                -100,
                -100,
                -70.0
            ],
            "wins": [
                false,
                false,
                true,
                false,
                true,
                false,
                false,
                false
            ]
        }
    ]
}