{
    "gen": 29,
    "enemies": [
        1,
        2,
        3,
        4,
        5,
        6,
        7,
        8
    ],
    "results": [
        {
            "gain": -129.79999999999924,
            "fitness": 9.001744100022272,
            "fitness_balanced": 79.3723788863095,
            "gains": [
                -50.0,
                -70.0,
                -30.0,
                68.2000000000003,
                82.00000000000017,
                -100,
                -100,
                70.00000000000028
            ],
            "wins": [
                false,
                false,
                false,
                true,
                true,
                false,
                false,
                true
            ]
        },
        {
            "gain": -129.79999999999924,
            "fitness": 9.001744100022272,
            "fitness_balanced": 79.3723788863095,
            "gains": [
                -50.0,
                -70.0,
                -30.0,
                68.2000000000003,
                82.00000000000017,
                -100,
                -100,
                70.00000000000028
            ],
            "wins": [
                false,
                false,
                false,
                true,
                true,
                false,
                false,
                true
            ]
        },
        {
            "gain": -129.79999999999924,
            "fitness": 9.001744100022272,
            "fitness_balanced": 79.3723788863095,
            "gains": [
                -50.0,
                -70.0,
                -30.0,
                68.2000000000003,
                82.00000000000017,
                -100,
                -100,
                70.00000000000028
            ],
            "wins": [
                false,
                false,
                false,
                true,
                true,
                false,
                false,
                true
            ]
        },
        {
            "gain": -129.79999999999924,
            "fitness": 9.001744100022272,
            "fitness_balanced": 79.3723788863095,
            "gains": [
                -50.0,
                -70.0,
                -30.0,
                68.2000000000003,
                82.00000000000017,
                -100,
                -100,
                70.00000000000028
            ],
            "wins": [
                false,
                false,
                false,
                true,
                true,
                false,
                false,
                true
            ]
        },
        {
            "gain": -129.79999999999924,
            "fitness": 9.001744100022272,
            "fitness_balanced": 79.3723788863095,
            "gains": [
                -50.0,
                -70.0,
                -30.0,
                68.2000000000003,
                82.00000000000017,
                -100,
                -100,
                70.00000000000028
            ],
            "wins": [
                false,
                false,
                false,
                true,
                true,
                false,
                false,
                true
            ]
        }
    ]
}