{
    "gen": 29,
    "enemies": [
        1
    ],
    "results": [
        {
            "gain": -29.5,
            "fitness": 57.788764903539985,
            "fitness_balanced": 34.222347676777346,
            "wins": [
                0.25
            ]
        }
    ]
}