{
    "gen": 29,
    "enemies": [
        1,
        2,
        3,
        4,
        5,
        6,
        7,
        8
    ],
    "results": [
        {
            "gain": -81.59999999999991,
            "fitness": 18.178393328523974,
            "fitness_balanced": 4.3784466468414465,
            "gains": [
                100,
                -50.0,
                28,
                -70.0,
                90.40000000000009,
                -80.0,
                -90.0,
                -10.0
            ],
            "wins": [
                true,
                false,
                true,
                false,
                true,
                false,
                false,
                false
            ]
        },
        {
            "gain": -81.59999999999991,
            "fitness": 18.178393328523974,
            "fitness_balanced": 4.3784466468414465,
            "gains": [
                100,
                -50.0,
                28,
                -70.0,
                90.40000000000009,
                -80.0,
                -90.0,
                -10.0
            ],
            "wins": [
                true,
                false,
                true,
                false,
                true,
                false,
                false,
                false
            ]
        },
        {
            "gain": -81.59999999999991,
            "fitness": 18.178393328523974,
            "fitness_balanced": 4.3784466468414465,
            "gains": [
                100,
                -50.0,
                28,
                -70.0,
                90.40000000000009,
                -80.0,
                -90.0,
                -10.0
            ],
            "wins": [
                true,
                false,
                true,
                false,
                true,
                false,
                false,
                false
            ]
        },
        {
            "gain": -81.59999999999991,
            "fitness": 18.178393328523974,
            "fitness_balanced": 4.3784466468414465,
            "gains": [
                100,
                -50.0,
                28,
                -70.0,
                90.40000000000009,
                -80.0,
                -90.0,
                -10.0
            ],
            "wins": [
                true,
                false,
                true,
                false,
                true,
                false,
                false,
                false
            ]
        },
        {
            "gain": -81.59999999999991,
            "fitness": 18.178393328523974,
            "fitness_balanced": 4.3784466468414465,
            "gains": [
                100,
                -50.0,
                28,
                -70.0,
                90.40000000000009,
                -80.0,
                -90.0,
                -10.0
            ],
            "wins": [
                true,
                false,
                true,
                false,
                true,
                false,
                false,
                false
            ]
        }
    ]
}