{
    "gen": 29,
    "enemies": [
        6
    ],
    "results": [
        {
            "gain": 49.000000000000306,
            "fitness": 89.27959913428289,
            "fitness_balanced": 68.87598249381281,
            "wins": [
                true
            ]
        }
    ]
}