{
    "gen": 299,
    "enemies": [
        1,
        2,
        3,
        4,
        5,
        6,
        7,
        8
    ],
    "results": [
        {
            "gain": -117.79999999999967,
            "fitness": 31.75979419844401,
            "fitness_balanced": 11.520490736564533,
            "gains": [
                -70.0,
                70,
                -20.0,
                -70.0,
                62.20000000000034,
                -40.0,
                -10.0,
                -40.0
            ],
            "wins": [
                false,
                true,
                false,
                false,
                true,
                false,
                false,
                false
            ]
        },
        {
            "gain": -117.79999999999967,
            "fitness": 31.75979419844401,
            "fitness_balanced": 11.520490736564533,
            "gains": [
                -70.0,
                70,
                -20.0,
                -70.0,
                62.20000000000034,
                -40.0,
                -10.0,
                -40.0
            ],
            "wins": [
                false,
                true,
                false,
                false,
                true,
                false,
                false,
                false
            ]
        },
        {
            "gain": -117.79999999999967,
            "fitness": 31.75979419844401,
            "fitness_balanced": 11.520490736564533,
            "gains": [
                -70.0,
                70,
                -20.0,
                -70.0,
                62.20000000000034,
                -40.0,
                -10.0,
                -40.0
            ],
            "wins": [
                false,
                true,
                false,
                false,
                true,
                false,
                false,
                false
            ]
        },
        {
            "gain": -117.79999999999967,
            "fitness": 31.75979419844401,
            "fitness_balanced": 11.520490736564533,
            "gains": [
                -70.0,
                70,
                -20.0,
                -70.0,
                62.20000000000034,
                -40.0,
                -10.0,
                -40.0
            ],
            "wins": [
                false,
                true,
                false,
                false,
                true,
                false,
                false,
                false
            ]
        },
        {
            "gain": -117.79999999999967,
            "fitness": 31.75979419844401,
            "fitness_balanced": 11.520490736564533,
            "gains": [
                -70.0,
                70,
                -20.0,
                -70.0,
                62.20000000000034,
                -40.0,
                -10.0,
                -40.0
            ],
            "wins": [
                false,
                true,
                false,
                false,
                true,
                false,
                false,
                false
            ]
        }
    ]
}