{
    "gen": 29,
    "enemies": [
        6
    ],
    "results": [
        {
            "gain": -32.99999999999995,
            "fitness": 50.87572507230876,
            "fitness_balanced": 14.394197933704003,
            "wins": [
                0.2
            ]
        }
    ]
}