{
    "gen": 29,
    "enemies": [
        1,
        2,
        3,
        4,
        5,
        6,
        7,
        8
    ],
    "results": [
        {
            "gain": -435.7999999999997,
            "fitness": -12.814270167212293,
            "fitness_balanced": -13.847536495822524,
            "gains": [
                -100,
                30,
                -70.0,
                -80.0,
                -90.0,
                -100,
                -100,
                74.20000000000024
            ],
            "wins": [
                false,
                true,
                false,
                false,
                false,
                false,
                false,
                true
            ]
        },
        {
            "gain": -435.7999999999997,
            "fitness": -12.814270167212293,
            "fitness_balanced": -13.847536495822524,
            "gains": [
                -100,
                30,
                -70.0,
                -80.0,
                -90.0,
                -100,
                -100,
                74.20000000000024
            ],
            "wins": [
                false,
                true,
                false,
                false,
                false,
                false,
                false,
                true
            ]
        },
        {
            "gain": -435.7999999999997,
            "fitness": -12.814270167212293,
            "fitness_balanced": -13.847536495822524,
            "gains": [
                -100,
                30,
                -70.0,
                -80.0,
                -90.0,
                -100,
                -100,
                74.20000000000024
            ],
            "wins": [
                false,
                true,
                false,
                false,
                false,
                false,
                false,
                true
            ]
        },
        {
            "gain": -435.7999999999997,
            "fitness": -12.814270167212293,
            "fitness_balanced": -13.847536495822524,
            "gains": [
                -100,
                30,
                -70.0,
                -80.0,
                -90.0,
                -100,
                -100,
                74.20000000000024
            ],
            "wins": [
                false,
                true,
                false,
                false,
                false,
                false,
                false,
                true
            ]
        },
        {
            "gain": -435.7999999999997,
            "fitness": -12.814270167212293,
            "fitness_balanced": -13.847536495822524,
            "gains": [
                -100,
                30,
                -70.0,
                -80.0,
                -90.0,
                -100,
                -100,
                74.20000000000024
            ],
            "wins": [
                false,
                true,
                false,
                false,
                false,
                false,
                false,
                true
            ]
        }
    ]
}