{
    "gen": 29,
    "enemies": [
        1,
        2,
        3,
        4,
        5,
        6,
        7,
        8
    ],
    "results": [
        {
            "gain": -280.39999999999924,
            "fitness": -6.138862104822344,
            "fitness_balanced": 47.79124522068493,
            "gains": [
                -50.0,
                -100,
                -90.0,
                77.80000000000021,
                72.40000000000026,
                -100,
                -100,
                9.400000000000283
            ],
            "wins": [
                false,
                false,
                false,
                true,
                true,
                false,
                false,
                false
            ]
        },
        {
            "gain": -280.39999999999924,
            "fitness": -6.138862104822344,
            "fitness_balanced": 47.79124522068493,
            "gains": [
                -50.0,
                -100,
                -90.0,
                77.80000000000021,
                72.40000000000026,
                -100,
                -100,
                9.400000000000283
            ],
            "wins": [
                false,
                false,
                false,
                true,
                true,
                false,
                false,
                false
            ]
        },
        {
            "gain": -280.39999999999924,
            "fitness": -6.138862104822344,
            "fitness_balanced": 47.79124522068493,
            "gains": [
                -50.0,
                -100,
                -90.0,
                77.80000000000021,
                72.40000000000026,
                -100,
                -100,
                9.400000000000283
            ],
            "wins": [
                false,
                false,
                false,
                true,
                true,
                false,
                false,
                false
            ]
        },
        {
            "gain": -280.39999999999924,
            "fitness": -6.138862104822344,
            "fitness_balanced": 47.79124522068493,
            "gains": [
                -50.0,
                -100,
                -90.0,
                77.80000000000021,
                72.40000000000026,
                -100,
                -100,
                9.400000000000283
            ],
            "wins": [
                false,
                false,
                false,
                true,
                true,
                false,
                false,
                false
            ]
        },
        {
            "gain": -280.39999999999924,
            "fitness": -6.138862104822344,
            "fitness_balanced": 47.79124522068493,
            "gains": [
                -50.0,
                -100,
                -90.0,
                77.80000000000021,
                72.40000000000026,
                -100,
                -100,
                9.400000000000283
            ],
            "wins": [
                false,
                false,
                false,
                true,
                true,
                false,
                false,
                false
            ]
        }
    ]
}