{
    "gen": 29,
    "enemies": [
        4
    ],
    "results": [
        {
            "gain": 73.00000000000026,
            "fitness": 90.41513074650621,
            "fitness_balanced": 76.05731671776174,
            "wins": [
                1.0
            ]
        }
    ]
}