{
    "gen": 29,
    "enemies": [
        1
    ],
    "results": [
        {
            "gain": 5.0,
            "fitness": 69.47647909673316,
            "fitness_balanced": 94.96956207860757,
            "wins": [
                0.25
            ]
        }
    ]
}