{
    "gen": 29,
    "enemies": [
        4
    ],
    "results": [
        {
            "gain": 49.120000000000275,
            "fitness": 87.89692942549348,
            "fitness_balanced": 67.18518564872461,
            "wins": [
                1.0
            ]
        }
    ]
}