{
    "gen": 29,
    "enemies": [
        5
    ],
    "results": [
        {
            "gain": 97.00000000000003,
            "fitness": 94.54094470078547,
            "fitness_balanced": 93.3352140260765,
            "wins": [
                true
            ]
        }
    ]
}