{
    "gen": 29,
    "enemies": [
        1,
        2,
        3,
        4,
        5,
        6,
        7,
        8
    ],
    "results": [
        {
            "gain": -335.7999999999997,
            "fitness": 0.09294018568407836,
            "fitness_balanced": -5.439181228812185,
            "gains": [
                -70.0,
                -20.0,
                60,
                -80.0,
                44.200000000000294,
                -90.0,
                -100,
                -80.0
            ],
            "wins": [
                false,
                false,
                true,
                false,
                true,
                false,
                false,
                false
            ]
        },
        {
            "gain": -335.7999999999997,
            "fitness": 0.09294018568407836,
            "fitness_balanced": -5.439181228812185,
            "gains": [
                -70.0,
                -20.0,
                60,
                -80.0,
                44.200000000000294,
                -90.0,
                -100,
                -80.0
            ],
            "wins": [
                false,
                false,
                true,
                false,
                true,
                false,
                false,
                false
            ]
        },
        {
            "gain": -335.7999999999997,
            "fitness": 0.09294018568407836,
            "fitness_balanced": -5.439181228812185,
            "gains": [
                -70.0,
                -20.0,
                60,
                -80.0,
                44.200000000000294,
                -90.0,
                -100,
                -80.0
            ],
            "wins": [
                false,
                false,
                true,
                false,
                true,
                false,
                false,
                false
            ]
        },
        {
            "gain": -335.7999999999997,
            "fitness": 0.09294018568407836,
            "fitness_balanced": -5.439181228812185,
            "gains": [
                -70.0,
                -20.0,
                60,
                -80.0,
                44.200000000000294,
                -90.0,
                -100,
                -80.0
            ],
            "wins": [
                false,
                false,
                true,
                false,
                true,
                false,
                false,
                false
            ]
        },
        {
            "gain": -335.7999999999997,
            "fitness": 0.09294018568407836,
            "fitness_balanced": -5.439181228812185,
            "gains": [
                -70.0,
                -20.0,
                60,
                -80.0,
                44.200000000000294,
                -90.0,
                -100,
                -80.0
            ],
            "wins": [
                false,
                false,
                true,
                false,
                true,
                false,
                false,
                false
            ]
        }
    ]
}