{
    "gen": 29,
    "enemies": [
        3
    ],
    "results": [
        {
            "gain": -4.8,
            "fitness": 66.0280132796084,
            "fitness_balanced": 56.76558927428163,
            "wins": [
                0.4
            ]
        }
    ]
}