{
    "gen": 29,
    "enemies": [
        1,
        2,
        3,
        4,
        5,
        6,
        7,
        8
    ],
    "results": [
        {
            "gain": -93.99999999999915,
            "fitness": 19.56772959356954,
            "fitness_balanced": 9.33889204159587,
            "gains": [
                60,
                -50.0,
                -20.0,
                52.600000000000314,
                36.800000000000324,
                -90.0,
                -100,
                16.60000000000023
            ],
            "wins": [
                true,
                false,
                false,
                true,
                false,
                false,
                false,
                true
            ]
        },
        {
            "gain": -93.99999999999915,
            "fitness": 19.56772959356954,
            "fitness_balanced": 9.33889204159587,
            "gains": [
                60,
                -50.0,
                -20.0,
                52.600000000000314,
                36.800000000000324,
                -90.0,
                -100,
                16.60000000000023
            ],
            "wins": [
                true,
                false,
                false,
                true,
                false,
                false,
                false,
                true
            ]
        },
        {
            "gain": -93.99999999999915,
            "fitness": 19.56772959356954,
            "fitness_balanced": 9.33889204159587,
            "gains": [
                60,
                -50.0,
                -20.0,
                52.600000000000314,
                36.800000000000324,
                -90.0,
                -100,
                16.60000000000023
            ],
            "wins": [
                true,
                false,
                false,
                true,
                false,
                false,
                false,
                true
            ]
        },
        {
            "gain": -93.99999999999915,
            "fitness": 19.56772959356954,
            "fitness_balanced": 9.33889204159587,
            "gains": [
                60,
                -50.0,
                -20.0,
                52.600000000000314,
                36.800000000000324,
                -90.0,
                -100,
                16.60000000000023
            ],
            "wins": [
                true,
                false,
                false,
                true,
                false,
                false,
                false,
                true
            ]
        },
        {
            "gain": -93.99999999999915,
            "fitness": 19.56772959356954,
            "fitness_balanced": 9.33889204159587,
            "gains": [
                60,
                -50.0,
                -20.0,
                52.600000000000314,
                36.800000000000324,
                -90.0,
                -100,
                16.60000000000023
            ],
            "wins": [
                true,
                false,
                false,
                true,
                false,
                false,
                false,
                true
            ]
        }
    ]
}