{
    "gen": 29,
    "enemies": [
        7
    ],
    "results": [
        {
            "gain": 89.2000000000001,
            "fitness": 93.92956741322128,
            "fitness_balanced": 89.60278772623593,
            "wins": [
                true
            ]
        }
    ]
}