{
    "gen": 29,
    "enemies": [
        7
    ],
    "results": [
        {
            "gain": 13.80000000000004,
            "fitness": 68.24143884070492,
            "fitness_balanced": 89.90278772623593,
            "wins": [
                0.4
            ]
        }
    ]
}