{
    "gen": 29,
    "enemies": [
        6
    ],
    "results": [
        {
            "gain": 73.00000000000026,
            "fitness": 91.29118681455743,
            "fitness_balanced": 80.48873282559596,
            "wins": [
                true
            ]
        }
    ]
}