{
    "gen": 29,
    "enemies": [
        6
    ],
    "results": [
        {
            "gain": 40.600000000000215,
            "fitness": 75.34757121018153,
            "fitness_balanced": 3.494215939871771,
            "wins": [
                0.8
            ]
        }
    ]
}