{
    "gen": 29,
    "enemies": [
        5
    ],
    "results": [
        {
            "gain": 76.15000000000018,
            "fitness": 92.00951839728066,
            "fitness_balanced": 68.01998334634759,
            "wins": [
                1.0
            ]
        }
    ]
}