{
    "gen": 29,
    "enemies": [
        1,
        2,
        3,
        4,
        5,
        6,
        7,
        8
    ],
    "results": [
        {
            "gain": -394.19999999999993,
            "fitness": 2.656737007328985,
            "fitness_balanced": -8.757250432165744,
            "gains": [
                -50.0,
                -50.0,
                -60.0,
                -80.0,
                95.80000000000004,
                -100,
                -80.0,
                -70.0
            ],
            "wins": [
                false,
                false,
                false,
                false,
                true,
                false,
                false,
                false
            ]
        },
        {
            "gain": -394.19999999999993,
            "fitness": 2.656737007328985,
            "fitness_balanced": -8.757250432165744,
            "gains": [
                -50.0,
                -50.0,
                -60.0,
                -80.0,
                95.80000000000004,
                -100,
                -80.0,
                -70.0
            ],
            "wins": [
                false,
                false,
                false,
                false,
                true,
                false,
                false,
                false
            ]
        },
        {
            "gain": -394.19999999999993,
            "fitness": 2.656737007328985,
            "fitness_balanced": -8.757250432165744,
            "gains": [
                -50.0,
                -50.0,
                -60.0,
                -80.0,
                95.80000000000004,
                -100,
                -80.0,
                -70.0
            ],
            "wins": [
                false,
                false,
                false,
                false,
                true,
                false,
                false,
                false
            ]
        },
        {
            "gain": -394.19999999999993,
            "fitness": 2.656737007328985,
            "fitness_balanced": -8.757250432165744,
            "gains": [
                -50.0,
                -50.0,
                -60.0,
                -80.0,
                95.80000000000004,
                -100,
                -80.0,
                -70.0
            ],
            "wins": [
                false,
                false,
                false,
                false,
                true,
                false,
                false,
                false
            ]
        },
        {
            "gain": -394.19999999999993,
            "fitness": 2.656737007328985,
            "fitness_balanced": -8.757250432165744,
            "gains": [
                -50.0,
                -50.0,
                -60.0,
                -80.0,
                95.80000000000004,
                -100,
                -80.0,
                -70.0
            ],
            "wins": [
                false,
                false,
                false,
                false,
                true,
                false,
                false,
                false
            ]
        }
    ]
}