{
    "gen": 29,
    "enemies": [
        1,
        2,
        3,
        4,
        5,
        6,
        7,
        8
    ],
    "results": [
        {
            "gain": -229.39999999999972,
            "fitness": 8.826721851430108,
            "fitness_balanced": -3.5889229512316234,
            "gains": [
                100,
                -50.0,
                -40.0,
                -60.0,
                70.60000000000028,
                -70.0,
                -100,
                -80.0
            ],
            "wins": [
                true,
                false,
                false,
                false,
                true,
                false,
                false,
                false
            ]
        },
        {
            "gain": -229.39999999999972,
            "fitness": 8.826721851430108,
            "fitness_balanced": -3.5889229512316234,
            "gains": [
                100,
                -50.0,
                -40.0,
                -60.0,
                70.60000000000028,
                -70.0,
                -100,
                -80.0
            ],
            "wins": [
                true,
                false,
                false,
                false,
                true,
                false,
                false,
                false
            ]
        },
        {
            "gain": -229.39999999999972,
            "fitness": 8.826721851430108,
            "fitness_balanced": -3.5889229512316234,
            "gains": [
                100,
                -50.0,
                -40.0,
                -60.0,
                70.60000000000028,
                -70.0,
                -100,
                -80.0
            ],
            "wins": [
                true,
                false,
                false,
                false,
                true,
                false,
                false,
                false
            ]
        },
        {
            "gain": -229.39999999999972,
            "fitness": 8.826721851430108,
            "fitness_balanced": -3.5889229512316234,
            "gains": [
                100,
                -50.0,
                -40.0,
                -60.0,
                70.60000000000028,
                -70.0,
                -100,
                -80.0
            ],
            "wins": [
                true,
                false,
                false,
                false,
                true,
                false,
                false,
                false
            ]
        },
        {
            "gain": -229.39999999999972,
            "fitness": 8.826721851430108,
            "fitness_balanced": -3.5889229512316234,
            "gains": [
                100,
                -50.0,
                -40.0,
                -60.0,
                70.60000000000028,
                -70.0,
                -100,
                -80.0
            ],
            "wins": [
                true,
                false,
                false,
                false,
                true,
                false,
                false,
                false
            ]
        }
    ]
}