{
    "gen": 29,
    "enemies": [
        6
    ],
    "results": [
        {
            "gain": -80.0,
            "fitness": 12.785064242391014,
            "fitness_balanced": 4.779644174921676,
            "wins": [
                false
            ]
        }
    ]
}