{
    "gen": 29,
    "enemies": [
        6
    ],
    "results": [
        {
            "gain": 4.6800000000001605,
            "fitness": 75.44141730885536,
            "fitness_balanced": 39.39052820481504,
            "wins": [
                0.6
            ]
        }
    ]
}