{
    "gen": 29,
    "enemies": [
        8
    ],
    "results": [
        {
            "gain": 75.40000000000023,
            "fitness": 91.7081175227165,
            "fitness_balanced": 81.8651892629375,
            "wins": [
                true
            ]
        }
    ]
}