{
    "gen": 29,
    "enemies": [
        1,
        2,
        3,
        4,
        5,
        6,
        7,
        8
    ],
    "results": [
        {
            "gain": -303.7999999999996,
            "fitness": -3.3158067201100465,
            "fitness_balanced": 89.24341372532804,
            "gains": [
                -90.0,
                -80.0,
                -30.0,
                -60.0,
                67.00000000000031,
                -100,
                -100,
                89.2000000000001
            ],
            "wins": [
                false,
                false,
                false,
                false,
                true,
                false,
                false,
                true
            ]
        },
        {
            "gain": -303.7999999999996,
            "fitness": -3.3158067201100465,
            "fitness_balanced": 89.24341372532804,
            "gains": [
                -90.0,
                -80.0,
                -30.0,
                -60.0,
                67.00000000000031,
                -100,
                -100,
                89.2000000000001
            ],
            "wins": [
                false,
                false,
                false,
                false,
                true,
                false,
                false,
                true
            ]
        },
        {
            "gain": -303.7999999999996,
            "fitness": -3.3158067201100465,
            "fitness_balanced": 89.24341372532804,
            "gains": [
                -90.0,
                -80.0,
                -30.0,
                -60.0,
                67.00000000000031,
                -100,
                -100,
                89.2000000000001
            ],
            "wins": [
                false,
                false,
                false,
                false,
                true,
                false,
                false,
                true
            ]
        },
        {
            "gain": -303.7999999999996,
            "fitness": -3.3158067201100465,
            "fitness_balanced": 89.24341372532804,
            "gains": [
                -90.0,
                -80.0,
                -30.0,
                -60.0,
                67.00000000000031,
                -100,
                -100,
                89.2000000000001
            ],
            "wins": [
                false,
                false,
                false,
                false,
                true,
                false,
                false,
                true
            ]
        },
        {
            "gain": -303.7999999999996,
            "fitness": -3.3158067201100465,
            "fitness_balanced": 89.24341372532804,
            "gains": [
                -90.0,
                -80.0,
                -30.0,
                -60.0,
                67.00000000000031,
                -100,
                -100,
                89.2000000000001
            ],
            "wins": [
                false,
                false,
                false,
                false,
                true,
                false,
                false,
                true
            ]
        }
    ]
}