{
    "gen": 29,
    "enemies": [
        8
    ],
    "results": [
        {
            "gain": 46.88000000000009,
            "fitness": 85.71309598535512,
            "fitness_balanced": 89.24341372532804,
            "wins": [
                0.6
            ]
        }
    ]
}