{
    "gen": 29,
    "enemies": [
        1,
        2,
        3,
        4,
        5,
        6,
        7,
        8
    ],
    "results": [
        {
            "gain": -357.3999999999992,
            "fitness": 0.9639768655069432,
            "fitness_balanced": 64.80140506546493,
            "gains": [
                -50.0,
                -80.0,
                -80.0,
                34.60000000000027,
                -44.39999999999975,
                -80.0,
                -100,
                42.40000000000029
            ],
            "wins": [
                false,
                false,
                false,
                true,
                false,
                false,
                false,
                true
            ]
        },
        {
            "gain": -357.3999999999992,
            "fitness": 0.9639768655069432,
            "fitness_balanced": 64.80140506546493,
            "gains": [
                -50.0,
                -80.0,
                -80.0,
                34.60000000000027,
                -44.39999999999975,
                -80.0,
                -100,
                42.40000000000029
            ],
            "wins": [
                false,
                false,
                false,
                true,
                false,
                false,
                false,
                true
            ]
        },
        {
            "gain": -357.3999999999992,
            "fitness": 0.9639768655069432,
            "fitness_balanced": 64.80140506546493,
            "gains": [
                -50.0,
                -80.0,
                -80.0,
                34.60000000000027,
                -44.39999999999975,
                -80.0,
                -100,
                42.40000000000029
            ],
            "wins": [
                false,
                false,
                false,
                true,
                false,
                false,
                false,
                true
            ]
        },
        {
            "gain": -357.3999999999992,
            "fitness": 0.9639768655069432,
            "fitness_balanced": 64.80140506546493,
            "gains": [
                -50.0,
                -80.0,
                -80.0,
                34.60000000000027,
                -44.39999999999975,
                -80.0,
                -100,
                42.40000000000029
            ],
            "wins": [
                false,
                false,
                false,
                true,
                false,
                false,
                false,
                true
            ]
        },
        {
            "gain": -357.3999999999992,
            "fitness": 0.9639768655069432,
            "fitness_balanced": 64.80140506546493,
            "gains": [
                -50.0,
                -80.0,
                -80.0,
                34.60000000000027,
                -44.39999999999975,
                -80.0,
                -100,
                42.40000000000029
            ],
            "wins": [
                false,
                false,
                false,
                true,
                false,
                false,
                false,
                true
            ]
        }
    ]
}