{
    "gen": 29,
    "enemies": [
        1,
        2,
        3,
        4,
        5,
        6,
        7,
        8
    ],
    "results": [
        {
            "gain": -432.59999999999945,
            "fitness": -3.4887962664435648,
            "fitness_balanced": -7.494600686668711,
            "gains": [
                -80.0,
                -70.0,
                -80.0,
                69.40000000000029,
                -51.999999999999744,
                -90.0,
                -100,
                -30.0
            ],
            "wins": [
                false,
                false,
                false,
                true,
                false,
                false,
                false,
                false
            ]
        },
        {
            "gain": -432.59999999999945,
            "fitness": -3.4887962664435648,
            "fitness_balanced": -7.494600686668711,
            "gains": [
                -80.0,
                -70.0,
                -80.0,
                69.40000000000029,
                -51.999999999999744,
                -90.0,
                -100,
                -30.0
            ],
            "wins": [
                false,
                false,
                false,
                true,
                false,
                false,
                false,
                false
            ]
        },
        {
            "gain": -432.59999999999945,
            "fitness": -3.4887962664435648,
            "fitness_balanced": -7.494600686668711,
            "gains": [
                -80.0,
                -70.0,
                -80.0,
                69.40000000000029,
                -51.999999999999744,
                -90.0,
                -100,
                -30.0
            ],
            "wins": [
                false,
                false,
                false,
                true,
                false,
                false,
                false,
                false
            ]
        },
        {
            "gain": -432.59999999999945,
            "fitness": -3.4887962664435648,
            "fitness_balanced": -7.494600686668711,
            "gains": [
                -80.0,
                -70.0,
                -80.0,
                69.40000000000029,
                -51.999999999999744,
                -90.0,
                -100,
                -30.0
            ],
            "wins": [
                false,
                false,
                false,
                true,
                false,
                false,
                false,
                false
            ]
        },
        {
            "gain": -432.59999999999945,
            "fitness": -3.4887962664435648,
            "fitness_balanced": -7.494600686668711,
            "gains": [
                -80.0,
                -70.0,
                -80.0,
                69.40000000000029,
                -51.999999999999744,
                -90.0,
                -100,
                -30.0
            ],
            "wins": [
                false,
                false,
                false,
                true,
                false,
                false,
                false,
                false
            ]
        }
    ]
}