{
    "gen": 29,
    "enemies": [
        4
    ],
    "results": [
        {
            "gain": 24.200000000000177,
            "fitness": 72.8893604010635,
            "fitness_balanced": 18.419360862715052,
            "wins": [
                0.6
            ]
        }
    ]
}