{
    "gen": 29,
    "enemies": [
        1,
        2,
        3,
        4,
        5,
        6,
        7,
        8
    ],
    "results": [
        {
            "gain": -447.79999999999995,
            "fitness": -5.471417153740855,
            "fitness_balanced": -12.8538032469474,
            "gains": [
                -40.0,
                -80.0,
                -80.0,
                -90.0,
                92.20000000000007,
                -90.0,
                -100,
                -60.0
            ],
            "wins": [
                false,
                false,
                false,
                false,
                true,
                false,
                false,
                false
            ]
        },
        {
            "gain": -447.79999999999995,
            "fitness": -5.471417153740855,
            "fitness_balanced": -12.8538032469474,
            "gains": [
                -40.0,
                -80.0,
                -80.0,
                -90.0,
                92.20000000000007,
                -90.0,
                -100,
                -60.0
            ],
            "wins": [
                false,
                false,
                false,
                false,
                true,
                false,
                false,
                false
            ]
        },
        {
            "gain": -447.79999999999995,
            "fitness": -5.471417153740855,
            "fitness_balanced": -12.8538032469474,
            "gains": [
                -40.0,
                -80.0,
                -80.0,
                -90.0,
                92.20000000000007,
                -90.0,
                -100,
                -60.0
            ],
            "wins": [
                false,
                false,
                false,
                false,
                true,
                false,
                false,
                false
            ]
        },
        {
            "gain": -447.79999999999995,
            "fitness": -5.471417153740855,
            "fitness_balanced": -12.8538032469474,
            "gains": [
                -40.0,
                -80.0,
                -80.0,
                -90.0,
                92.20000000000007,
                -90.0,
                -100,
                -60.0
            ],
            "wins": [
                false,
                false,
                false,
                false,
                true,
                false,
                false,
                false
            ]
        },
        {
            "gain": -447.79999999999995,
            "fitness": -5.471417153740855,
            "fitness_balanced": -12.8538032469474,
            "gains": [
                -40.0,
                -80.0,
                -80.0,
                -90.0,
                92.20000000000007,
                -90.0,
                -100,
                -60.0
            ],
            "wins": [
                false,
                false,
                false,
                false,
                true,
                false,
                false,
                false
            ]
        }
    ]
}