{
    "gen": 29,
    "enemies": [
        5
    ],
    "results": [
        {
            "gain": 60.050000000000175,
            "fitness": 74.0887510282206,
            "fitness_balanced": 89.94492807779761,
            "wins": [
                0.75
            ]
        }
    ]
}