{
    "gen": 299,
    "enemies": [
        1,
        2,
        3,
        4,
        5,
        6,
        7,
        8
    ],
    "results": [
        {
            "gain": -265.9999999999994,
            "fitness": 13.209038923953663,
            "fitness_balanced": 1.6821266902976966,
            "gains": [
                -90.0,
                -20.0,
                -70.0,
                -60.0,
                -60.0,
                -70.0,
                52.600000000000314,
                51.40000000000031
            ],
            "wins": [
                false,
                false,
                false,
                false,
                false,
                false,
                true,
                true
            ]
        },
        {
            "gain": -265.9999999999994,
            "fitness": 13.209038923953663,
            "fitness_balanced": 1.6821266902976966,
            "gains": [
                -90.0,
                -20.0,
                -70.0,
                -60.0,
                -60.0,
                -70.0,
                52.600000000000314,
                51.40000000000031
            ],
            "wins": [
                false,
                false,
                false,
                false,
                false,
                false,
                true,
                true
            ]
        },
        {
            "gain": -265.9999999999994,
            "fitness": 13.209038923953663,
            "fitness_balanced": 1.6821266902976966,
            "gains": [
                -90.0,
                -20.0,
                -70.0,
                -60.0,
                -60.0,
                -70.0,
                52.600000000000314,
                51.40000000000031
            ],
            "wins": [
                false,
                false,
                false,
                false,
                false,
                false,
                true,
                true
            ]
        },
        {
            "gain": -265.9999999999994,
            "fitness": 13.209038923953663,
            "fitness_balanced": 1.6821266902976966,
            "gains": [
                -90.0,
                -20.0,
                -70.0,
                -60.0,
                -60.0,
                -70.0,
                52.600000000000314,
                51.40000000000031
            ],
            "wins": [
                false,
                false,
                false,
                false,
                false,
                false,
                true,
                true
            ]
        },
        {
            "gain": -265.9999999999994,
            "fitness": 13.209038923953663,
            "fitness_balanced": 1.6821266902976966,
            "gains": [
                -90.0,
                -20.0,
                -70.0,
                -60.0,
                -60.0,
                -70.0,
                52.600000000000314,
                51.40000000000031
            ],
            "wins": [
                false,
                false,
                false,
                false,
                false,
                false,
                true,
                true
            ]
        }
    ]
}