{
    "gen": 29,
    "enemies": [
        1,
        2,
        3,
        4,
        5,
        6,
        7,
        8
    ],
    "results": [
        {
            "gain": -354.19999999999993,
            "fitness": 3.4675778804621267,
            "fitness_balanced": -0.768320995793772,
            "gains": [
                -60.0,
                -20.0,
                -30.0,
                -70.0,
                95.80000000000004,
                -90.0,
                -90.0,
                -90.0
            ],
            "wins": [
                false,
                false,
                false,
                false,
                true,
                false,
                false,
                false
            ]
        },
        {
            "gain": -354.19999999999993,
            "fitness": 3.4675778804621267,
            "fitness_balanced": -0.768320995793772,
            "gains": [
                -60.0,
                -20.0,
                -30.0,
                -70.0,
                95.80000000000004,
                -90.0,
                -90.0,
                -90.0
            ],
            "wins": [
                false,
                false,
                false,
                false,
                true,
                false,
                false,
                false
            ]
        },
        {
            "gain": -354.19999999999993,
            "fitness": 3.4675778804621267,
            "fitness_balanced": -0.768320995793772,
            "gains": [
                -60.0,
                -20.0,
                -30.0,
                -70.0,
                95.80000000000004,
                -90.0,
                -90.0,
                -90.0
            ],
            "wins": [
                false,
                false,
                false,
                false,
                true,
                false,
                false,
                false
            ]
        },
        {
            "gain": -354.19999999999993,
            "fitness": 3.4675778804621267,
            "fitness_balanced": -0.768320995793772,
            "gains": [
                -60.0,
                -20.0,
                -30.0,
                -70.0,
                95.80000000000004,
                -90.0,
                -90.0,
                -90.0
            ],
            "wins": [
                false,
                false,
                false,
                false,
                true,
                false,
                false,
                false
            ]
        },
        {
            "gain": -354.19999999999993,
            "fitness": 3.4675778804621267,
            "fitness_balanced": -0.768320995793772,
            "gains": [
                -60.0,
                -20.0,
                -30.0,
                -70.0,
                95.80000000000004,
                -90.0,
                -90.0,
                -90.0
            ],
            "wins": [
                false,
                false,
                false,
                false,
                true,
                false,
                false,
                false
            ]
        }
    ]
}