{
    "gen": 29,
    "enemies": [
        1
    ],
    "results": [
        {
            "gain": -37.5,
            "fitness": 50.99544731473268,
            "fitness_balanced": 29.194865031083513,
            "wins": [
                0.0
            ]
        }
    ]
}