{
    "gen": 29,
    "enemies": [
        1,
        2,
        3,
        4,
        5,
        6,
        7,
        8
    ],
    "results": [
        {
            "gain": -310.5999999999997,
            "fitness": -3.6802395173149236,
            "fitness_balanced": 13.69555119757802,
            "gains": [
                100,
                -80.0,
                -70.0,
                -80.0,
                69.40000000000029,
                -100,
                -90.0,
                -60.0
            ],
            "wins": [
                true,
                false,
                false,
                false,
                true,
                false,
                false,
                false
            ]
        },
        {
            "gain": -310.5999999999997,
            "fitness": -3.6802395173149236,
            "fitness_balanced": 13.69555119757802,
            "gains": [
                100,
                -80.0,
                -70.0,
                -80.0,
                69.40000000000029,
                -100,
                -90.0,
                -60.0
            ],
            "wins": [
                true,
                false,
                false,
                false,
                true,
                false,
                false,
                false
            ]
        },
        {
            "gain": -310.5999999999997,
            "fitness": -3.6802395173149236,
            "fitness_balanced": 13.69555119757802,
            "gains": [
                100,
                -80.0,
                -70.0,
                -80.0,
                69.40000000000029,
                -100,
                -90.0,
                -60.0
            ],
            "wins": [
                true,
                false,
                false,
                false,
                true,
                false,
                false,
                false
            ]
        },
        {
            "gain": -310.5999999999997,
            "fitness": -3.6802395173149236,
            "fitness_balanced": 13.69555119757802,
            "gains": [
                100,
                -80.0,
                -70.0,
                -80.0,
                69.40000000000029,
                -100,
                -90.0,
                -60.0
            ],
            "wins": [
                true,
                false,
                false,
                false,
                true,
                false,
                false,
                false
            ]
        },
        {
            "gain": -310.5999999999997,
            "fitness": -3.6802395173149236,
            "fitness_balanced": 13.69555119757802,
            "gains": [
                100,
                -80.0,
                -70.0,
                -80.0,
                69.40000000000029,
                -100,
                -90.0,
                -60.0
            ],
            "wins": [
                true,
                false,
                false,
                false,
                true,
                false,
                false,
                false
            ]
        }
    ]
}