{
    "gen": 29,
    "enemies": [
        8
    ],
    "results": [
        {
            "gain": 6.800000000000068,
            "fitness": 64.3486786462925,
            "fitness_balanced": 85.68188000615586,
            "wins": [
                0.4
            ]
        }
    ]
}