{
    "gen": 29,
    "enemies": [
        5
    ],
    "results": [
        {
            "gain": 68.45000000000016,
            "fitness": 86.81709294973888,
            "fitness_balanced": 88.62667673282856,
            "wins": [
                0.75
            ]
        }
    ]
}