{
    "gen": 29,
    "enemies": [
        1,
        2,
        3,
        4,
        5,
        6,
        7,
        8
    ],
    "results": [
        {
            "gain": -305.99999999999983,
            "fitness": -0.39727404399293675,
            "fitness_balanced": 9.10284613236326,
            "gains": [
                -50.0,
                -70.0,
                72,
                -80.0,
                82.00000000000017,
                -90.0,
                -100,
                -70.0
            ],
            "wins": [
                false,
                false,
                true,
                false,
                true,
                false,
                false,
                false
            ]
        },
        {
            "gain": -305.99999999999983,
            "fitness": -0.39727404399293675,
            "fitness_balanced": 9.10284613236326,
            "gains": [
                -50.0,
                -70.0,
                72,
                -80.0,
                82.00000000000017,
                -90.0,
                -100,
                -70.0
            ],
            "wins": [
                false,
                false,
                true,
                false,
                true,
                false,
                false,
                false
            ]
        },
        {
            "gain": -305.99999999999983,
            "fitness": -0.39727404399293675,
            "fitness_balanced": 9.10284613236326,
            "gains": [
                -50.0,
                -70.0,
                72,
                -80.0,
                82.00000000000017,
                -90.0,
                -100,
                -70.0
            ],
            "wins": [
                false,
                false,
                true,
                false,
                true,
                false,
                false,
                false
            ]
        },
        {
            "gain": -305.99999999999983,
            "fitness": -0.39727404399293675,
            "fitness_balanced": 9.10284613236326,
            "gains": [
                -50.0,
                -70.0,
                72,
                -80.0,
                82.00000000000017,
                -90.0,
                -100,
                -70.0
            ],
            "wins": [
                false,
                false,
                true,
                false,
                true,
                false,
                false,
                false
            ]
        },
        {
            "gain": -305.99999999999983,
            "fitness": -0.39727404399293675,
            "fitness_balanced": 9.10284613236326,
            "gains": [
                -50.0,
                -70.0,
                72,
                -80.0,
                82.00000000000017,
                -90.0,
                -100,
                -70.0
            ],
            "wins": [
                false,
                false,
                true,
                false,
                true,
                false,
                false,
                false
            ]
        }
    ]
}