{
    "gen": 29,
    "enemies": [
        1,
        2,
        3,
        4,
        5,
        6,
        7,
        8
    ],
    "results": [
        {
            "gain": -246.39999999999966,
            "fitness": 12.016853741336234,
            "fitness_balanced": -0.23075918813881913,
            "gains": [
                -50.0,
                -30.0,
                72,
                -70.0,
                61.600000000000335,
                -90.0,
                -80.0,
                -60.0
            ],
            "wins": [
                false,
                false,
                true,
                false,
                true,
                false,
                false,
                false
            ]
        },
        {
            "gain": -246.39999999999966,
            "fitness": 12.016853741336234,
            "fitness_balanced": -0.23075918813881913,
            "gains": [
                -50.0,
                -30.0,
                72,
                -70.0,
                61.600000000000335,
                -90.0,
                -80.0,
                -60.0
            ],
            "wins": [
                false,
                false,
                true,
                false,
                true,
                false,
                false,
                false
            ]
        },
        {
            "gain": -246.39999999999966,
            "fitness": 12.016853741336234,
            "fitness_balanced": -0.23075918813881913,
            "gains": [
                -50.0,
                -30.0,
                72,
                -70.0,
                61.600000000000335,
                -90.0,
                -80.0,
                -60.0
            ],
            "wins": [
                false,
                false,
                true,
                false,
                true,
                false,
                false,
                false
            ]
        },
        {
            "gain": -246.39999999999966,
            "fitness": 12.016853741336234,
            "fitness_balanced": -0.23075918813881913,
            "gains": [
                -50.0,
                -30.0,
                72,
                -70.0,
                61.600000000000335,
                -90.0,
                -80.0,
                -60.0
            ],
            "wins": [
                false,
                false,
                true,
                false,
                true,
                false,
                false,
                false
            ]
        },
        {
            "gain": -246.39999999999966,
            "fitness": 12.016853741336234,
            "fitness_balanced": -0.23075918813881913,
            "gains": [
                -50.0,
                -30.0,
                72,
                -70.0,
                61.600000000000335,
                -90.0,
                -80.0,
                -60.0
            ],
            "wins": [
                false,
                false,
                true,
                false,
                true,
                false,
                false,
                false
            ]
        }
    ]
}