{
    "gen": 29,
    "enemies": [
        3
    ],
    "results": [
        {
            "gain": 1.6,
            "fitness": 63.39769241996301,
            "fitness_balanced": 76.95026654476804,
            "wins": [
                0.4
            ]
        }
    ]
}