{
    "gen": 29,
    "enemies": [
        1,
        2,
        3,
        4,
        5,
        6,
        7,
        8
    ],
    "results": [
        {
            "gain": -273.59999999999957,
            "fitness": 4.219596309076422,
            "fitness_balanced": -2.907923874292525,
            "gains": [
                -100,
                28,
                -60.0,
                -60.0,
                13.00000000000023,
                -90.0,
                75.40000000000023,
                -80.0
            ],
            "wins": [
                false,
                true,
                false,
                false,
                true,
                false,
                true,
                false
            ]
        },
        {
            "gain": -273.59999999999957,
            "fitness": 4.219596309076422,
            "fitness_balanced": -2.907923874292525,
            "gains": [
                -100,
                28,
                -60.0,
                -60.0,
                13.00000000000023,
                -90.0,
                75.40000000000023,
                -80.0
            ],
            "wins": [
                false,
                true,
                false,
                false,
                true,
                false,
                true,
                false
            ]
        },
        {
            "gain": -273.59999999999957,
            "fitness": 4.219596309076422,
            "fitness_balanced": -2.907923874292525,
            "gains": [
                -100,
                28,
                -60.0,
                -60.0,
                13.00000000000023,
                -90.0,
                75.40000000000023,
                -80.0
            ],
            "wins": [
                false,
                true,
                false,
                false,
                true,
                false,
                true,
                false
            ]
        },
        {
            "gain": -273.59999999999957,
            "fitness": 4.219596309076422,
            "fitness_balanced": -2.907923874292525,
            "gains": [
                -100,
                28,
                -60.0,
                -60.0,
                13.00000000000023,
                -90.0,
                75.40000000000023,
                -80.0
            ],
            "wins": [
                false,
                true,
                false,
                false,
                true,
                false,
                true,
                false
            ]
        },
        {
            "gain": -273.59999999999957,
            "fitness": 4.219596309076422,
            "fitness_balanced": -2.907923874292525,
            "gains": [
                -100,
                28,
                -60.0,
                -60.0,
                13.00000000000023,
                -90.0,
                75.40000000000023,
                -80.0
            ],
            "wins": [
                false,
                true,
                false,
                false,
                true,
                false,
                true,
                false
            ]
        }
    ]
}