{
    "gen": 29,
    "enemies": [
        5
    ],
    "results": [
        {
            "gain": 42.25000000000012,
            "fitness": 72.43235252290367,
            "fitness_balanced": 84.831655496239,
            "wins": [
                0.75
            ]
        }
    ]
}