{
    "gen": 29,
    "enemies": [
        1,
        2,
        3,
        4,
        5,
        6,
        7,
        8
    ],
    "results": [
        {
            "gain": -223.39999999999995,
            "fitness": 4.6884087440705144,
            "fitness_balanced": -4.355131646094716,
            "gains": [
                -70.0,
                70,
                2,
                -60.0,
                94.60000000000005,
                -100,
                -90.0,
                -70.0
            ],
            "wins": [
                false,
                true,
                true,
                false,
                true,
                false,
                false,
                false
            ]
        },
        {
            "gain": -223.39999999999995,
            "fitness": 4.6884087440705144,
            "fitness_balanced": -4.355131646094716,
            "gains": [
                -70.0,
                70,
                2,
                -60.0,
                94.60000000000005,
                -100,
                -90.0,
                -70.0
            ],
            "wins": [
                false,
                true,
                true,
                false,
                true,
                false,
                false,
                false
            ]
        },
        {
            "gain": -223.39999999999995,
            "fitness": 4.6884087440705144,
            "fitness_balanced": -4.355131646094716,
            "gains": [
                -70.0,
                70,
                2,
                -60.0,
                94.60000000000005,
                -100,
                -90.0,
                -70.0
            ],
            "wins": [
                false,
                true,
                true,
                false,
                true,
                false,
                false,
                false
            ]
        },
        {
            "gain": -223.39999999999995,
            "fitness": 4.6884087440705144,
            "fitness_balanced": -4.355131646094716,
            "gains": [
                -70.0,
                70,
                2,
                -60.0,
                94.60000000000005,
                -100,
                -90.0,
                -70.0
            ],
            "wins": [
                false,
                true,
                true,
                false,
                true,
                false,
                false,
                false
            ]
        },
        {
            "gain": -223.39999999999995,
            "fitness": 4.6884087440705144,
            "fitness_balanced": -4.355131646094716,
            "gains": [
                -70.0,
                70,
                2,
                -60.0,
                94.60000000000005,
                -100,
                -90.0,
                -70.0
            ],
            "wins": [
                false,
                true,
                true,
                false,
                true,
                false,
                false,
                false
            ]
        }
    ]
}