{
    "gen": 29,
    "enemies": [
        1,
        2,
        3,
        4,
        5,
        6,
        7,
        8
    ],
    "results": [
        {
            "gain": -363.0,
            "fitness": 4.808085979566346,
            "fitness_balanced": -7.13778990836618,
            "gains": [
                -30.0,
                -40.0,
                -80.0,
                -80.0,
                97.00000000000003,
                -90.0,
                -80.0,
                -60.0
            ],
            "wins": [
                false,
                false,
                false,
                false,
                true,
                false,
                false,
                false
            ]
        },
        {
            "gain": -363.0,
            "fitness": 4.808085979566346,
            "fitness_balanced": -7.13778990836618,
            "gains": [
                -30.0,
                -40.0,
                -80.0,
                -80.0,
                97.00000000000003,
                -90.0,
                -80.0,
                -60.0
            ],
            "wins": [
                false,
                false,
                false,
                false,
                true,
                false,
                false,
                false
            ]
        },
        {
            "gain": -363.0,
            "fitness": 4.808085979566346,
            "fitness_balanced": -7.13778990836618,
            "gains": [
                -30.0,
                -40.0,
                -80.0,
                -80.0,
                97.00000000000003,
                -90.0,
                -80.0,
                -60.0
            ],
            "wins": [
                false,
                false,
                false,
                false,
                true,
                false,
                false,
                false
            ]
        },
        {
            "gain": -363.0,
            "fitness": 4.808085979566346,
            "fitness_balanced": -7.13778990836618,
            "gains": [
                -30.0,
                -40.0,
                -80.0,
                -80.0,
                97.00000000000003,
                -90.0,
                -80.0,
                -60.0
            ],
            "wins": [
                false,
                false,
                false,
                false,
                true,
                false,
                false,
                false
            ]
        },
        {
            "gain": -363.0,
            "fitness": 4.808085979566346,
            "fitness_balanced": -7.13778990836618,
            "gains": [
                -30.0,
                -40.0,
                -80.0,
                -80.0,
                97.00000000000003,
                -90.0,
                -80.0,
                -60.0
            ],
            "wins": [
                false,
                false,
                false,
                false,
                true,
                false,
                false,
                false
            ]
        }
    ]
}