{
    "gen": 29,
    "enemies": [
        5
    ],
    "results": [
        {
            "gain": 64.60000000000018,
            "fitness": 90.83765947061815,
            "fitness_balanced": 77.08254710353546,
            "wins": [
                1.0
            ]
        }
    ]
}