{
    "gen": 14,
    "enemies": [
        8
    ],
    "results": [
        {
            "gain": 26.20000000000025,
            "fitness": 86.796954104517,
            "fitness_balanced": 57.27399989261967,
            "wins": [
                true
            ]
        }
    ]
}