{
    "experiment_name": "[1, 2, 3, 4, 5, 6, 7, 8]_all_enemies_e_f-rank",
    "enemies": [
        1,
        2,
        3,
        4,
        5,
        6,
        7,
        8
    ],
    "n_hidden_neurons": 10,
    "domain_upper": 1,
    "domain_lower": -1,
    "pop_size": 100,
    "gens": 1000,
    "mutation_rate": 0.2,
    "normalization_method": "default",
    "fitness_method": "rank",
    "pick_parent_method": "multinomial",
    "survivor_method": "multinomial",
    "headless": true,
    "multi_ini": false,
    "randomini": "no",
    "crossover_method": "none",
    "mutation_type": "stochastic_decaying",
    "start_new": true,
    "exploration_island": true,
    "exploration_gens": 15,
    "gen": 999,
    "best_default": 81.31748881057364,
    "mean_default": 44.60755522742,
    "std_default": 14.72074479216876,
    "Q5_default": 23.86452046081572,
    "Q95_default": 81.31748881057364,
    "best_balanced": 50.94235258954833,
    "mean_balanced": 43.63946704620282,
    "std_balanced": 4.259979359683606,
    "Q5_balanced": 37.02640454406474,
    "Q95_balanced": 47.056855513717714,
    "best_default_explore": 36.90408037939278,
    "mean_default_explore": 20.53688038351389,
    "std_default_explore": 7.496642569798567,
    "Q5_default_explore": 11.903210755239256,
    "Q95_default_explore": 35.094382177692154,
    "best_balanced_explore": 43.60968262335773,
    "mean_balanced_explore": 35.933665435847665,
    "std_balanced_explore": 3.80613676726151,
    "Q5_balanced_explore": 30.122351043810042,
    "Q95_balanced_explore": 40.98147763157325
}