{
    "gen": 300,
    "enemies": [
        1,
        2,
        3,
        4,
        5,
        6,
        7,
        8
    ],
    "results": [
        {
            "gain": -58.79999999999944,
            "fitness": 35.95655021989222,
            "fitness_balanced": 15.363243460273882,
            "gains": [
                -80.0,
                76,
                -30.0,
                -40.0,
                53.80000000000032,
                -50.0,
                -10.0,
                21.40000000000024
            ],
            "wins": [
                false,
                true,
                false,
                false,
                true,
                false,
                false,
                true
            ]
        },
        {
            "gain": -58.79999999999944,
            "fitness": 35.95655021989222,
            "fitness_balanced": 15.363243460273882,
            "gains": [
                -80.0,
                76,
                -30.0,
                -40.0,
                53.80000000000032,
                -50.0,
                -10.0,
                21.40000000000024
            ],
            "wins": [
                false,
                true,
                false,
                false,
                true,
                false,
                false,
                true
            ]
        },
        {
            "gain": -58.79999999999944,
            "fitness": 35.95655021989222,
            "fitness_balanced": 15.363243460273882,
            "gains": [
                -80.0,
                76,
                -30.0,
                -40.0,
                53.80000000000032,
                -50.0,
                -10.0,
                21.40000000000024
            ],
            "wins": [
                false,
                true,
                false,
                false,
                true,
                false,
                false,
                true
            ]
        },
        {
            "gain": -58.79999999999944,
            "fitness": 35.95655021989222,
            "fitness_balanced": 15.363243460273882,
            "gains": [
                -80.0,
                76,
                -30.0,
                -40.0,
                53.80000000000032,
                -50.0,
                -10.0,
                21.40000000000024
            ],
            "wins": [
                false,
                true,
                false,
                false,
                true,
                false,
                false,
                true
            ]
        },
        {
            "gain": -58.79999999999944,
            "fitness": 35.95655021989222,
            "fitness_balanced": 15.363243460273882,
            "gains": [
                -80.0,
                76,
                -30.0,
                -40.0,
                53.80000000000032,
                -50.0,
                -10.0,
                21.40000000000024
            ],
            "wins": [
                false,
                true,
                false,
                false,
                true,
                false,
                false,
                true
            ]
        }
    ]
}