{
    "gen": 29,
    "enemies": [
        4
    ],
    "results": [
        {
            "gain": 42.28000000000023,
            "fitness": 79.75456693414358,
            "fitness_balanced": 77.69974255469133,
            "wins": [
                0.8
            ]
        }
    ]
}