{
    "gen": 29,
    "enemies": [
        7
    ],
    "results": [
        {
            "gain": 49.000000000000306,
            "fitness": 89.60669517527555,
            "fitness_balanced": 69.20168263345212,
            "wins": [
                true
            ]
        }
    ]
}