{
    "gen": 29,
    "enemies": [
        5
    ],
    "results": [
        {
            "gain": 82.60000000000016,
            "fitness": 92.81333904810515,
            "fitness_balanced": 89.53740496697309,
            "wins": [
                1.0
            ]
        }
    ]
}