{
    "gen": 19,
    "enemies": [
        5
    ],
    "results": [
        {
            "gain": 75.40000000000023,
            "fitness": 91.65946701359933,
            "fitness_balanced": 81.81667761151184,
            "wins": [
                true
            ]
        }
    ]
}