{
    "gen": 29,
    "enemies": [
        1
    ],
    "results": [
        {
            "gain": -13.0,
            "fitness": 65.3614004199888,
            "fitness_balanced": 34.17695410451698,
            "wins": [
                0.25
            ]
        }
    ]
}