{
    "gen": 29,
    "enemies": [
        6
    ],
    "results": [
        {
            "gain": -11.359999999999904,
            "fitness": 68.97894342701632,
            "fitness_balanced": 39.344008189180144,
            "wins": [
                0.4
            ]
        }
    ]
}