{
    "gen": 29,
    "enemies": [
        4
    ],
    "results": [
        {
            "gain": 34.00000000000027,
            "fitness": 86.32081560539037,
            "fitness_balanced": 59.91997350007755,
            "wins": [
                true
            ]
        }
    ]
}