{
    "gen": 29,
    "enemies": [
        3
    ],
    "results": [
        {
            "gain": -10.4,
            "fitness": 60.503699522880424,
            "fitness_balanced": 48.623273052101375,
            "wins": [
                0.4
            ]
        }
    ]
}