{
    "gen": 29,
    "enemies": [
        1,
        2,
        3,
        4,
        5,
        6,
        7,
        8
    ],
    "results": [
        {
            "gain": -296.9999999999999,
            "fitness": -0.5421792161562777,
            "fitness_balanced": -8.751295793266657,
            "gains": [
                -50.0,
                -70.0,
                78,
                -80.0,
                85.00000000000014,
                -100,
                -90.0,
                -70.0
            ],
            "wins": [
                false,
                false,
                true,
                false,
                true,
                false,
                false,
                false
            ]
        },
        {
            "gain": -296.9999999999999,
            "fitness": -0.5421792161562777,
            "fitness_balanced": -8.751295793266657,
            "gains": [
                -50.0,
                -70.0,
                78,
                -80.0,
                85.00000000000014,
                -100,
                -90.0,
                -70.0
            ],
            "wins": [
                false,
                false,
                true,
                false,
                true,
                false,
                false,
                false
            ]
        },
        {
            "gain": -296.9999999999999,
            "fitness": -0.5421792161562777,
            "fitness_balanced": -8.751295793266657,
            "gains": [
                -50.0,
                -70.0,
                78,
                -80.0,
                85.00000000000014,
                -100,
                -90.0,
                -70.0
            ],
            "wins": [
                false,
                false,
                true,
                false,
                true,
                false,
                false,
                false
            ]
        },
        {
            "gain": -296.9999999999999,
            "fitness": -0.5421792161562777,
            "fitness_balanced": -8.751295793266657,
            "gains": [
                -50.0,
                -70.0,
                78,
                -80.0,
                85.00000000000014,
                -100,
                -90.0,
                -70.0
            ],
            "wins": [
                false,
                false,
                true,
                false,
                true,
                false,
                false,
                false
            ]
        },
        {
            "gain": -296.9999999999999,
            "fitness": -0.5421792161562777,
            "fitness_balanced": -8.751295793266657,
            "gains": [
                -50.0,
                -70.0,
                78,
                -80.0,
                85.00000000000014,
                -100,
                -90.0,
                -70.0
            ],
            "wins": [
                false,
                false,
                true,
                false,
                true,
                false,
                false,
                false
            ]
        }
    ]
}