{
    "gen": 29,
    "enemies": [
        7
    ],
    "results": [
        {
            "gain": 14.480000000000109,
            "fitness": 74.82714918148744,
            "fitness_balanced": 80.24814186652407,
            "wins": [
                0.4
            ]
        }
    ]
}