{
    "gen": 29,
    "enemies": [
        3
    ],
    "results": [
        {
            "gain": 22.0,
            "fitness": 79.79378917910834,
            "fitness_balanced": 64.76558927428162,
            "wins": [
                0.8
            ]
        }
    ]
}