{
    "gen": 29,
    "enemies": [
        6
    ],
    "results": [
        {
            "gain": -96.0,
            "fitness": -1.307720989811546,
            "fitness_balanced": -5.075173815233827,
            "wins": [
                0.0
            ]
        }
    ]
}