{
    "gen": 29,
    "enemies": [
        1,
        2,
        3,
        4,
        5,
        6,
        7,
        8
    ],
    "results": [
        {
            "gain": -299.79999999999984,
            "fitness": -4.045606873066731,
            "fitness_balanced": -11.615133413587827,
            "gains": [
                100,
                -80.0,
                -50.0,
                -80.0,
                80.20000000000019,
                -90.0,
                -100,
                -80.0
            ],
            "wins": [
                true,
                false,
                false,
                false,
                true,
                false,
                false,
                false
            ]
        },
        {
            "gain": -299.79999999999984,
            "fitness": -4.045606873066731,
            "fitness_balanced": -11.615133413587827,
            "gains": [
                100,
                -80.0,
                -50.0,
                -80.0,
                80.20000000000019,
                -90.0,
                -100,
                -80.0
            ],
            "wins": [
                true,
                false,
                false,
                false,
                true,
                false,
                false,
                false
            ]
        },
        {
            "gain": -299.79999999999984,
            "fitness": -4.045606873066731,
            "fitness_balanced": -11.615133413587827,
            "gains": [
                100,
                -80.0,
                -50.0,
                -80.0,
                80.20000000000019,
                -90.0,
                -100,
                -80.0
            ],
            "wins": [
                true,
                false,
                false,
                false,
                true,
                false,
                false,
                false
            ]
        },
        {
            "gain": -299.79999999999984,
            "fitness": -4.045606873066731,
            "fitness_balanced": -11.615133413587827,
            "gains": [
                100,
                -80.0,
                -50.0,
                -80.0,
                80.20000000000019,
                -90.0,
                -100,
                -80.0
            ],
            "wins": [
                true,
                false,
                false,
                false,
                true,
                false,
                false,
                false
            ]
        },
        {
            "gain": -299.79999999999984,
            "fitness": -4.045606873066731,
            "fitness_balanced": -11.615133413587827,
            "gains": [
                100,
                -80.0,
                -50.0,
                -80.0,
                80.20000000000019,
                -90.0,
                -100,
                -80.0
            ],
            "wins": [
                true,
                false,
                false,
                false,
                true,
                false,
                false,
                false
            ]
        }
    ]
}