{
    "gen": 29,
    "enemies": [
        4
    ],
    "results": [
        {
            "gain": -24.0,
            "fitness": 62.180894024062596,
            "fitness_balanced": 33.746171188424526,
            "wins": [
                0.0
            ]
        }
    ]
}