{
    "gen": 14,
    "enemies": [
        7
    ],
    "results": [
        {
            "gain": 8.800000000000232,
            "fitness": 85.03935834262663,
            "fitness_balanced": 48.55645558296876,
            "wins": [
                true
            ]
        }
    ]
}