{
    "gen": 29,
    "enemies": [
        4
    ],
    "results": [
        {
            "gain": -19.879999999999818,
            "fitness": 58.54316171391224,
            "fitness_balanced": 45.68611316836665,
            "wins": [
                0.0
            ]
        }
    ]
}