{
    "gen": 29,
    "enemies": [
        1,
        2,
        3,
        4,
        5,
        6,
        7,
        8
    ],
    "results": [
        {
            "gain": -237.39999999999966,
            "fitness": 7.686428109620536,
            "fitness_balanced": -0.41610040220442013,
            "gains": [
                -70.0,
                88,
                -70.0,
                -70.0,
                64.60000000000034,
                -80.0,
                -10.0,
                -90.0
            ],
            "wins": [
                false,
                true,
                false,
                false,
                true,
                false,
                false,
                false
            ]
        },
        {
            "gain": -237.39999999999966,
            "fitness": 7.686428109620536,
            "fitness_balanced": -0.41610040220442013,
            "gains": [
                -70.0,
                88,
                -70.0,
                -70.0,
                64.60000000000034,
                -80.0,
                -10.0,
                -90.0
            ],
            "wins": [
                false,
                true,
                false,
                false,
                true,
                false,
                false,
                false
            ]
        },
        {
            "gain": -237.39999999999966,
            "fitness": 7.686428109620536,
            "fitness_balanced": -0.41610040220442013,
            "gains": [
                -70.0,
                88,
                -70.0,
                -70.0,
                64.60000000000034,
                -80.0,
                -10.0,
                -90.0
            ],
            "wins": [
                false,
                true,
                false,
                false,
                true,
                false,
                false,
                false
            ]
        },
        {
            "gain": -237.39999999999966,
            "fitness": 7.686428109620536,
            "fitness_balanced": -0.41610040220442013,
            "gains": [
                -70.0,
                88,
                -70.0,
                -70.0,
                64.60000000000034,
                -80.0,
                -10.0,
                -90.0
            ],
            "wins": [
                false,
                true,
                false,
                false,
                true,
                false,
                false,
                false
            ]
        },
        {
            "gain": -237.39999999999966,
            "fitness": 7.686428109620536,
            "fitness_balanced": -0.41610040220442013,
            "gains": [
                -70.0,
                88,
                -70.0,
                -70.0,
                64.60000000000034,
                -80.0,
                -10.0,
                -90.0
            ],
            "wins": [
                false,
                true,
                false,
                false,
                true,
                false,
                false,
                false
            ]
        }
    ]
}