{
    "gen": 29,
    "enemies": [
        1
    ],
    "results": [
        {
            "gain": -42.5,
            "fitness": 46.07169639874469,
            "fitness_balanced": 29.01606371931281,
            "wins": [
                0.0
            ]
        }
    ]
}