{
    "gen": 29,
    "enemies": [
        4
    ],
    "results": [
        {
            "gain": 5.320000000000118,
            "fitness": 74.0486309147606,
            "fitness_balanced": 23.258299305347947,
            "wins": [
                0.4
            ]
        }
    ]
}