{
    "gen": 29,
    "enemies": [
        4
    ],
    "results": [
        {
            "gain": 59.20000000000033,
            "fitness": 89.00031615015261,
            "fitness_balanced": 72.67932849575148,
            "wins": [
                true
            ]
        }
    ]
}