{
    "experiment_name": "[1, 2, 3, 4, 5, 6, 7, 8]_all_enemies_e_f-rank",
    "enemies": [
        1,
        2,
        3,
        4,
        5,
        6,
        7,
        8
    ],
    "n_hidden_neurons": 10,
    "domain_upper": 1,
    "domain_lower": -1,
    "pop_size": 100,
    "gens": 1000,
    "mutation_rate": 0.2,
    "normalization_method": "default",
    "fitness_method": "rank",
    "pick_parent_method": "multinomial",
    "survivor_method": "multinomial",
    "headless": true,
    "multi_ini": false,
    "randomini": "no",
    "crossover_method": "none",
    "mutation_type": "stochastic_decaying",
    "start_new": true,
    "exploration_island": true,
    "exploration_gens": 15,
    "gen": 999,
    "best_default": 60.416740255621676,
    "mean_default": 49.23610065665375,
    "std_default": 5.858999022990774,
    "Q5_default": 39.39045855712473,
    "Q95_default": 56.62113206820766,
    "best_balanced": 47.37045581613458,
    "mean_balanced": 42.304022742823825,
    "std_balanced": 2.578937977616928,
    "Q5_balanced": 37.77731902028736,
    "Q95_balanced": 45.49344442671749,
    "best_default_explore": 20.623541169417688,
    "mean_default_explore": 14.261979582419892,
    "std_default_explore": 3.7313906474168297,
    "Q5_default_explore": 7.335649070692214,
    "Q95_default_explore": 17.879234300688616,
    "best_balanced_explore": 36.57860856072637,
    "mean_balanced_explore": 30.45842275679939,
    "std_balanced_explore": 3.855012469037078,
    "Q5_balanced_explore": 22.55232251093942,
    "Q95_balanced_explore": 35.74657867473715
}