{
    "gen": 29,
    "enemies": [
        1,
        2,
        3,
        4,
        5,
        6,
        7,
        8
    ],
    "results": [
        {
            "gain": -375.7999999999998,
            "fitness": -8.476027696710705,
            "fitness_balanced": 4.1111220416671195,
            "gains": [
                100,
                -20.0,
                2,
                -90.0,
                -97.79999999999977,
                -100,
                -90.0,
                -80.0
            ],
            "wins": [
                true,
                false,
                true,
                false,
                false,
                false,
                false,
                false
            ]
        },
        {
            "gain": -375.7999999999998,
            "fitness": -8.476027696710705,
            "fitness_balanced": 4.1111220416671195,
            "gains": [
                100,
                -20.0,
                2,
                -90.0,
                -97.79999999999977,
                -100,
                -90.0,
                -80.0
            ],
            "wins": [
                true,
                false,
                true,
                false,
                false,
                false,
                false,
                false
            ]
        },
        {
            "gain": -375.7999999999998,
            "fitness": -8.476027696710705,
            "fitness_balanced": 4.1111220416671195,
            "gains": [
                100,
                -20.0,
                2,
                -90.0,
                -97.79999999999977,
                -100,
                -90.0,
                -80.0
            ],
            "wins": [
                true,
                false,
                true,
                false,
                false,
                false,
                false,
                false
            ]
        },
        {
            "gain": -375.7999999999998,
            "fitness": -8.476027696710705,
            "fitness_balanced": 4.1111220416671195,
            "gains": [
                100,
                -20.0,
                2,
                -90.0,
                -97.79999999999977,
                -100,
                -90.0,
                -80.0
            ],
            "wins": [
                true,
                false,
                true,
                false,
                false,
                false,
                false,
                false
            ]
        },
        {
            "gain": -375.7999999999998,
            "fitness": -8.476027696710705,
            "fitness_balanced": 4.1111220416671195,
            "gains": [
                100,
                -20.0,
                2,
                -90.0,
                -97.79999999999977,
                -100,
                -90.0,
                -80.0
            ],
            "wins": [
                true,
                false,
                true,
                false,
                false,
                false,
                false,
                false
            ]
        }
    ]
}