{
    "gen": 29,
    "enemies": [
        1
    ],
    "results": [
        {
            "gain": 12.5,
            "fitness": 77.17308305072731,
            "fitness_balanced": 82.99858512203885,
            "wins": [
                0.5
            ]
        }
    ]
}