{
    "gen": 29,
    "enemies": [
        1
    ],
    "results": [
        {
            "gain": 70,
            "fitness": 90.90192571783376,
            "fitness_balanced": 78.89968104797994,
            "wins": [
                true
            ]
        }
    ]
}