{
    "gen": 19,
    "enemies": [
        5
    ],
    "results": [
        {
            "gain": 84.40000000000015,
            "fitness": 92.63486503108352,
            "fitness_balanced": 86.39185751001963,
            "wins": [
                true
            ]
        }
    ]
}