{
    "gen": 29,
    "enemies": [
        1
    ],
    "results": [
        {
            "gain": 100,
            "fitness": 94.93740496697303,
            "fitness_balanced": 94.93109579777976,
            "wins": [
                true
            ]
        }
    ]
}