{
    "gen": 29,
    "enemies": [
        5
    ],
    "results": [
        {
            "gain": 61.45000000000013,
            "fitness": 84.39420094015611,
            "fitness_balanced": 90.83547959267734,
            "wins": [
                0.75
            ]
        }
    ]
}