{
    "gen": 29,
    "enemies": [
        8
    ],
    "results": [
        {
            "gain": 10.720000000000113,
            "fitness": 59.989642662566965,
            "fitness_balanced": 87.46246192029875,
            "wins": [
                0.6
            ]
        }
    ]
}