{
    "gen": 29,
    "enemies": [
        1,
        2,
        3,
        4,
        5,
        6,
        7,
        8
    ],
    "results": [
        {
            "gain": -222.3999999999997,
            "fitness": 10.177854265829765,
            "fitness_balanced": -2.4334798517596496,
            "gains": [
                -30.0,
                -70.0,
                -70.0,
                -60.0,
                82.00000000000017,
                -60.0,
                -100,
                85.60000000000014
            ],
            "wins": [
                false,
                false,
                false,
                false,
                true,
                false,
                false,
                true
            ]
        },
        {
            "gain": -222.3999999999997,
            "fitness": 10.177854265829765,
            "fitness_balanced": -2.4334798517596496,
            "gains": [
                -30.0,
                -70.0,
                -70.0,
                -60.0,
                82.00000000000017,
                -60.0,
                -100,
                85.60000000000014
            ],
            "wins": [
                false,
                false,
                false,
                false,
                true,
                false,
                false,
                true
            ]
        },
        {
            "gain": -222.3999999999997,
            "fitness": 10.177854265829765,
            "fitness_balanced": -2.4334798517596496,
            "gains": [
                -30.0,
                -70.0,
                -70.0,
                -60.0,
                82.00000000000017,
                -60.0,
                -100,
                85.60000000000014
            ],
            "wins": [
                false,
                false,
                false,
                false,
                true,
                false,
                false,
                true
            ]
        },
        {
            "gain": -222.3999999999997,
            "fitness": 10.177854265829765,
            "fitness_balanced": -2.4334798517596496,
            "gains": [
                -30.0,
                -70.0,
                -70.0,
                -60.0,
                82.00000000000017,
                -60.0,
                -100,
                85.60000000000014
            ],
            "wins": [
                false,
                false,
                false,
                false,
                true,
                false,
                false,
                true
            ]
        },
        {
            "gain": -222.3999999999997,
            "fitness": 10.177854265829765,
            "fitness_balanced": -2.4334798517596496,
            "gains": [
                -30.0,
                -70.0,
                -70.0,
                -60.0,
                82.00000000000017,
                -60.0,
                -100,
                85.60000000000014
            ],
            "wins": [
                false,
                false,
                false,
                false,
                true,
                false,
                false,
                true
            ]
        }
    ]
}