{
    "gen": 29,
    "enemies": [
        3
    ],
    "results": [
        {
            "gain": -4.8,
            "fitness": 64.11665133346058,
            "fitness_balanced": 55.64911428328526,
            "wins": [
                0.4
            ]
        }
    ]
}