{
    "gen": 29,
    "enemies": [
        1,
        2,
        3,
        4,
        5,
        6,
        7,
        8
    ],
    "results": [
        {
            "gain": -304.1999999999997,
            "fitness": 7.119044409873148,
            "fitness_balanced": 9.302906513494595,
            "gains": [
                -70.0,
                -30.0,
                34,
                71.80000000000027,
                -70.0,
                -70.0,
                -100,
                -70.0
            ],
            "wins": [
                false,
                false,
                true,
                true,
                false,
                false,
                false,
                false
            ]
        },
        {
            "gain": -304.1999999999997,
            "fitness": 7.119044409873148,
            "fitness_balanced": 9.302906513494595,
            "gains": [
                -70.0,
                -30.0,
                34,
                71.80000000000027,
                -70.0,
                -70.0,
                -100,
                -70.0
            ],
            "wins": [
                false,
                false,
                true,
                true,
                false,
                false,
                false,
                false
            ]
        },
        {
            "gain": -304.1999999999997,
            "fitness": 7.119044409873148,
            "fitness_balanced": 9.302906513494595,
            "gains": [
                -70.0,
                -30.0,
                34,
                71.80000000000027,
                -70.0,
                -70.0,
                -100,
                -70.0
            ],
            "wins": [
                false,
                false,
                true,
                true,
                false,
                false,
                false,
                false
            ]
        },
        {
            "gain": -304.1999999999997,
            "fitness": 7.119044409873148,
            "fitness_balanced": 9.302906513494595,
            "gains": [
                -70.0,
                -30.0,
                34,
                71.80000000000027,
                -70.0,
                -70.0,
                -100,
                -70.0
            ],
            "wins": [
                false,
                false,
                true,
                true,
                false,
                false,
                false,
                false
            ]
        },
        {
            "gain": -304.1999999999997,
            "fitness": 7.119044409873148,
            "fitness_balanced": 9.302906513494595,
            "gains": [
                -70.0,
                -30.0,
                34,
                71.80000000000027,
                -70.0,
                -70.0,
                -100,
                -70.0
            ],
            "wins": [
                false,
                false,
                true,
                true,
                false,
                false,
                false,
                false
            ]
        }
    ]
}