{
    "gen": 29,
    "enemies": [
        1,
        2,
        3,
        4,
        5,
        6,
        7,
        8
    ],
    "results": [
        {
            "gain": -231.1999999999997,
            "fitness": 3.254968622687734,
            "fitness_balanced": 14.3062678611973,
            "gains": [
                100,
                -20.0,
                -30.0,
                -90.0,
                68.8000000000003,
                -100,
                -100,
                -60.0
            ],
            "wins": [
                true,
                false,
                false,
                false,
                true,
                false,
                false,
                false
            ]
        },
        {
            "gain": -231.1999999999997,
            "fitness": 3.254968622687734,
            "fitness_balanced": 14.3062678611973,
            "gains": [
                100,
                -20.0,
                -30.0,
                -90.0,
                68.8000000000003,
                -100,
                -100,
                -60.0
            ],
            "wins": [
                true,
                false,
                false,
                false,
                true,
                false,
                false,
                false
            ]
        },
        {
            "gain": -231.1999999999997,
            "fitness": 3.254968622687734,
            "fitness_balanced": 14.3062678611973,
            "gains": [
                100,
                -20.0,
                -30.0,
                -90.0,
                68.8000000000003,
                -100,
                -100,
                -60.0
            ],
            "wins": [
                true,
                false,
                false,
                false,
                true,
                false,
                false,
                false
            ]
        },
        {
            "gain": -231.1999999999997,
            "fitness": 3.254968622687734,
            "fitness_balanced": 14.3062678611973,
            "gains": [
                100,
                -20.0,
                -30.0,
                -90.0,
                68.8000000000003,
                -100,
                -100,
                -60.0
            ],
            "wins": [
                true,
                false,
                false,
                false,
                true,
                false,
                false,
                false
            ]
        },
        {
            "gain": -231.1999999999997,
            "fitness": 3.254968622687734,
            "fitness_balanced": 14.3062678611973,
            "gains": [
                100,
                -20.0,
                -30.0,
                -90.0,
                68.8000000000003,
                -100,
                -100,
                -60.0
            ],
            "wins": [
                true,
                false,
                false,
                false,
                true,
                false,
                false,
                false
            ]
        }
    ]
}