{
    "gen": 29,
    "enemies": [
        2
    ],
    "results": [
        {
            "gain": 84,
            "fitness": 93.20150296873418,
            "fitness_balanced": 86.7959933129232,
            "wins": [
                true
            ]
        }
    ]
}