{
    "gen": 29,
    "enemies": [
        1,
        2,
        3,
        4,
        5,
        6,
        7,
        8
    ],
    "results": [
        {
            "gain": -161.3999999999992,
            "fitness": 11.774308468347776,
            "fitness_balanced": 4.5883539481449604,
            "gains": [
                -100,
                80,
                -70.0,
                -70.0,
                5.200000000000234,
                43.00000000000029,
                30.40000000000026,
                -80.0
            ],
            "wins": [
                false,
                true,
                false,
                false,
                true,
                true,
                true,
                false
            ]
        },
        {
            "gain": -161.3999999999992,
            "fitness": 11.774308468347776,
            "fitness_balanced": 4.5883539481449604,
            "gains": [
                -100,
                80,
                -70.0,
                -70.0,
                5.200000000000234,
                43.00000000000029,
                30.40000000000026,
                -80.0
            ],
            "wins": [
                false,
                true,
                false,
                false,
                true,
                true,
                true,
                false
            ]
        },
        {
            "gain": -161.3999999999992,
            "fitness": 11.774308468347776,
            "fitness_balanced": 4.5883539481449604,
            "gains": [
                -100,
                80,
                -70.0,
                -70.0,
                5.200000000000234,
                43.00000000000029,
                30.40000000000026,
                -80.0
            ],
            "wins": [
                false,
                true,
                false,
                false,
                true,
                true,
                true,
                false
            ]
        },
        {
            "gain": -161.3999999999992,
            "fitness": 11.774308468347776,
            "fitness_balanced": 4.5883539481449604,
            "gains": [
                -100,
                80,
                -70.0,
                -70.0,
                5.200000000000234,
                43.00000000000029,
                30.40000000000026,
                -80.0
            ],
            "wins": [
                false,
                true,
                false,
                false,
                true,
                true,
                true,
                false
            ]
        },
        {
            "gain": -161.3999999999992,
            "fitness": 11.774308468347776,
            "fitness_balanced": 4.5883539481449604,
            "gains": [
                -100,
                80,
                -70.0,
                -70.0,
                5.200000000000234,
                43.00000000000029,
                30.40000000000026,
                -80.0
            ],
            "wins": [
                false,
                true,
                false,
                false,
                true,
                true,
                true,
                false
            ]
        }
    ]
}