{
    "gen": 29,
    "enemies": [
        4
    ],
    "results": [
        {
            "gain": 10.440000000000186,
            "fitness": 60.410130705345445,
            "fitness_balanced": 8.734698787262289,
            "wins": [
                0.6
            ]
        }
    ]
}