{
    "gen": 29,
    "enemies": [
        7
    ],
    "results": [
        {
            "gain": -22.639999999999976,
            "fitness": 51.227175782276504,
            "fitness_balanced": 39.84670840550222,
            "wins": [
                0.2
            ]
        }
    ]
}