{
    "gen": 29,
    "enemies": [
        8
    ],
    "results": [
        {
            "gain": 56.440000000000246,
            "fitness": 89.59988704800485,
            "fitness_balanced": 83.63547959267741,
            "wins": [
                1.0
            ]
        }
    ]
}