{
    "gen": 29,
    "enemies": [
        1,
        2,
        3,
        4,
        5,
        6,
        7,
        8
    ],
    "results": [
        {
            "gain": -271.5999999999994,
            "fitness": 9.713239386227599,
            "fitness_balanced": 1.045357498650283,
            "gains": [
                -90.0,
                -10.0,
                -70.0,
                -30.0,
                -60.0,
                -100,
                42.40000000000029,
                46.0000000000003
            ],
            "wins": [
                false,
                false,
                false,
                false,
                false,
                false,
                true,
                true
            ]
        },
        {
            "gain": -271.5999999999994,
            "fitness": 9.713239386227599,
            "fitness_balanced": 1.045357498650283,
            "gains": [
                -90.0,
                -10.0,
                -70.0,
                -30.0,
                -60.0,
                -100,
                42.40000000000029,
                46.0000000000003
            ],
            "wins": [
                false,
                false,
                false,
                false,
                false,
                false,
                true,
                true
            ]
        },
        {
            "gain": -271.5999999999994,
            "fitness": 9.713239386227599,
            "fitness_balanced": 1.045357498650283,
            "gains": [
                -90.0,
                -10.0,
                -70.0,
                -30.0,
                -60.0,
                -100,
                42.40000000000029,
                46.0000000000003
            ],
            "wins": [
                false,
                false,
                false,
                false,
                false,
                false,
                true,
                true
            ]
        },
        {
            "gain": -271.5999999999994,
            "fitness": 9.713239386227599,
            "fitness_balanced": 1.045357498650283,
            "gains": [
                -90.0,
                -10.0,
                -70.0,
                -30.0,
                -60.0,
                -100,
                42.40000000000029,
                46.0000000000003
            ],
            "wins": [
                false,
                false,
                false,
                false,
                false,
                false,
                true,
                true
            ]
        },
        {
            "gain": -271.5999999999994,
            "fitness": 9.713239386227599,
            "fitness_balanced": 1.045357498650283,
            "gains": [
                -90.0,
                -10.0,
                -70.0,
                -30.0,
                -60.0,
                -100,
                42.40000000000029,
                46.0000000000003
            ],
            "wins": [
                false,
                false,
                false,
                false,
                false,
                false,
                true,
                true
            ]
        }
    ]
}