{
    "gen": 29,
    "enemies": [
        1,
        2,
        3,
        4,
        5,
        6,
        7,
        8
    ],
    "results": [
        {
            "gain": -219.39999999999912,
            "fitness": 9.290730704228913,
            "fitness_balanced": 1.9266954999383685,
            "gains": [
                -90.0,
                -10.0,
                -60.0,
                -90.0,
                46.0000000000003,
                -90.0,
                43.60000000000029,
                31.000000000000263
            ],
            "wins": [
                false,
                false,
                false,
                false,
                true,
                false,
                true,
                true
            ]
        },
        {
            "gain": -219.39999999999912,
            "fitness": 9.290730704228913,
            "fitness_balanced": 1.9266954999383685,
            "gains": [
                -90.0,
                -10.0,
                -60.0,
                -90.0,
                46.0000000000003,
                -90.0,
                43.60000000000029,
                31.000000000000263
            ],
            "wins": [
                false,
                false,
                false,
                false,
                true,
                false,
                true,
                true
            ]
        },
        {
            "gain": -219.39999999999912,
            "fitness": 9.290730704228913,
            "fitness_balanced": 1.9266954999383685,
            "gains": [
                -90.0,
                -10.0,
                -60.0,
                -90.0,
                46.0000000000003,
                -90.0,
                43.60000000000029,
                31.000000000000263
            ],
            "wins": [
                false,
                false,
                false,
                false,
                true,
                false,
                true,
                true
            ]
        },
        {
            "gain": -219.39999999999912,
            "fitness": 9.290730704228913,
            "fitness_balanced": 1.9266954999383685,
            "gains": [
                -90.0,
                -10.0,
                -60.0,
                -90.0,
                46.0000000000003,
                -90.0,
                43.60000000000029,
                31.000000000000263
            ],
            "wins": [
                false,
                false,
                false,
                false,
                true,
                false,
                true,
                true
            ]
        },
        {
            "gain": -219.39999999999912,
            "fitness": 9.290730704228913,
            "fitness_balanced": 1.9266954999383685,
            "gains": [
                -90.0,
                -10.0,
                -60.0,
                -90.0,
                46.0000000000003,
                -90.0,
                43.60000000000029,
                31.000000000000263
            ],
            "wins": [
                false,
                false,
                false,
                false,
                true,
                false,
                true,
                true
            ]
        }
    ]
}