{
    "gen": 29,
    "enemies": [
        6
    ],
    "results": [
        {
            "gain": -14.439999999999952,
            "fitness": 68.7501660655864,
            "fitness_balanced": 34.31982739098293,
            "wins": [
                0.2
            ]
        }
    ]
}