{
    "gen": 29,
    "enemies": [
        1,
        2,
        3,
        4,
        5,
        6,
        7,
        8
    ],
    "results": [
        {
            "gain": -376.99999999999966,
            "fitness": 4.991790196363247,
            "fitness_balanced": -2.5013445151843214,
            "gains": [
                -90.0,
                14,
                -80.0,
                -60.0,
                -70.0,
                49.000000000000306,
                -70.0,
                -70.0
            ],
            "wins": [
                false,
                true,
                false,
                false,
                false,
                true,
                false,
                false
            ]
        },
        {
            "gain": -376.99999999999966,
            "fitness": 4.991790196363247,
            "fitness_balanced": -2.5013445151843214,
            "gains": [
                -90.0,
                14,
                -80.0,
                -60.0,
                -70.0,
                49.000000000000306,
                -70.0,
                -70.0
            ],
            "wins": [
                false,
                true,
                false,
                false,
                false,
                true,
                false,
                false
            ]
        },
        {
            "gain": -376.99999999999966,
            "fitness": 4.991790196363247,
            "fitness_balanced": -2.5013445151843214,
            "gains": [
                -90.0,
                14,
                -80.0,
                -60.0,
                -70.0,
                49.000000000000306,
                -70.0,
                -70.0
            ],
            "wins": [
                false,
                true,
                false,
                false,
                false,
                true,
                false,
                false
            ]
        },
        {
            "gain": -376.99999999999966,
            "fitness": 4.991790196363247,
            "fitness_balanced": -2.5013445151843214,
            "gains": [
                -90.0,
                14,
                -80.0,
                -60.0,
                -70.0,
                49.000000000000306,
                -70.0,
                -70.0
            ],
            "wins": [
                false,
                true,
                false,
                false,
                false,
                true,
                false,
                false
            ]
        },
        {
            "gain": -376.99999999999966,
            "fitness": 4.991790196363247,
            "fitness_balanced": -2.5013445151843214,
            "gains": [
                -90.0,
                14,
                -80.0,
                -60.0,
                -70.0,
                49.000000000000306,
                -70.0,
                -70.0
            ],
            "wins": [
                false,
                true,
                false,
                false,
                false,
                true,
                false,
                false
            ]
        }
    ]
}