{
    "gen": 14,
    "enemies": [
        8
    ],
    "results": [
        {
            "gain": 6.400000000000233,
            "fitness": 84.69196501081939,
            "fitness_balanced": 47.24935744741239,
            "wins": [
                true
            ]
        }
    ]
}