{
    "gen": 29,
    "enemies": [
        4
    ],
    "results": [
        {
            "gain": 28.32000000000025,
            "fitness": 74.84103276661683,
            "fitness_balanced": 69.38130478097968,
            "wins": [
                0.8
            ]
        }
    ]
}