{
    "gen": 29,
    "enemies": [
        6
    ],
    "results": [
        {
            "gain": -38.23999999999995,
            "fitness": 48.79523125512357,
            "fitness_balanced": 14.474547060868217,
            "wins": [
                0.2
            ]
        }
    ]
}