{
    "gen": 29,
    "enemies": [
        1,
        2,
        3,
        4,
        5,
        6,
        7,
        8
    ],
    "results": [
        {
            "gain": -147.79999999999947,
            "fitness": 22.539040148385233,
            "fitness_balanced": 9.354245879661175,
            "gains": [
                -90.0,
                56,
                -80.0,
                -60.0,
                32.200000000000266,
                34.00000000000027,
                -30.0,
                -10.0
            ],
            "wins": [
                false,
                true,
                false,
                false,
                true,
                true,
                false,
                false
            ]
        },
        {
            "gain": -147.79999999999947,
            "fitness": 22.539040148385233,
            "fitness_balanced": 9.354245879661175,
            "gains": [
                -90.0,
                56,
                -80.0,
                -60.0,
                32.200000000000266,
                34.00000000000027,
                -30.0,
                -10.0
            ],
            "wins": [
                false,
                true,
                false,
                false,
                true,
                true,
                false,
                false
            ]
        },
        {
            "gain": -147.79999999999947,
            "fitness": 22.539040148385233,
            "fitness_balanced": 9.354245879661175,
            "gains": [
                -90.0,
                56,
                -80.0,
                -60.0,
                32.200000000000266,
                34.00000000000027,
                -30.0,
                -10.0
            ],
            "wins": [
                false,
                true,
                false,
                false,
                true,
                true,
                false,
                false
            ]
        },
        {
            "gain": -147.79999999999947,
            "fitness": 22.539040148385233,
            "fitness_balanced": 9.354245879661175,
            "gains": [
                -90.0,
                56,
                -80.0,
                -60.0,
                32.200000000000266,
                34.00000000000027,
                -30.0,
                -10.0
            ],
            "wins": [
                false,
                true,
                false,
                false,
                true,
                true,
                false,
                false
            ]
        },
        {
            "gain": -147.79999999999947,
            "fitness": 22.539040148385233,
            "fitness_balanced": 9.354245879661175,
            "gains": [
                -90.0,
                56,
                -80.0,
                -60.0,
                32.200000000000266,
                34.00000000000027,
                -30.0,
                -10.0
            ],
            "wins": [
                false,
                true,
                false,
                false,
                true,
                true,
                false,
                false
            ]
        }
    ]
}