{
    "gen": 29,
    "enemies": [
        6
    ],
    "results": [
        {
            "gain": 34.00000000000027,
            "fitness": 87.99282822853992,
            "fitness_balanced": 61.588353948145105,
            "wins": [
                true
            ]
        }
    ]
}