{
    "gen": 300,
    "enemies": [
        1,
        2,
        3,
        4,
        5,
        6,
        7,
        8
    ],
    "results": [
        {
            "gain": -236.79999999999916,
            "fitness": 9.826658707907583,
            "fitness_balanced": 1.7175520511384264,
            "gains": [
                -90.0,
                -10.0,
                -70.0,
                -80.0,
                7.600000000000232,
                -90.0,
                47.2000000000003,
                48.400000000000304
            ],
            "wins": [
                false,
                false,
                false,
                false,
                true,
                false,
                true,
                true
            ]
        },
        {
            "gain": -236.79999999999916,
            "fitness": 9.826658707907583,
            "fitness_balanced": 1.7175520511384264,
            "gains": [
                -90.0,
                -10.0,
                -70.0,
                -80.0,
                7.600000000000232,
                -90.0,
                47.2000000000003,
                48.400000000000304
            ],
            "wins": [
                false,
                false,
                false,
                false,
                true,
                false,
                true,
                true
            ]
        },
        {
            "gain": -236.79999999999916,
            "fitness": 9.826658707907583,
            "fitness_balanced": 1.7175520511384264,
            "gains": [
                -90.0,
                -10.0,
                -70.0,
                -80.0,
                7.600000000000232,
                -90.0,
                47.2000000000003,
                48.400000000000304
            ],
            "wins": [
                false,
                false,
                false,
                false,
                true,
                false,
                true,
                true
            ]
        },
        {
            "gain": -236.79999999999916,
            "fitness": 9.826658707907583,
            "fitness_balanced": 1.7175520511384264,
            "gains": [
                -90.0,
                -10.0,
                -70.0,
                -80.0,
                7.600000000000232,
                -90.0,
                47.2000000000003,
                48.400000000000304
            ],
            "wins": [
                false,
                false,
                false,
                false,
                true,
                false,
                true,
                true
            ]
        },
        {
            "gain": -236.79999999999916,
            "fitness": 9.826658707907583,
            "fitness_balanced": 1.7175520511384264,
            "gains": [
                -90.0,
                -10.0,
                -70.0,
                -80.0,
                7.600000000000232,
                -90.0,
                47.2000000000003,
                48.400000000000304
            ],
            "wins": [
                false,
                false,
                false,
                false,
                true,
                false,
                true,
                true
            ]
        }
    ]
}