{
    "gen": 29,
    "enemies": [
        1,
        2,
        3,
        4,
        5,
        6,
        7,
        8
    ],
    "results": [
        {
            "gain": -179.59999999999948,
            "fitness": 11.656888746519854,
            "fitness_balanced": 1.3484608531508329,
            "gains": [
                -90.0,
                70,
                -70.0,
                -90.0,
                -40.0,
                -60.0,
                71.80000000000027,
                28.600000000000257
            ],
            "wins": [
                false,
                true,
                false,
                false,
                false,
                false,
                true,
                true
            ]
        },
        {
            "gain": -179.59999999999948,
            "fitness": 11.656888746519854,
            "fitness_balanced": 1.3484608531508329,
            "gains": [
                -90.0,
                70,
                -70.0,
                -90.0,
                -40.0,
                -60.0,
                71.80000000000027,
                28.600000000000257
            ],
            "wins": [
                false,
                true,
                false,
                false,
                false,
                false,
                true,
                true
            ]
        },
        {
            "gain": -179.59999999999948,
            "fitness": 11.656888746519854,
            "fitness_balanced": 1.3484608531508329,
            "gains": [
                -90.0,
                70,
                -70.0,
                -90.0,
                -40.0,
                -60.0,
                71.80000000000027,
                28.600000000000257
            ],
            "wins": [
                false,
                true,
                false,
                false,
                false,
                false,
                true,
                true
            ]
        },
        {
            "gain": -179.59999999999948,
            "fitness": 11.656888746519854,
            "fitness_balanced": 1.3484608531508329,
            "gains": [
                -90.0,
                70,
                -70.0,
                -90.0,
                -40.0,
                -60.0,
                71.80000000000027,
                28.600000000000257
            ],
            "wins": [
                false,
                true,
                false,
                false,
                false,
                false,
                true,
                true
            ]
        },
        {
            "gain": -179.59999999999948,
            "fitness": 11.656888746519854,
            "fitness_balanced": 1.3484608531508329,
            "gains": [
                -90.0,
                70,
                -70.0,
                -90.0,
                -40.0,
                -60.0,
                71.80000000000027,
                28.600000000000257
            ],
            "wins": [
                false,
                true,
                false,
                false,
                false,
                false,
                true,
                true
            ]
        }
    ]
}