{
    "gen": 29,
    "enemies": [
        1,
        2,
        3,
        4,
        5,
        6,
        7,
        8
    ],
    "results": [
        {
            "gain": -340.1999999999995,
            "fitness": -0.5623662147263104,
            "fitness_balanced": -5.809037475543683,
            "gains": [
                -80.0,
                -80.0,
                -100,
                31.000000000000263,
                68.8000000000003,
                -60.0,
                -100,
                -20.0
            ],
            "wins": [
                false,
                false,
                false,
                true,
                true,
                false,
                false,
                false
            ]
        },
        {
            "gain": -340.1999999999995,
            "fitness": -0.5623662147263104,
            "fitness_balanced": -5.809037475543683,
            "gains": [
                -80.0,
                -80.0,
                -100,
                31.000000000000263,
                68.8000000000003,
                -60.0,
                -100,
                -20.0
            ],
            "wins": [
                false,
                false,
                false,
                true,
                true,
                false,
                false,
                false
            ]
        },
        {
            "gain": -340.1999999999995,
            "fitness": -0.5623662147263104,
            "fitness_balanced": -5.809037475543683,
            "gains": [
                -80.0,
                -80.0,
                -100,
                31.000000000000263,
                68.8000000000003,
                -60.0,
                -100,
                -20.0
            ],
            "wins": [
                false,
                false,
                false,
                true,
                true,
                false,
                false,
                false
            ]
        },
        {
            "gain": -340.1999999999995,
            "fitness": -0.5623662147263104,
            "fitness_balanced": -5.809037475543683,
            "gains": [
                -80.0,
                -80.0,
                -100,
                31.000000000000263,
                68.8000000000003,
                -60.0,
                -100,
                -20.0
            ],
            "wins": [
                false,
                false,
                false,
                true,
                true,
                false,
                false,
                false
            ]
        },
        {
            "gain": -340.1999999999995,
            "fitness": -0.5623662147263104,
            "fitness_balanced": -5.809037475543683,
            "gains": [
                -80.0,
                -80.0,
                -100,
                31.000000000000263,
                68.8000000000003,
                -60.0,
                -100,
                -20.0
            ],
            "wins": [
                false,
                false,
                false,
                true,
                true,
                false,
                false,
                false
            ]
        }
    ]
}