{
    "gen": 29,
    "enemies": [
        1,
        2,
        3,
        4,
        5,
        6,
        7,
        8
    ],
    "results": [
        {
            "gain": -480.1999999999996,
            "fitness": -14.494095172859605,
            "fitness_balanced": -16.401965233571467,
            "gains": [
                -100,
                -90.0,
                -100,
                -80.0,
                -6.999999999999709,
                86.80000000000013,
                -100,
                -90.0
            ],
            "wins": [
                false,
                false,
                false,
                false,
                false,
                true,
                false,
                false
            ]
        },
        {
            "gain": -480.1999999999996,
            "fitness": -14.494095172859605,
            "fitness_balanced": -16.401965233571467,
            "gains": [
                -100,
                -90.0,
                -100,
                -80.0,
                -6.999999999999709,
                86.80000000000013,
                -100,
                -90.0
            ],
            "wins": [
                false,
                false,
                false,
                false,
                false,
                true,
                false,
                false
            ]
        },
        {
            "gain": -480.1999999999996,
            "fitness": -14.494095172859605,
            "fitness_balanced": -16.401965233571467,
            "gains": [
                -100,
                -90.0,
                -100,
                -80.0,
                -6.999999999999709,
                86.80000000000013,
                -100,
                -90.0
            ],
            "wins": [
                false,
                false,
                false,
                false,
                false,
                true,
                false,
                false
            ]
        },
        {
            "gain": -480.1999999999996,
            "fitness": -14.494095172859605,
            "fitness_balanced": -16.401965233571467,
            "gains": [
                -100,
                -90.0,
                -100,
                -80.0,
                -6.999999999999709,
                86.80000000000013,
                -100,
                -90.0
            ],
            "wins": [
                false,
                false,
                false,
                false,
                false,
                true,
                false,
                false
            ]
        },
        {
            "gain": -480.1999999999996,
            "fitness": -14.494095172859605,
            "fitness_balanced": -16.401965233571467,
            "gains": [
                -100,
                -90.0,
                -100,
                -80.0,
                -6.999999999999709,
                86.80000000000013,
                -100,
                -90.0
            ],
            "wins": [
                false,
                false,
                false,
                false,
                false,
                true,
                false,
                false
            ]
        }
    ]
}