{
    "gen": 29,
    "enemies": [
        6
    ],
    "results": [
        {
            "gain": 86.80000000000013,
            "fitness": 91.99164528605324,
            "fitness_balanced": 86.71040073082109,
            "wins": [
                true
            ]
        }
    ]
}