{
    "gen": 29,
    "enemies": [
        4
    ],
    "results": [
        {
            "gain": 0.3200000000001239,
            "fitness": 67.18225413130773,
            "fitness_balanced": 68.92081560539049,
            "wins": [
                0.4
            ]
        }
    ]
}