{
    "gen": 29,
    "enemies": [
        1,
        2,
        3,
        4,
        5,
        6,
        7,
        8
    ],
    "results": [
        {
            "gain": -287.39999999999964,
            "fitness": 3.1765354584110455,
            "fitness_balanced": -6.628162792374649,
            "gains": [
                -70.0,
                88,
                -60.0,
                -70.0,
                64.60000000000034,
                -100,
                -60.0,
                -80.0
            ],
            "wins": [
                false,
                true,
                false,
                false,
                true,
                false,
                false,
                false
            ]
        },
        {
            "gain": -287.39999999999964,
            "fitness": 3.1765354584110455,
            "fitness_balanced": -6.628162792374649,
            "gains": [
                -70.0,
                88,
                -60.0,
                -70.0,
                64.60000000000034,
                -100,
                -60.0,
                -80.0
            ],
            "wins": [
                false,
                true,
                false,
                false,
                true,
                false,
                false,
                false
            ]
        },
        {
            "gain": -287.39999999999964,
            "fitness": 3.1765354584110455,
            "fitness_balanced": -6.628162792374649,
            "gains": [
                -70.0,
                88,
                -60.0,
                -70.0,
                64.60000000000034,
                -100,
                -60.0,
                -80.0
            ],
            "wins": [
                false,
                true,
                false,
                false,
                true,
                false,
                false,
                false
            ]
        },
        {
            "gain": -287.39999999999964,
            "fitness": 3.1765354584110455,
            "fitness_balanced": -6.628162792374649,
            "gains": [
                -70.0,
                88,
                -60.0,
                -70.0,
                64.60000000000034,
                -100,
                -60.0,
                -80.0
            ],
            "wins": [
                false,
                true,
                false,
                false,
                true,
                false,
                false,
                false
            ]
        },
        {
            "gain": -287.39999999999964,
            "fitness": 3.1765354584110455,
            "fitness_balanced": -6.628162792374649,
            "gains": [
                -70.0,
                88,
                -60.0,
                -70.0,
                64.60000000000034,
                -100,
                -60.0,
                -80.0
            ],
            "wins": [
                false,
                true,
                false,
                false,
                true,
                false,
                false,
                false
            ]
        }
    ]
}