{
    "gen": 29,
    "enemies": [
        3
    ],
    "results": [
        {
            "gain": 1.6,
            "fitness": 68.16949810493277,
            "fitness_balanced": 61.805594608895326,
            "wins": [
                0.4
            ]
        }
    ]
}