{
    "gen": 29,
    "enemies": [
        8
    ],
    "results": [
        {
            "gain": -15.999999999999886,
            "fitness": 47.46744355847509,
            "fitness_balanced": 79.4626657329816,
            "wins": [
                0.4
            ]
        }
    ]
}