{
    "gen": 29,
    "enemies": [
        1,
        2,
        3,
        4,
        5,
        6,
        7,
        8
    ],
    "results": [
        {
            "gain": -362.5999999999997,
            "fitness": -0.6400701296083682,
            "fitness_balanced": 78.97641489804776,
            "gains": [
                -90.0,
                8,
                -70.0,
                -90.0,
                -70.0,
                -100,
                -20.0,
                69.40000000000029
            ],
            "wins": [
                false,
                true,
                false,
                false,
                false,
                false,
                false,
                true
            ]
        },
        {
            "gain": -362.5999999999997,
            "fitness": -0.6400701296083682,
            "fitness_balanced": 78.97641489804776,
            "gains": [
                -90.0,
                8,
                -70.0,
                -90.0,
                -70.0,
                -100,
                -20.0,
                69.40000000000029
            ],
            "wins": [
                false,
                true,
                false,
                false,
                false,
                false,
                false,
                true
            ]
        },
        {
            "gain": -362.5999999999997,
            "fitness": -0.6400701296083682,
            "fitness_balanced": 78.97641489804776,
            "gains": [
                -90.0,
                8,
                -70.0,
                -90.0,
                -70.0,
                -100,
                -20.0,
                69.40000000000029
            ],
            "wins": [
                false,
                true,
                false,
                false,
                false,
                false,
                false,
                true
            ]
        },
        {
            "gain": -362.5999999999997,
            "fitness": -0.6400701296083682,
            "fitness_balanced": 78.97641489804776,
            "gains": [
                -90.0,
                8,
                -70.0,
                -90.0,
                -70.0,
                -100,
                -20.0,
                69.40000000000029
            ],
            "wins": [
                false,
                true,
                false,
                false,
                false,
                false,
                false,
                true
            ]
        },
        {
            "gain": -362.5999999999997,
            "fitness": -0.6400701296083682,
            "fitness_balanced": 78.97641489804776,
            "gains": [
                -90.0,
                8,
                -70.0,
                -90.0,
                -70.0,
                -100,
                -20.0,
                69.40000000000029
            ],
            "wins": [
                false,
                true,
                false,
                false,
                false,
                false,
                false,
                true
            ]
        }
    ]
}