{
    "gen": 29,
    "enemies": [
        8
    ],
    "results": [
        {
            "gain": 55.240000000000215,
            "fitness": 89.98521628665071,
            "fitness_balanced": 88.34814186652399,
            "wins": [
                1.0
            ]
        }
    ]
}