{
    "gen": 29,
    "enemies": [
        1,
        2,
        3,
        4,
        5,
        6,
        7,
        8
    ],
    "results": [
        {
            "gain": -250.7999999999996,
            "fitness": 6.907997891775999,
            "fitness_balanced": -4.053669656866809,
            "gains": [
                -40.0,
                -60.0,
                -60.0,
                -60.0,
                71.80000000000027,
                -90.0,
                -100,
                87.40000000000012
            ],
            "wins": [
                false,
                false,
                false,
                false,
                true,
                false,
                false,
                true
            ]
        },
        {
            "gain": -250.7999999999996,
            "fitness": 6.907997891775999,
            "fitness_balanced": -4.053669656866809,
            "gains": [
                -40.0,
                -60.0,
                -60.0,
                -60.0,
                71.80000000000027,
                -90.0,
                -100,
                87.40000000000012
            ],
            "wins": [
                false,
                false,
                false,
                false,
                true,
                false,
                false,
                true
            ]
        },
        {
            "gain": -250.7999999999996,
            "fitness": 6.907997891775999,
            "fitness_balanced": -4.053669656866809,
            "gains": [
                -40.0,
                -60.0,
                -60.0,
                -60.0,
                71.80000000000027,
                -90.0,
                -100,
                87.40000000000012
            ],
            "wins": [
                false,
                false,
                false,
                false,
                true,
                false,
                false,
                true
            ]
        },
        {
            "gain": -250.7999999999996,
            "fitness": 6.907997891775999,
            "fitness_balanced": -4.053669656866809,
            "gains": [
                -40.0,
                -60.0,
                -60.0,
                -60.0,
                71.80000000000027,
                -90.0,
                -100,
                87.40000000000012
            ],
            "wins": [
                false,
                false,
                false,
                false,
                true,
                false,
                false,
                true
            ]
        },
        {
            "gain": -250.7999999999996,
            "fitness": 6.907997891775999,
            "fitness_balanced": -4.053669656866809,
            "gains": [
                -40.0,
                -60.0,
                -60.0,
                -60.0,
                71.80000000000027,
                -90.0,
                -100,
                87.40000000000012
            ],
            "wins": [
                false,
                false,
                false,
                false,
                true,
                false,
                false,
                true
            ]
        }
    ]
}