{
    "gen": 29,
    "enemies": [
        1,
        2,
        3,
        4,
        5,
        6,
        7,
        8
    ],
    "results": [
        {
            "gain": -227.39999999999966,
            "fitness": 12.985017948657575,
            "fitness_balanced": -0.9247861081888402,
            "gains": [
                -70.0,
                88,
                -60.0,
                -70.0,
                64.60000000000034,
                -70.0,
                -30.0,
                -80.0
            ],
            "wins": [
                false,
                true,
                false,
                false,
                true,
                false,
                false,
                false
            ]
        },
        {
            "gain": -227.39999999999966,
            "fitness": 12.985017948657575,
            "fitness_balanced": -0.9247861081888402,
            "gains": [
                -70.0,
                88,
                -60.0,
                -70.0,
                64.60000000000034,
                -70.0,
                -30.0,
                -80.0
            ],
            "wins": [
                false,
                true,
                false,
                false,
                true,
                false,
                false,
                false
            ]
        },
        {
            "gain": -227.39999999999966,
            "fitness": 12.985017948657575,
            "fitness_balanced": -0.9247861081888402,
            "gains": [
                -70.0,
                88,
                -60.0,
                -70.0,
                64.60000000000034,
                -70.0,
                -30.0,
                -80.0
            ],
            "wins": [
                false,
                true,
                false,
                false,
                true,
                false,
                false,
                false
            ]
        },
        {
            "gain": -227.39999999999966,
            "fitness": 12.985017948657575,
            "fitness_balanced": -0.9247861081888402,
            "gains": [
                -70.0,
                88,
                -60.0,
                -70.0,
                64.60000000000034,
                -70.0,
                -30.0,
                -80.0
            ],
            "wins": [
                false,
                true,
                false,
                false,
                true,
                false,
                false,
                false
            ]
        },
        {
            "gain": -227.39999999999966,
            "fitness": 12.985017948657575,
            "fitness_balanced": -0.9247861081888402,
            "gains": [
                -70.0,
                88,
                -60.0,
                -70.0,
                64.60000000000034,
                -70.0,
                -30.0,
                -80.0
            ],
            "wins": [
                false,
                true,
                false,
                false,
                true,
                false,
                false,
                false
            ]
        }
    ]
}