{
    "gen": 29,
    "enemies": [
        1,
        2,
        3,
        4,
        5,
        6,
        7,
        8
    ],
    "results": [
        {
            "gain": -132.59999999999926,
            "fitness": 14.008057117888264,
            "fitness_balanced": 2.850477377711613,
            "gains": [
                -50.0,
                -70.0,
                -30.0,
                45.4000000000003,
                82.00000000000017,
                -80.0,
                -100,
                70.00000000000028
            ],
            "wins": [
                false,
                false,
                false,
                true,
                true,
                false,
                false,
                true
            ]
        },
        {
            "gain": -132.59999999999926,
            "fitness": 14.008057117888264,
            "fitness_balanced": 2.850477377711613,
            "gains": [
                -50.0,
                -70.0,
                -30.0,
                45.4000000000003,
                82.00000000000017,
                -80.0,
                -100,
                70.00000000000028
            ],
            "wins": [
                false,
                false,
                false,
                true,
                true,
                false,
                false,
                true
            ]
        },
        {
            "gain": -132.59999999999926,
            "fitness": 14.008057117888264,
            "fitness_balanced": 2.850477377711613,
            "gains": [
                -50.0,
                -70.0,
                -30.0,
                45.4000000000003,
                82.00000000000017,
                -80.0,
                -100,
                70.00000000000028
            ],
            "wins": [
                false,
                false,
                false,
                true,
                true,
                false,
                false,
                true
            ]
        },
        {
            "gain": -132.59999999999926,
            "fitness": 14.008057117888264,
            "fitness_balanced": 2.850477377711613,
            "gains": [
                -50.0,
                -70.0,
                -30.0,
                45.4000000000003,
                82.00000000000017,
                -80.0,
                -100,
                70.00000000000028
            ],
            "wins": [
                false,
                false,
                false,
                true,
                true,
                false,
                false,
                true
            ]
        },
        {
            "gain": -132.59999999999926,
            "fitness": 14.008057117888264,
            "fitness_balanced": 2.850477377711613,
            "gains": [
                -50.0,
                -70.0,
                -30.0,
                45.4000000000003,
                82.00000000000017,
                -80.0,
                -100,
                70.00000000000028
            ],
            "wins": [
                false,
                false,
                false,
                true,
                true,
                false,
                false,
                true
            ]
        }
    ]
}