{
    "gen": 29,
    "enemies": [
        8
    ],
    "results": [
        {
            "gain": 70.00000000000028,
            "fitness": 91.4052886203982,
            "fitness_balanced": 79.40157804100177,
            "wins": [
                true
            ]
        }
    ]
}