{
    "gen": 29,
    "enemies": [
        6
    ],
    "results": [
        {
            "gain": -98.0,
            "fitness": -3.135671979181214,
            "fitness_balanced": -5.0369526024136295,
            "wins": [
                0.0
            ]
        }
    ]
}