{
    "gen": 29,
    "enemies": [
        1,
        2,
        3,
        4,
        5,
        6,
        7,
        8
    ],
    "results": [
        {
            "gain": -200.1999999999999,
            "fitness": 5.224953747127685,
            "fitness_balanced": 4.443171938300463,
            "gains": [
                100,
                -10.0,
                -40.0,
                -70.0,
                89.8000000000001,
                -100,
                -90.0,
                -80.0
            ],
            "wins": [
                true,
                false,
                false,
                false,
                true,
                false,
                false,
                false
            ]
        },
        {
            "gain": -200.1999999999999,
            "fitness": 5.224953747127685,
            "fitness_balanced": 4.443171938300463,
            "gains": [
                100,
                -10.0,
                -40.0,
                -70.0,
                89.8000000000001,
                -100,
                -90.0,
                -80.0
            ],
            "wins": [
                true,
                false,
                false,
                false,
                true,
                false,
                false,
                false
            ]
        },
        {
            "gain": -200.1999999999999,
            "fitness": 5.224953747127685,
            "fitness_balanced": 4.443171938300463,
            "gains": [
                100,
                -10.0,
                -40.0,
                -70.0,
                89.8000000000001,
                -100,
                -90.0,
                -80.0
            ],
            "wins": [
                true,
                false,
                false,
                false,
                true,
                false,
                false,
                false
            ]
        },
        {
            "gain": -200.1999999999999,
            "fitness": 5.224953747127685,
            "fitness_balanced": 4.443171938300463,
            "gains": [
                100,
                -10.0,
                -40.0,
                -70.0,
                89.8000000000001,
                -100,
                -90.0,
                -80.0
            ],
            "wins": [
                true,
                false,
                false,
                false,
                true,
                false,
                false,
                false
            ]
        },
        {
            "gain": -200.1999999999999,
            "fitness": 5.224953747127685,
            "fitness_balanced": 4.443171938300463,
            "gains": [
                100,
                -10.0,
                -40.0,
                -70.0,
                89.8000000000001,
                -100,
                -90.0,
                -80.0
            ],
            "wins": [
                true,
                false,
                false,
                false,
                true,
                false,
                false,
                false
            ]
        }
    ]
}