{
    "gen": 29,
    "enemies": [
        1
    ],
    "results": [
        {
            "gain": -4.5,
            "fitness": 62.3647952758385,
            "fitness_balanced": 34.241098226122716,
            "wins": [
                0.25
            ]
        }
    ]
}