{
    "gen": 299,
    "enemies": [
        1,
        2,
        3,
        4,
        5,
        6,
        7,
        8
    ],
    "results": [
        {
            "gain": -24.599999999998985,
            "fitness": 40.12184592529648,
            "fitness_balanced": 46.42413272989435,
            "gains": [
                -70.0,
                64,
                -40.0,
                -60.0,
                55.60000000000032,
                12.40000000000023,
                8.200000000000232,
                5.200000000000234
            ],
            "wins": [
                false,
                true,
                false,
                false,
                true,
                true,
                true,
                true
            ]
        },
        {
            "gain": -24.599999999998985,
            "fitness": 40.12184592529648,
            "fitness_balanced": 46.42413272989435,
            "gains": [
                -70.0,
                64,
                -40.0,
                -60.0,
                55.60000000000032,
                12.40000000000023,
                8.200000000000232,
                5.200000000000234
            ],
            "wins": [
                false,
                true,
                false,
                false,
                true,
                true,
                true,
                true
            ]
        },
        {
            "gain": -24.599999999998985,
            "fitness": 40.12184592529648,
            "fitness_balanced": 46.42413272989435,
            "gains": [
                -70.0,
                64,
                -40.0,
                -60.0,
                55.60000000000032,
                12.40000000000023,
                8.200000000000232,
                5.200000000000234
            ],
            "wins": [
                false,
                true,
                false,
                false,
                true,
                true,
                true,
                true
            ]
        },
        {
            "gain": -24.599999999998985,
            "fitness": 40.12184592529648,
            "fitness_balanced": 46.42413272989435,
            "gains": [
                -70.0,
                64,
                -40.0,
                -60.0,
                55.60000000000032,
                12.40000000000023,
                8.200000000000232,
                5.200000000000234
            ],
            "wins": [
                false,
                true,
                false,
                false,
                true,
                true,
                true,
                true
            ]
        },
        {
            "gain": -24.599999999998985,
            "fitness": 40.12184592529648,
            "fitness_balanced": 46.42413272989435,
            "gains": [
                -70.0,
                64,
                -40.0,
                -60.0,
                55.60000000000032,
                12.40000000000023,
                8.200000000000232,
                5.200000000000234
            ],
            "wins": [
                false,
                true,
                false,
                false,
                true,
                true,
                true,
                true
            ]
        }
    ]
}