{
    "gen": 29,
    "enemies": [
        1,
        2,
        3,
        4,
        5,
        6,
        7,
        8
    ],
    "results": [
        {
            "gain": -85.59999999999934,
            "fitness": 22.797825606423423,
            "fitness_balanced": 4.458736454841574,
            "gains": [
                -70.0,
                70,
                -60.0,
                -60.0,
                64.60000000000034,
                59.80000000000033,
                -10.0,
                -80.0
            ],
            "wins": [
                false,
                true,
                false,
                false,
                true,
                true,
                false,
                false
            ]
        },
        {
            "gain": -85.59999999999934,
            "fitness": 22.797825606423423,
            "fitness_balanced": 4.458736454841574,
            "gains": [
                -70.0,
                70,
                -60.0,
                -60.0,
                64.60000000000034,
                59.80000000000033,
                -10.0,
                -80.0
            ],
            "wins": [
                false,
                true,
                false,
                false,
                true,
                true,
                false,
                false
            ]
        },
        {
            "gain": -85.59999999999934,
            "fitness": 22.797825606423423,
            "fitness_balanced": 4.458736454841574,
            "gains": [
                -70.0,
                70,
                -60.0,
                -60.0,
                64.60000000000034,
                59.80000000000033,
                -10.0,
                -80.0
            ],
            "wins": [
                false,
                true,
                false,
                false,
                true,
                true,
                false,
                false
            ]
        },
        {
            "gain": -85.59999999999934,
            "fitness": 22.797825606423423,
            "fitness_balanced": 4.458736454841574,
            "gains": [
                -70.0,
                70,
                -60.0,
                -60.0,
                64.60000000000034,
                59.80000000000033,
                -10.0,
                -80.0
            ],
            "wins": [
                false,
                true,
                false,
                false,
                true,
                true,
                false,
                false
            ]
        },
        {
            "gain": -85.59999999999934,
            "fitness": 22.797825606423423,
            "fitness_balanced": 4.458736454841574,
            "gains": [
                -70.0,
                70,
                -60.0,
                -60.0,
                64.60000000000034,
                59.80000000000033,
                -10.0,
                -80.0
            ],
            "wins": [
                false,
                true,
                false,
                false,
                true,
                true,
                false,
                false
            ]
        }
    ]
}