{
    "gen": 29,
    "enemies": [
        8
    ],
    "results": [
        {
            "gain": -50.0,
            "fitness": 39.04416263053517,
            "fitness_balanced": 19.041575306970216,
            "wins": [
                false
            ]
        }
    ]
}