{
    "gen": 29,
    "enemies": [
        1,
        2,
        3,
        4,
        5,
        6,
        7,
        8
    ],
    "results": [
        {
            "gain": -500.99999999999966,
            "fitness": -7.4896611368403825,
            "fitness_balanced": -3.9194992814322944,
            "gains": [
                -100,
                -10.0,
                -90.0,
                -90.0,
                -40.999999999999694,
                -100,
                -20.0,
                -50.0
            ],
            "wins": [
                false,
                false,
                false,
                false,
                false,
                false,
                false,
                false
            ]
        },
        {
            "gain": -500.99999999999966,
            "fitness": -7.4896611368403825,
            "fitness_balanced": -3.9194992814322944,
            "gains": [
                -100,
                -10.0,
                -90.0,
                -90.0,
                -40.999999999999694,
                -100,
                -20.0,
                -50.0
            ],
            "wins": [
                false,
                false,
                false,
                false,
                false,
                false,
                false,
                false
            ]
        },
        {
            "gain": -500.99999999999966,
            "fitness": -7.4896611368403825,
            "fitness_balanced": -3.9194992814322944,
            "gains": [
                -100,
                -10.0,
                -90.0,
                -90.0,
                -40.999999999999694,
                -100,
                -20.0,
                -50.0
            ],
            "wins": [
                false,
                false,
                false,
                false,
                false,
                false,
                false,
                false
            ]
        },
        {
            "gain": -500.99999999999966,
            "fitness": -7.4896611368403825,
            "fitness_balanced": -3.9194992814322944,
            "gains": [
                -100,
                -10.0,
                -90.0,
                -90.0,
                -40.999999999999694,
                -100,
                -20.0,
                -50.0
            ],
            "wins": [
                false,
                false,
                false,
                false,
                false,
                false,
                false,
                false
            ]
        },
        {
            "gain": -500.99999999999966,
            "fitness": -7.4896611368403825,
            "fitness_balanced": -3.9194992814322944,
            "gains": [
                -100,
                -10.0,
                -90.0,
                -90.0,
                -40.999999999999694,
                -100,
                -20.0,
                -50.0
            ],
            "wins": [
                false,
                false,
                false,
                false,
                false,
                false,
                false,
                false
            ]
        }
    ]
}