{
    "gen": 29,
    "enemies": [
        3
    ],
    "results": [
        {
            "gain": 7.2,
            "fitness": 67.21023259768377,
            "fitness_balanced": 79.95262782095372,
            "wins": [
                0.4
            ]
        }
    ]
}