{
    "gen": 29,
    "enemies": [
        7
    ],
    "results": [
        {
            "gain": 33.920000000000094,
            "fitness": 75.39315634992323,
            "fitness_balanced": 90.57274631484283,
            "wins": [
                0.6
            ]
        }
    ]
}