{
    "gen": 29,
    "enemies": [
        1,
        2,
        3,
        4,
        5,
        6,
        7,
        8
    ],
    "results": [
        {
            "gain": -386.9999999999998,
            "fitness": -7.588399782883371,
            "fitness_balanced": -9.836341292636053,
            "gains": [
                -100,
                84,
                -80.0,
                -90.0,
                -70.99999999999977,
                -100,
                -20.0,
                -10.0
            ],
            "wins": [
                false,
                true,
                false,
                false,
                false,
                false,
                false,
                false
            ]
        },
        {
            "gain": -386.9999999999998,
            "fitness": -7.588399782883371,
            "fitness_balanced": -9.836341292636053,
            "gains": [
                -100,
                84,
                -80.0,
                -90.0,
                -70.99999999999977,
                -100,
                -20.0,
                -10.0
            ],
            "wins": [
                false,
                true,
                false,
                false,
                false,
                false,
                false,
                false
            ]
        },
        {
            "gain": -386.9999999999998,
            "fitness": -7.588399782883371,
            "fitness_balanced": -9.836341292636053,
            "gains": [
                -100,
                84,
                -80.0,
                -90.0,
                -70.99999999999977,
                -100,
                -20.0,
                -10.0
            ],
            "wins": [
                false,
                true,
                false,
                false,
                false,
                false,
                false,
                false
            ]
        },
        {
            "gain": -386.9999999999998,
            "fitness": -7.588399782883371,
            "fitness_balanced": -9.836341292636053,
            "gains": [
                -100,
                84,
                -80.0,
                -90.0,
                -70.99999999999977,
                -100,
                -20.0,
                -10.0
            ],
            "wins": [
                false,
                true,
                false,
                false,
                false,
                false,
                false,
                false
            ]
        },
        {
            "gain": -386.9999999999998,
            "fitness": -7.588399782883371,
            "fitness_balanced": -9.836341292636053,
            "gains": [
                -100,
                84,
                -80.0,
                -90.0,
                -70.99999999999977,
                -100,
                -20.0,
                -10.0
            ],
            "wins": [
                false,
                true,
                false,
                false,
                false,
                false,
                false,
                false
            ]
        }
    ]
}