{
    "gen": 29,
    "enemies": [
        8
    ],
    "results": [
        {
            "gain": 68.8000000000003,
            "fitness": 91.19982739098296,
            "fitness_balanced": 78.71642023266146,
            "wins": [
                true
            ]
        }
    ]
}