{
    "gen": 29,
    "enemies": [
        5
    ],
    "results": [
        {
            "gain": 80.3500000000002,
            "fitness": 92.36460500084436,
            "fitness_balanced": 88.47695410451703,
            "wins": [
                1.0
            ]
        }
    ]
}