{
    "gen": 29,
    "enemies": [
        1,
        2,
        3,
        4,
        5,
        6,
        7,
        8
    ],
    "results": [
        {
            "gain": -77.3999999999992,
            "fitness": 31.648252602164398,
            "fitness_balanced": 13.094845217496978,
            "gains": [
                -70.0,
                70,
                -60.0,
                -70.0,
                64.60000000000034,
                2.8000000000002343,
                -20.0,
                5.200000000000234
            ],
            "wins": [
                false,
                true,
                false,
                false,
                true,
                true,
                false,
                true
            ]
        },
        {
            "gain": -77.3999999999992,
            "fitness": 31.648252602164398,
            "fitness_balanced": 13.094845217496978,
            "gains": [
                -70.0,
                70,
                -60.0,
                -70.0,
                64.60000000000034,
                2.8000000000002343,
                -20.0,
                5.200000000000234
            ],
            "wins": [
                false,
                true,
                false,
                false,
                true,
                true,
                false,
                true
            ]
        },
        {
            "gain": -77.3999999999992,
            "fitness": 31.648252602164398,
            "fitness_balanced": 13.094845217496978,
            "gains": [
                -70.0,
                70,
                -60.0,
                -70.0,
                64.60000000000034,
                2.8000000000002343,
                -20.0,
                5.200000000000234
            ],
            "wins": [
                false,
                true,
                false,
                false,
                true,
                true,
                false,
                true
            ]
        },
        {
            "gain": -77.3999999999992,
            "fitness": 31.648252602164398,
            "fitness_balanced": 13.094845217496978,
            "gains": [
                -70.0,
                70,
                -60.0,
                -70.0,
                64.60000000000034,
                2.8000000000002343,
                -20.0,
                5.200000000000234
            ],
            "wins": [
                false,
                true,
                false,
                false,
                true,
                true,
                false,
                true
            ]
        },
        {
            "gain": -77.3999999999992,
            "fitness": 31.648252602164398,
            "fitness_balanced": 13.094845217496978,
            "gains": [
                -70.0,
                70,
                -60.0,
                -70.0,
                64.60000000000034,
                2.8000000000002343,
                -20.0,
                5.200000000000234
            ],
            "wins": [
                false,
                true,
                false,
                false,
                true,
                true,
                false,
                true
            ]
        }
    ]
}