{
    "gen": 14,
    "enemies": [
        1
    ],
    "results": [
        {
            "gain": -30.0,
            "fitness": 57.269900217026425,
            "fitness_balanced": 29.266658723102253,
            "wins": [
                false
            ]
        }
    ]
}