{
    "gen": 19,
    "enemies": [
        3
    ],
    "results": [
        {
            "gain": 62,
            "fitness": 89.99342407327508,
            "fitness_balanced": 74.79140997390337,
            "wins": [
                true
            ]
        }
    ]
}