{
    "gen": 29,
    "enemies": [
        1
    ],
    "results": [
        {
            "gain": -52.5,
            "fitness": 37.52411970986249,
            "fitness_balanced": 24.24109822612272,
            "wins": [
                0.0
            ]
        }
    ]
}