{
    "gen": 29,
    "enemies": [
        3
    ],
    "results": [
        {
            "gain": 24.8,
            "fitness": 80.12995014624008,
            "fitness_balanced": 53.79140997390337,
            "wins": [
                0.8
            ]
        }
    ]
}