{
    "gen": 29,
    "enemies": [
        6
    ],
    "results": [
        {
            "gain": 68.2000000000003,
            "fitness": 91.03003982910278,
            "fitness_balanced": 78.30698639161601,
            "wins": [
                true
            ]
        }
    ]
}