{
    "gen": 29,
    "enemies": [
        1
    ],
    "results": [
        {
            "gain": -3.0,
            "fitness": 64.37590875635146,
            "fitness_balanced": 34.182888840036796,
            "wins": [
                0.25
            ]
        }
    ]
}