{
    "gen": 29,
    "enemies": [
        1,
        2,
        3,
        4,
        5,
        6,
        7,
        8
    ],
    "results": [
        {
            "gain": -126.59999999999967,
            "fitness": 9.938495697682448,
            "fitness_balanced": -0.3021885090307066,
            "gains": [
                100,
                -80.0,
                -30.0,
                -20.0,
                89.2000000000001,
                -100,
                -100,
                14.200000000000228
            ],
            "wins": [
                true,
                false,
                false,
                false,
                true,
                false,
                false,
                true
            ]
        },
        {
            "gain": -126.59999999999967,
            "fitness": 9.938495697682448,
            "fitness_balanced": -0.3021885090307066,
            "gains": [
                100,
                -80.0,
                -30.0,
                -20.0,
                89.2000000000001,
                -100,
                -100,
                14.200000000000228
            ],
            "wins": [
                true,
                false,
                false,
                false,
                true,
                false,
                false,
                true
            ]
        },
        {
            "gain": -126.59999999999967,
            "fitness": 9.938495697682448,
            "fitness_balanced": -0.3021885090307066,
            "gains": [
                100,
                -80.0,
                -30.0,
                -20.0,
                89.2000000000001,
                -100,
                -100,
                14.200000000000228
            ],
            "wins": [
                true,
                false,
                false,
                false,
                true,
                false,
                false,
                true
            ]
        },
        {
            "gain": -126.59999999999967,
            "fitness": 9.938495697682448,
            "fitness_balanced": -0.3021885090307066,
            "gains": [
                100,
                -80.0,
                -30.0,
                -20.0,
                89.2000000000001,
                -100,
                -100,
                14.200000000000228
            ],
            "wins": [
                true,
                false,
                false,
                false,
                true,
                false,
                false,
                true
            ]
        },
        {
            "gain": -126.59999999999967,
            "fitness": 9.938495697682448,
            "fitness_balanced": -0.3021885090307066,
            "gains": [
                100,
                -80.0,
                -30.0,
                -20.0,
                89.2000000000001,
                -100,
                -100,
                14.200000000000228
            ],
            "wins": [
                true,
                false,
                false,
                false,
                true,
                false,
                false,
                true
            ]
        }
    ]
}