{
    "gen": 29,
    "enemies": [
        3
    ],
    "results": [
        {
            "gain": -11.2,
            "fitness": 62.156446251049786,
            "fitness_balanced": 55.95026654476804,
            "wins": [
                0.4
            ]
        }
    ]
}