{
    "gen": 29,
    "enemies": [
        1,
        2,
        3,
        4,
        5,
        6,
        7,
        8
    ],
    "results": [
        {
            "gain": -262.7999999999996,
            "fitness": 8.027135529420306,
            "fitness_balanced": -1.724742648933777,
            "gains": [
                -70.0,
                -10.0,
                -60.0,
                -50.0,
                31.000000000000263,
                -100,
                -90.0,
                86.20000000000013
            ],
            "wins": [
                false,
                false,
                false,
                false,
                true,
                false,
                false,
                true
            ]
        },
        {
            "gain": -262.7999999999996,
            "fitness": 8.027135529420306,
            "fitness_balanced": -1.724742648933777,
            "gains": [
                -70.0,
                -10.0,
                -60.0,
                -50.0,
                31.000000000000263,
                -100,
                -90.0,
                86.20000000000013
            ],
            "wins": [
                false,
                false,
                false,
                false,
                true,
                false,
                false,
                true
            ]
        },
        {
            "gain": -262.7999999999996,
            "fitness": 8.027135529420306,
            "fitness_balanced": -1.724742648933777,
            "gains": [
                -70.0,
                -10.0,
                -60.0,
                -50.0,
                31.000000000000263,
                -100,
                -90.0,
                86.20000000000013
            ],
            "wins": [
                false,
                false,
                false,
                false,
                true,
                false,
                false,
                true
            ]
        },
        {
            "gain": -262.7999999999996,
            "fitness": 8.027135529420306,
            "fitness_balanced": -1.724742648933777,
            "gains": [
                -70.0,
                -10.0,
                -60.0,
                -50.0,
                31.000000000000263,
                -100,
                -90.0,
                86.20000000000013
            ],
            "wins": [
                false,
                false,
                false,
                false,
                true,
                false,
                false,
                true
            ]
        },
        {
            "gain": -262.7999999999996,
            "fitness": 8.027135529420306,
            "fitness_balanced": -1.724742648933777,
            "gains": [
                -70.0,
                -10.0,
                -60.0,
                -50.0,
                31.000000000000263,
                -100,
                -90.0,
                86.20000000000013
            ],
            "wins": [
                false,
                false,
                false,
                false,
                true,
                false,
                false,
                true
            ]
        }
    ]
}