{
    "gen": 29,
    "enemies": [
        1,
        2,
        3,
        4,
        5,
        6,
        7,
        8
    ],
    "results": [
        {
            "gain": -296.39999999999964,
            "fitness": 5.340145189246549,
            "fitness_balanced": 9.57065437104556,
            "gains": [
                -70.0,
                -50.0,
                72,
                -60.0,
                61.600000000000335,
                -80.0,
                -100,
                -70.0
            ],
            "wins": [
                false,
                false,
                true,
                false,
                true,
                false,
                false,
                false
            ]
        },
        {
            "gain": -296.39999999999964,
            "fitness": 5.340145189246549,
            "fitness_balanced": 9.57065437104556,
            "gains": [
                -70.0,
                -50.0,
                72,
                -60.0,
                61.600000000000335,
                -80.0,
                -100,
                -70.0
            ],
            "wins": [
                false,
                false,
                true,
                false,
                true,
                false,
                false,
                false
            ]
        },
        {
            "gain": -296.39999999999964,
            "fitness": 5.340145189246549,
            "fitness_balanced": 9.57065437104556,
            "gains": [
                -70.0,
                -50.0,
                72,
                -60.0,
                61.600000000000335,
                -80.0,
                -100,
                -70.0
            ],
            "wins": [
                false,
                false,
                true,
                false,
                true,
                false,
                false,
                false
            ]
        },
        {
            "gain": -296.39999999999964,
            "fitness": 5.340145189246549,
            "fitness_balanced": 9.57065437104556,
            "gains": [
                -70.0,
                -50.0,
                72,
                -60.0,
                61.600000000000335,
                -80.0,
                -100,
                -70.0
            ],
            "wins": [
                false,
                false,
                true,
                false,
                true,
                false,
                false,
                false
            ]
        },
        {
            "gain": -296.39999999999964,
            "fitness": 5.340145189246549,
            "fitness_balanced": 9.57065437104556,
            "gains": [
                -70.0,
                -50.0,
                72,
                -60.0,
                61.600000000000335,
                -80.0,
                -100,
                -70.0
            ],
            "wins": [
                false,
                false,
                true,
                false,
                true,
                false,
                false,
                false
            ]
        }
    ]
}