{
    "gen": 29,
    "enemies": [
        1
    ],
    "results": [
        {
            "gain": -20.0,
            "fitness": 66.24109822612272,
            "fitness_balanced": 34.23794861721982,
            "wins": [
                false
            ]
        }
    ]
}