{
    "gen": 29,
    "enemies": [
        1,
        2,
        3,
        4,
        5,
        6,
        7,
        8
    ],
    "results": [
        {
            "gain": -248.1999999999997,
            "fitness": 13.102204068084909,
            "fitness_balanced": 1.6179162989490337,
            "gains": [
                -20.0,
                64,
                -80.0,
                -80.0,
                47.8000000000003,
                -70.0,
                -80.0,
                -30.0
            ],
            "wins": [
                false,
                true,
                false,
                false,
                true,
                false,
                false,
                false
            ]
        },
        {
            "gain": -248.1999999999997,
            "fitness": 13.102204068084909,
            "fitness_balanced": 1.6179162989490337,
            "gains": [
                -20.0,
                64,
                -80.0,
                -80.0,
                47.8000000000003,
                -70.0,
                -80.0,
                -30.0
            ],
            "wins": [
                false,
                true,
                false,
                false,
                true,
                false,
                false,
                false
            ]
        },
        {
            "gain": -248.1999999999997,
            "fitness": 13.102204068084909,
            "fitness_balanced": 1.6179162989490337,
            "gains": [
                -20.0,
                64,
                -80.0,
                -80.0,
                47.8000000000003,
                -70.0,
                -80.0,
                -30.0
            ],
            "wins": [
                false,
                true,
                false,
                false,
                true,
                false,
                false,
                false
            ]
        },
        {
            "gain": -248.1999999999997,
            "fitness": 13.102204068084909,
            "fitness_balanced": 1.6179162989490337,
            "gains": [
                -20.0,
                64,
                -80.0,
                -80.0,
                47.8000000000003,
                -70.0,
                -80.0,
                -30.0
            ],
            "wins": [
                false,
                true,
                false,
                false,
                true,
                false,
                false,
                false
            ]
        },
        {
            "gain": -248.1999999999997,
            "fitness": 13.102204068084909,
            "fitness_balanced": 1.6179162989490337,
            "gains": [
                -20.0,
                64,
                -80.0,
                -80.0,
                47.8000000000003,
                -70.0,
                -80.0,
                -30.0
            ],
            "wins": [
                false,
                true,
                false,
                false,
                true,
                false,
                false,
                false
            ]
        }
    ]
}