{
    "gen": 29,
    "enemies": [
        1,
        2,
        3,
        4,
        5,
        6,
        7,
        8
    ],
    "results": [
        {
            "gain": -285.47999999999956,
            "fitness": 24.6113914293401,
            "fitness_balanced": 60.23070308686636,
            "wins": [
                0.0,
                0.4,
                0.0,
                0.0,
                0.75,
                0.0,
                0.4,
                0.4
            ]
        }
    ]
}