{
    "gen": 299,
    "enemies": [
        1,
        2,
        3,
        4,
        5,
        6,
        7,
        8
    ],
    "results": [
        {
            "gain": -68.599999999999,
            "fitness": 39.267514099581106,
            "fitness_balanced": 58.130703086866355,
            "gains": [
                -80.0,
                8,
                -40.0,
                -50.0,
                36.400000000000276,
                21.40000000000024,
                7.600000000000232,
                28.000000000000256
            ],
            "wins": [
                false,
                true,
                false,
                false,
                true,
                true,
                true,
                true
            ]
        },
        {
            "gain": -68.599999999999,
            "fitness": 39.267514099581106,
            "fitness_balanced": 58.130703086866355,
            "gains": [
                -80.0,
                8,
                -40.0,
                -50.0,
                36.400000000000276,
                21.40000000000024,
                7.600000000000232,
                28.000000000000256
            ],
            "wins": [
                false,
                true,
                false,
                false,
                true,
                true,
                true,
                true
            ]
        },
        {
            "gain": -68.599999999999,
            "fitness": 39.267514099581106,
            "fitness_balanced": 58.130703086866355,
            "gains": [
                -80.0,
                8,
                -40.0,
                -50.0,
                36.400000000000276,
                21.40000000000024,
                7.600000000000232,
                28.000000000000256
            ],
            "wins": [
                false,
                true,
                false,
                false,
                true,
                true,
                true,
                true
            ]
        },
        {
            "gain": -68.599999999999,
            "fitness": 39.267514099581106,
            "fitness_balanced": 58.130703086866355,
            "gains": [
                -80.0,
                8,
                -40.0,
                -50.0,
                36.400000000000276,
                21.40000000000024,
                7.600000000000232,
                28.000000000000256
            ],
            "wins": [
                false,
                true,
                false,
                false,
                true,
                true,
                true,
                true
            ]
        },
        {
            "gain": -68.599999999999,
            "fitness": 39.267514099581106,
            "fitness_balanced": 58.130703086866355,
            "gains": [
                -80.0,
                8,
                -40.0,
                -50.0,
                36.400000000000276,
                21.40000000000024,
                7.600000000000232,
                28.000000000000256
            ],
            "wins": [
                false,
                true,
                false,
                false,
                true,
                true,
                true,
                true
            ]
        }
    ]
}