{
    "gen": 29,
    "enemies": [
        1,
        2,
        3,
        4,
        5,
        6,
        7,
        8
    ],
    "results": [
        {
            "gain": -449.1999999999995,
            "fitness": 3.693645801126415,
            "fitness_balanced": 28.76755198344948,
            "gains": [
                -90.0,
                -60.0,
                -80.0,
                10.60000000000023,
                -49.79999999999976,
                -50.0,
                -100,
                -30.0
            ],
            "wins": [
                false,
                false,
                false,
                true,
                false,
                false,
                false,
                false
            ]
        },
        {
            "gain": -449.1999999999995,
            "fitness": 3.693645801126415,
            "fitness_balanced": 28.76755198344948,
            "gains": [
                -90.0,
                -60.0,
                -80.0,
                10.60000000000023,
                -49.79999999999976,
                -50.0,
                -100,
                -30.0
            ],
            "wins": [
                false,
                false,
                false,
                true,
                false,
                false,
                false,
                false
            ]
        },
        {
            "gain": -449.1999999999995,
            "fitness": 3.693645801126415,
            "fitness_balanced": 28.76755198344948,
            "gains": [
                -90.0,
                -60.0,
                -80.0,
                10.60000000000023,
                -49.79999999999976,
                -50.0,
                -100,
                -30.0
            ],
            "wins": [
                false,
                false,
                false,
                true,
                false,
                false,
                false,
                false
            ]
        },
        {
            "gain": -449.1999999999995,
            "fitness": 3.693645801126415,
            "fitness_balanced": 28.76755198344948,
            "gains": [
                -90.0,
                -60.0,
                -80.0,
                10.60000000000023,
                -49.79999999999976,
                -50.0,
                -100,
                -30.0
            ],
            "wins": [
                false,
                false,
                false,
                true,
                false,
                false,
                false,
                false
            ]
        },
        {
            "gain": -449.1999999999995,
            "fitness": 3.693645801126415,
            "fitness_balanced": 28.76755198344948,
            "gains": [
                -90.0,
                -60.0,
                -80.0,
                10.60000000000023,
                -49.79999999999976,
                -50.0,
                -100,
                -30.0
            ],
            "wins": [
                false,
                false,
                false,
                true,
                false,
                false,
                false,
                false
            ]
        }
    ]
}