gen,best,mean,std,best_log,mean_log,std_log
0,66.62936197187234,1.2796392585149594,13.167016399926244,66.62936197187234,1.2796392585149594,13.167016399926244
1,66.62936197187234,9.463221290444569,17.574353839915485,66.62936197187234,9.463221290444569,17.574353839915485
2,66.62936197187234,21.012266439024817,18.929010906408628,66.62936197187234,21.012266439024817,18.929010906408628
3,66.62936197187234,32.29264357227721,17.12972849905192,66.62936197187234,32.29264357227721,17.12972849905192
4,66.62936197187234,35.410983084506235,15.47076789974058,66.62936197187234,35.410983084506235,15.47076789974058
5,73.83131104080057,40.64183556755095,14.988077266887364,73.83131104080057,40.64183556755095,14.988077266887364
