{
    "gen": 14,
    "enemies": [
        6
    ],
    "results": [
        {
            "gain": -20.0,
            "fitness": 65.38661578162043,
            "fitness_balanced": 33.38527439979624,
            "wins": [
                false
            ]
        }
    ]
}