{
    "gen": 29,
    "enemies": [
        3
    ],
    "results": [
        {
            "gain": 9.6,
            "fitness": 73.86396858095762,
            "fitness_balanced": 45.74041853593508,
            "wins": [
                0.6
            ]
        }
    ]
}