{
    "gen": 29,
    "enemies": [
        7
    ],
    "results": [
        {
            "gain": 16.400000000000034,
            "fitness": 70.31857828307591,
            "fitness_balanced": 90.57274631484283,
            "wins": [
                0.4
            ]
        }
    ]
}