{
    "gen": 29,
    "enemies": [
        1,
        2,
        3,
        4,
        5,
        6,
        7,
        8
    ],
    "results": [
        {
            "gain": -129.3999999999996,
            "fitness": 11.671941000030401,
            "fitness_balanced": 4.570654371045559,
            "gains": [
                -70.0,
                72,
                -70.0,
                -70.0,
                67.6000000000003,
                -70.0,
                91.00000000000009,
                -80.0
            ],
            "wins": [
                false,
                true,
                false,
                false,
                true,
                false,
                true,
                false
            ]
        },
        {
            "gain": -129.3999999999996,
            "fitness": 11.671941000030401,
            "fitness_balanced": 4.570654371045559,
            "gains": [
                -70.0,
                72,
                -70.0,
                -70.0,
                67.6000000000003,
                -70.0,
                91.00000000000009,
                -80.0
            ],
            "wins": [
                false,
                true,
                false,
                false,
                true,
                false,
                true,
                false
            ]
        },
        {
            "gain": -129.3999999999996,
            "fitness": 11.671941000030401,
            "fitness_balanced": 4.570654371045559,
            "gains": [
                -70.0,
                72,
                -70.0,
                -70.0,
                67.6000000000003,
                -70.0,
                91.00000000000009,
                -80.0
            ],
            "wins": [
                false,
                true,
                false,
                false,
                true,
                false,
                true,
                false
            ]
        },
        {
            "gain": -129.3999999999996,
            "fitness": 11.671941000030401,
            "fitness_balanced": 4.570654371045559,
            "gains": [
                -70.0,
                72,
                -70.0,
                -70.0,
                67.6000000000003,
                -70.0,
                91.00000000000009,
                -80.0
            ],
            "wins": [
                false,
                true,
                false,
                false,
                true,
                false,
                true,
                false
            ]
        },
        {
            "gain": -129.3999999999996,
            "fitness": 11.671941000030401,
            "fitness_balanced": 4.570654371045559,
            "gains": [
                -70.0,
                72,
                -70.0,
                -70.0,
                67.6000000000003,
                -70.0,
                91.00000000000009,
                -80.0
            ],
            "wins": [
                false,
                true,
                false,
                false,
                true,
                false,
                true,
                false
            ]
        }
    ]
}