{
    "gen": 29,
    "enemies": [
        1,
        2,
        3,
        4,
        5,
        6,
        7,
        8
    ],
    "results": [
        {
            "gain": -323.5999999999997,
            "fitness": 0.17357193057587494,
            "fitness_balanced": 64.23697189645966,
            "gains": [
                -70.0,
                -70.0,
                -70.0,
                -90.0,
                95.20000000000005,
                -60.0,
                -100,
                41.20000000000029
            ],
            "wins": [
                false,
                false,
                false,
                false,
                true,
                false,
                false,
                true
            ]
        },
        {
            "gain": -323.5999999999997,
            "fitness": 0.17357193057587494,
            "fitness_balanced": 64.23697189645966,
            "gains": [
                -70.0,
                -70.0,
                -70.0,
                -90.0,
                95.20000000000005,
                -60.0,
                -100,
                41.20000000000029
            ],
            "wins": [
                false,
                false,
                false,
                false,
                true,
                false,
                false,
                true
            ]
        },
        {
            "gain": -323.5999999999997,
            "fitness": 0.17357193057587494,
            "fitness_balanced": 64.23697189645966,
            "gains": [
                -70.0,
                -70.0,
                -70.0,
                -90.0,
                95.20000000000005,
                -60.0,
                -100,
                41.20000000000029
            ],
            "wins": [
                false,
                false,
                false,
                false,
                true,
                false,
                false,
                true
            ]
        },
        {
            "gain": -323.5999999999997,
            "fitness": 0.17357193057587494,
            "fitness_balanced": 64.23697189645966,
            "gains": [
                -70.0,
                -70.0,
                -70.0,
                -90.0,
                95.20000000000005,
                -60.0,
                -100,
                41.20000000000029
            ],
            "wins": [
                false,
                false,
                false,
                false,
                true,
                false,
                false,
                true
            ]
        },
        {
            "gain": -323.5999999999997,
            "fitness": 0.17357193057587494,
            "fitness_balanced": 64.23697189645966,
            "gains": [
                -70.0,
                -70.0,
                -70.0,
                -90.0,
                95.20000000000005,
                -60.0,
                -100,
                41.20000000000029
            ],
            "wins": [
                false,
                false,
                false,
                false,
                true,
                false,
                false,
                true
            ]
        }
    ]
}