{
    "gen": 29,
    "enemies": [
        3
    ],
    "results": [
        {
            "gain": 20.0,
            "fitness": 86.09517150512545,
            "fitness_balanced": 46.76558927428163,
            "wins": [
                1.0
            ]
        }
    ]
}