{
    "gen": 999,
    "enemies": [
        1,
        2,
        3,
        4,
        5,
        6,
        7,
        8
    ],
    "results": [
        {
            "gain": -31.59999999999951,
            "fitness": 25.065582783197552,
            "fitness_balanced": 7.6411307557339825,
            "gains": [
                -50.0,
                -70.0,
                -60.0,
                -30.0,
                83.80000000000015,
                -70.0,
                80.80000000000018,
                83.80000000000015
            ],
            "wins": [
                false,
                false,
                false,
                false,
                true,
                false,
                true,
                true
            ]
        },
        {
            "gain": -31.59999999999951,
            "fitness": 25.065582783197552,
            "fitness_balanced": 7.6411307557339825,
            "gains": [
                -50.0,
                -70.0,
                -60.0,
                -30.0,
                83.80000000000015,
                -70.0,
                80.80000000000018,
                83.80000000000015
            ],
            "wins": [
                false,
                false,
                false,
                false,
                true,
                false,
                true,
                true
            ]
        },
        {
            "gain": -31.59999999999951,
            "fitness": 25.065582783197552,
            "fitness_balanced": 7.6411307557339825,
            "gains": [
                -50.0,
                -70.0,
                -60.0,
                -30.0,
                83.80000000000015,
                -70.0,
                80.80000000000018,
                83.80000000000015
            ],
            "wins": [
                false,
                false,
                false,
                false,
                true,
                false,
                true,
                true
            ]
        },
        {
            "gain": -31.59999999999951,
            "fitness": 25.065582783197552,
            "fitness_balanced": 7.6411307557339825,
            "gains": [
                -50.0,
                -70.0,
                -60.0,
                -30.0,
                83.80000000000015,
                -70.0,
                80.80000000000018,
                83.80000000000015
            ],
            "wins": [
                false,
                false,
                false,
                false,
                true,
                false,
                true,
                true
            ]
        },
        {
            "gain": -31.59999999999951,
            "fitness": 25.065582783197552,
            "fitness_balanced": 7.6411307557339825,
            "gains": [
                -50.0,
                -70.0,
                -60.0,
                -30.0,
                83.80000000000015,
                -70.0,
                80.80000000000018,
                83.80000000000015
            ],
            "wins": [
                false,
                false,
                false,
                false,
                true,
                false,
                true,
                true
            ]
        }
    ]
}