{
    "gen": 300,
    "enemies": [
        1,
        2,
        3,
        4,
        5,
        6,
        7,
        8
    ],
    "results": [
        {
            "gain": -169.99999999999915,
            "fitness": 16.453634465983,
            "fitness_balanced": 5.746463476239651,
            "gains": [
                -90.0,
                4,
                -70.0,
                -60.0,
                17.20000000000023,
                -80.0,
                51.40000000000031,
                57.400000000000325
            ],
            "wins": [
                false,
                true,
                false,
                false,
                true,
                false,
                true,
                true
            ]
        },
        {
            "gain": -169.99999999999915,
            "fitness": 16.453634465983,
            "fitness_balanced": 5.746463476239651,
            "gains": [
                -90.0,
                4,
                -70.0,
                -60.0,
                17.20000000000023,
                -80.0,
                51.40000000000031,
                57.400000000000325
            ],
            "wins": [
                false,
                true,
                false,
                false,
                true,
                false,
                true,
                true
            ]
        },
        {
            "gain": -169.99999999999915,
            "fitness": 16.453634465983,
            "fitness_balanced": 5.746463476239651,
            "gains": [
                -90.0,
                4,
                -70.0,
                -60.0,
                17.20000000000023,
                -80.0,
                51.40000000000031,
                57.400000000000325
            ],
            "wins": [
                false,
                true,
                false,
                false,
                true,
                false,
                true,
                true
            ]
        },
        {
            "gain": -169.99999999999915,
            "fitness": 16.453634465983,
            "fitness_balanced": 5.746463476239651,
            "gains": [
                -90.0,
                4,
                -70.0,
                -60.0,
                17.20000000000023,
                -80.0,
                51.40000000000031,
                57.400000000000325
            ],
            "wins": [
                false,
                true,
                false,
                false,
                true,
                false,
                true,
                true
            ]
        },
        {
            "gain": -169.99999999999915,
            "fitness": 16.453634465983,
            "fitness_balanced": 5.746463476239651,
            "gains": [
                -90.0,
                4,
                -70.0,
                -60.0,
                17.20000000000023,
                -80.0,
                51.40000000000031,
                57.400000000000325
            ],
            "wins": [
                false,
                true,
                false,
                false,
                true,
                false,
                true,
                true
            ]
        }
    ]
}