{
    "gen": 29,
    "enemies": [
        3
    ],
    "results": [
        {
            "gain": 7.2,
            "fitness": 70.37222698870352,
            "fitness_balanced": 53.64042613132762,
            "wins": [
                0.6
            ]
        }
    ]
}