{
    "gen": 29,
    "enemies": [
        3
    ],
    "results": [
        {
            "gain": 52,
            "fitness": 89.30559716573515,
            "fitness_balanced": 70.10284613236325,
            "wins": [
                true
            ]
        }
    ]
}