{
    "gen": 29,
    "enemies": [
        1,
        2,
        3,
        4,
        5,
        6,
        7,
        8
    ],
    "results": [
        {
            "gain": -340.3999999999998,
            "fitness": -10.301283356725577,
            "fitness_balanced": -15.359000703367045,
            "gains": [
                100,
                -90.0,
                -70.0,
                -80.0,
                79.6000000000002,
                -100,
                -100,
                -80.0
            ],
            "wins": [
                true,
                false,
                false,
                false,
                true,
                false,
                false,
                false
            ]
        },
        {
            "gain": -340.3999999999998,
            "fitness": -10.301283356725577,
            "fitness_balanced": -15.359000703367045,
            "gains": [
                100,
                -90.0,
                -70.0,
                -80.0,
                79.6000000000002,
                -100,
                -100,
                -80.0
            ],
            "wins": [
                true,
                false,
                false,
                false,
                true,
                false,
                false,
                false
            ]
        },
        {
            "gain": -340.3999999999998,
            "fitness": -10.301283356725577,
            "fitness_balanced": -15.359000703367045,
            "gains": [
                100,
                -90.0,
                -70.0,
                -80.0,
                79.6000000000002,
                -100,
                -100,
                -80.0
            ],
            "wins": [
                true,
                false,
                false,
                false,
                true,
                false,
                false,
                false
            ]
        },
        {
            "gain": -340.3999999999998,
            "fitness": -10.301283356725577,
            "fitness_balanced": -15.359000703367045,
            "gains": [
                100,
                -90.0,
                -70.0,
                -80.0,
                79.6000000000002,
                -100,
                -100,
                -80.0
            ],
            "wins": [
                true,
                false,
                false,
                false,
                true,
                false,
                false,
                false
            ]
        },
        {
            "gain": -340.3999999999998,
            "fitness": -10.301283356725577,
            "fitness_balanced": -15.359000703367045,
            "gains": [
                100,
                -90.0,
                -70.0,
                -80.0,
                79.6000000000002,
                -100,
                -100,
                -80.0
            ],
            "wins": [
                true,
                false,
                false,
                false,
                true,
                false,
                false,
                false
            ]
        }
    ]
}