{
    "gen": 29,
    "enemies": [
        1,
        2,
        3,
        4,
        5,
        6,
        7,
        8
    ],
    "results": [
        {
            "gain": -255.59999999999985,
            "fitness": 1.3786452867084193,
            "fitness_balanced": 9.629361971872338,
            "gains": [
                100,
                -70.0,
                -70.0,
                -90.0,
                84.40000000000015,
                -100,
                -40.0,
                -70.0
            ],
            "wins": [
                true,
                false,
                false,
                false,
                true,
                false,
                false,
                false
            ]
        },
        {
            "gain": -255.59999999999985,
            "fitness": 1.3786452867084193,
            "fitness_balanced": 9.629361971872338,
            "gains": [
                100,
                -70.0,
                -70.0,
                -90.0,
                84.40000000000015,
                -100,
                -40.0,
                -70.0
            ],
            "wins": [
                true,
                false,
                false,
                false,
                true,
                false,
                false,
                false
            ]
        },
        {
            "gain": -255.59999999999985,
            "fitness": 1.3786452867084193,
            "fitness_balanced": 9.629361971872338,
            "gains": [
                100,
                -70.0,
                -70.0,
                -90.0,
                84.40000000000015,
                -100,
                -40.0,
                -70.0
            ],
            "wins": [
                true,
                false,
                false,
                false,
                true,
                false,
                false,
                false
            ]
        },
        {
            "gain": -255.59999999999985,
            "fitness": 1.3786452867084193,
            "fitness_balanced": 9.629361971872338,
            "gains": [
                100,
                -70.0,
                -70.0,
                -90.0,
                84.40000000000015,
                -100,
                -40.0,
                -70.0
            ],
            "wins": [
                true,
                false,
                false,
                false,
                true,
                false,
                false,
                false
            ]
        },
        {
            "gain": -255.59999999999985,
            "fitness": 1.3786452867084193,
            "fitness_balanced": 9.629361971872338,
            "gains": [
                100,
                -70.0,
                -70.0,
                -90.0,
                84.40000000000015,
                -100,
                -40.0,
                -70.0
            ],
            "wins": [
                true,
                false,
                false,
                false,
                true,
                false,
                false,
                false
            ]
        }
    ]
}