{
    "gen": 29,
    "enemies": [
        1,
        2,
        3,
        4,
        5,
        6,
        7,
        8
    ],
    "results": [
        {
            "gain": -214.5999999999991,
            "fitness": 12.925058330866932,
            "fitness_balanced": 74.19118681455757,
            "gains": [
                -90.0,
                -50.0,
                -60.0,
                -40.0,
                17.20000000000023,
                47.8000000000003,
                -100,
                60.40000000000033
            ],
            "wins": [
                false,
                false,
                false,
                false,
                true,
                true,
                false,
                true
            ]
        },
        {
            "gain": -214.5999999999991,
            "fitness": 12.925058330866932,
            "fitness_balanced": 74.19118681455757,
            "gains": [
                -90.0,
                -50.0,
                -60.0,
                -40.0,
                17.20000000000023,
                47.8000000000003,
                -100,
                60.40000000000033
            ],
            "wins": [
                false,
                false,
                false,
                false,
                true,
                true,
                false,
                true
            ]
        },
        {
            "gain": -214.5999999999991,
            "fitness": 12.925058330866932,
            "fitness_balanced": 74.19118681455757,
            "gains": [
                -90.0,
                -50.0,
                -60.0,
                -40.0,
                17.20000000000023,
                47.8000000000003,
                -100,
                60.40000000000033
            ],
            "wins": [
                false,
                false,
                false,
                false,
                true,
                true,
                false,
                true
            ]
        },
        {
            "gain": -214.5999999999991,
            "fitness": 12.925058330866932,
            "fitness_balanced": 74.19118681455757,
            "gains": [
                -90.0,
                -50.0,
                -60.0,
                -40.0,
                17.20000000000023,
                47.8000000000003,
                -100,
                60.40000000000033
            ],
            "wins": [
                false,
                false,
                false,
                false,
                true,
                true,
                false,
                true
            ]
        },
        {
            "gain": -214.5999999999991,
            "fitness": 12.925058330866932,
            "fitness_balanced": 74.19118681455757,
            "gains": [
                -90.0,
                -50.0,
                -60.0,
                -40.0,
                17.20000000000023,
                47.8000000000003,
                -100,
                60.40000000000033
            ],
            "wins": [
                false,
                false,
                false,
                false,
                true,
                true,
                false,
                true
            ]
        }
    ]
}