{
    "gen": 29,
    "enemies": [
        6
    ],
    "results": [
        {
            "gain": -42.0,
            "fitness": 45.7768138844563,
            "fitness_balanced": 13.527653705499098,
            "wins": [
                0.0
            ]
        }
    ]
}