{
    "gen": 29,
    "enemies": [
        1,
        2,
        3,
        4,
        5,
        6,
        7,
        8
    ],
    "results": [
        {
            "gain": -317.5999999999998,
            "fitness": 3.041440678458777,
            "fitness_balanced": -5.183693121258887,
            "gains": [
                -100,
                86,
                -70.0,
                -80.0,
                -80.0,
                -70.0,
                -10.0,
                6.400000000000233
            ],
            "wins": [
                false,
                true,
                false,
                false,
                false,
                false,
                false,
                true
            ]
        },
        {
            "gain": -317.5999999999998,
            "fitness": 3.041440678458777,
            "fitness_balanced": -5.183693121258887,
            "gains": [
                -100,
                86,
                -70.0,
                -80.0,
                -80.0,
                -70.0,
                -10.0,
                6.400000000000233
            ],
            "wins": [
                false,
                true,
                false,
                false,
                false,
                false,
                false,
                true
            ]
        },
        {
            "gain": -317.5999999999998,
            "fitness": 3.041440678458777,
            "fitness_balanced": -5.183693121258887,
            "gains": [
                -100,
                86,
                -70.0,
                -80.0,
                -80.0,
                -70.0,
                -10.0,
                6.400000000000233
            ],
            "wins": [
                false,
                true,
                false,
                false,
                false,
                false,
                false,
                true
            ]
        },
        {
            "gain": -317.5999999999998,
            "fitness": 3.041440678458777,
            "fitness_balanced": -5.183693121258887,
            "gains": [
                -100,
                86,
                -70.0,
                -80.0,
                -80.0,
                -70.0,
                -10.0,
                6.400000000000233
            ],
            "wins": [
                false,
                true,
                false,
                false,
                false,
                false,
                false,
                true
            ]
        },
        {
            "gain": -317.5999999999998,
            "fitness": 3.041440678458777,
            "fitness_balanced": -5.183693121258887,
            "gains": [
                -100,
                86,
                -70.0,
                -80.0,
                -80.0,
                -70.0,
                -10.0,
                6.400000000000233
            ],
            "wins": [
                false,
                true,
                false,
                false,
                false,
                false,
                false,
                true
            ]
        }
    ]
}