{
    "gen": 29,
    "enemies": [
        1
    ],
    "results": [
        {
            "gain": -35.0,
            "fitness": 52.835948612761854,
            "fitness_balanced": 38.926955465899596,
            "wins": [
                0.0
            ]
        }
    ]
}