{
    "gen": 29,
    "enemies": [
        1
    ],
    "results": [
        {
            "gain": 28.0,
            "fitness": 71.81446052914788,
            "fitness_balanced": 94.84670840550223,
            "wins": [
                0.5
            ]
        }
    ]
}