{
    "gen": 29,
    "enemies": [
        6
    ],
    "results": [
        {
            "gain": 62.80000000000034,
            "fitness": 90.76254710353533,
            "fitness_balanced": 75.87853908213793,
            "wins": [
                true
            ]
        }
    ]
}