{
    "gen": 29,
    "enemies": [
        1,
        2,
        3,
        4,
        5,
        6,
        7,
        8
    ],
    "results": [
        {
            "gain": -487.19999999999965,
            "fitness": -5.502039568040267,
            "fitness_balanced": -10.216864558874754,
            "gains": [
                -100,
                -70.0,
                -90.0,
                -80.0,
                -50.0,
                62.80000000000034,
                -100,
                -60.0
            ],
            "wins": [
                false,
                false,
                false,
                false,
                false,
                true,
                false,
                false
            ]
        },
        {
            "gain": -487.19999999999965,
            "fitness": -5.502039568040267,
            "fitness_balanced": -10.216864558874754,
            "gains": [
                -100,
                -70.0,
                -90.0,
                -80.0,
                -50.0,
                62.80000000000034,
                -100,
                -60.0
            ],
            "wins": [
                false,
                false,
                false,
                false,
                false,
                true,
                false,
                false
            ]
        },
        {
            "gain": -487.19999999999965,
            "fitness": -5.502039568040267,
            "fitness_balanced": -10.216864558874754,
            "gains": [
                -100,
                -70.0,
                -90.0,
                -80.0,
                -50.0,
                62.80000000000034,
                -100,
                -60.0
            ],
            "wins": [
                false,
                false,
                false,
                false,
                false,
                true,
                false,
                false
            ]
        },
        {
            "gain": -487.19999999999965,
            "fitness": -5.502039568040267,
            "fitness_balanced": -10.216864558874754,
            "gains": [
                -100,
                -70.0,
                -90.0,
                -80.0,
                -50.0,
                62.80000000000034,
                -100,
                -60.0
            ],
            "wins": [
                false,
                false,
                false,
                false,
                false,
                true,
                false,
                false
            ]
        },
        {
            "gain": -487.19999999999965,
            "fitness": -5.502039568040267,
            "fitness_balanced": -10.216864558874754,
            "gains": [
                -100,
                -70.0,
                -90.0,
                -80.0,
                -50.0,
                62.80000000000034,
                -100,
                -60.0
            ],
            "wins": [
                false,
                false,
                false,
                false,
                false,
                true,
                false,
                false
            ]
        }
    ]
}