{
    "gen": 29,
    "enemies": [
        7
    ],
    "results": [
        {
            "gain": 17.920000000000176,
            "fitness": 79.97113680136889,
            "fitness_balanced": 70.1117329693056,
            "wins": [
                0.6
            ]
        }
    ]
}