{
    "gen": 29,
    "enemies": [
        1,
        2,
        3,
        4,
        5,
        6,
        7,
        8
    ],
    "results": [
        {
            "gain": -222.5999999999994,
            "fitness": 5.056063077225382,
            "fitness_balanced": -2.3246600423864408,
            "gains": [
                -100,
                70,
                -70.0,
                -70.0,
                -70.0,
                -80.0,
                50.80000000000031,
                46.6000000000003
            ],
            "wins": [
                false,
                true,
                false,
                false,
                false,
                false,
                true,
                true
            ]
        },
        {
            "gain": -222.5999999999994,
            "fitness": 5.056063077225382,
            "fitness_balanced": -2.3246600423864408,
            "gains": [
                -100,
                70,
                -70.0,
                -70.0,
                -70.0,
                -80.0,
                50.80000000000031,
                46.6000000000003
            ],
            "wins": [
                false,
                true,
                false,
                false,
                false,
                false,
                true,
                true
            ]
        },
        {
            "gain": -222.5999999999994,
            "fitness": 5.056063077225382,
            "fitness_balanced": -2.3246600423864408,
            "gains": [
                -100,
                70,
                -70.0,
                -70.0,
                -70.0,
                -80.0,
                50.80000000000031,
                46.6000000000003
            ],
            "wins": [
                false,
                true,
                false,
                false,
                false,
                false,
                true,
                true
            ]
        },
        {
            "gain": -222.5999999999994,
            "fitness": 5.056063077225382,
            "fitness_balanced": -2.3246600423864408,
            "gains": [
                -100,
                70,
                -70.0,
                -70.0,
                -70.0,
                -80.0,
                50.80000000000031,
                46.6000000000003
            ],
            "wins": [
                false,
                true,
                false,
                false,
                false,
                false,
                true,
                true
            ]
        },
        {
            "gain": -222.5999999999994,
            "fitness": 5.056063077225382,
            "fitness_balanced": -2.3246600423864408,
            "gains": [
                -100,
                70,
                -70.0,
                -70.0,
                -70.0,
                -80.0,
                50.80000000000031,
                46.6000000000003
            ],
            "wins": [
                false,
                true,
                false,
                false,
                false,
                false,
                true,
                true
            ]
        }
    ]
}