{
    "gen": 29,
    "enemies": [
        3
    ],
    "results": [
        {
            "gain": -17.6,
            "fitness": 61.77639096579212,
            "fitness_balanced": 39.026190388130736,
            "wins": [
                0.2
            ]
        }
    ]
}