{
    "gen": 29,
    "enemies": [
        5
    ],
    "results": [
        {
            "gain": 82.90000000000015,
            "fitness": 92.82739698213037,
            "fitness_balanced": 90.15766574803523,
            "wins": [
                1.0
            ]
        }
    ]
}