{
    "gen": 29,
    "enemies": [
        8
    ],
    "results": [
        {
            "gain": 51.8800000000003,
            "fitness": 89.24201923811606,
            "fitness_balanced": 77.60157804100179,
            "wins": [
                1.0
            ]
        }
    ]
}