{
    "gen": 29,
    "enemies": [
        1,
        2,
        3,
        4,
        5,
        6,
        7,
        8
    ],
    "results": [
        {
            "gain": -18.799999999999514,
            "fitness": 30.01316414626547,
            "fitness_balanced": 72.90192571783393,
            "gains": [
                100,
                -30.0,
                -60.0,
                -50.0,
                83.20000000000016,
                -50.0,
                -70.0,
                58.00000000000033
            ],
            "wins": [
                true,
                false,
                false,
                false,
                true,
                false,
                false,
                true
            ]
        },
        {
            "gain": -18.799999999999514,
            "fitness": 30.01316414626547,
            "fitness_balanced": 72.90192571783393,
            "gains": [
                100,
                -30.0,
                -60.0,
                -50.0,
                83.20000000000016,
                -50.0,
                -70.0,
                58.00000000000033
            ],
            "wins": [
                true,
                false,
                false,
                false,
                true,
                false,
                false,
                true
            ]
        },
        {
            "gain": -18.799999999999514,
            "fitness": 30.01316414626547,
            "fitness_balanced": 72.90192571783393,
            "gains": [
                100,
                -30.0,
                -60.0,
                -50.0,
                83.20000000000016,
                -50.0,
                -70.0,
                58.00000000000033
            ],
            "wins": [
                true,
                false,
                false,
                false,
                true,
                false,
                false,
                true
            ]
        },
        {
            "gain": -18.799999999999514,
            "fitness": 30.01316414626547,
            "fitness_balanced": 72.90192571783393,
            "gains": [
                100,
                -30.0,
                -60.0,
                -50.0,
                83.20000000000016,
                -50.0,
                -70.0,
                58.00000000000033
            ],
            "wins": [
                true,
                false,
                false,
                false,
                true,
                false,
                false,
                true
            ]
        },
        {
            "gain": -18.799999999999514,
            "fitness": 30.01316414626547,
            "fitness_balanced": 72.90192571783393,
            "gains": [
                100,
                -30.0,
                -60.0,
                -50.0,
                83.20000000000016,
                -50.0,
                -70.0,
                58.00000000000033
            ],
            "wins": [
                true,
                false,
                false,
                false,
                true,
                false,
                false,
                true
            ]
        }
    ]
}