{
    "gen": 29,
    "enemies": [
        5
    ],
    "results": [
        {
            "gain": 86.20000000000013,
            "fitness": 93.03650369121831,
            "fitness_balanced": 87.51275134159981,
            "wins": [
                true
            ]
        }
    ]
}