{
    "gen": 29,
    "enemies": [
        1,
        2,
        3,
        4,
        5,
        6,
        7,
        8
    ],
    "results": [
        {
            "gain": -184.79999999999967,
            "fitness": 17.472195257285918,
            "fitness_balanced": 1.3940760507086196,
            "gains": [
                -50.0,
                -70.0,
                -40.0,
                -60.0,
                76.00000000000023,
                -90.0,
                -40.0,
                89.2000000000001
            ],
            "wins": [
                false,
                false,
                false,
                false,
                true,
                false,
                false,
                true
            ]
        },
        {
            "gain": -184.79999999999967,
            "fitness": 17.472195257285918,
            "fitness_balanced": 1.3940760507086196,
            "gains": [
                -50.0,
                -70.0,
                -40.0,
                -60.0,
                76.00000000000023,
                -90.0,
                -40.0,
                89.2000000000001
            ],
            "wins": [
                false,
                false,
                false,
                false,
                true,
                false,
                false,
                true
            ]
        },
        {
            "gain": -184.79999999999967,
            "fitness": 17.472195257285918,
            "fitness_balanced": 1.3940760507086196,
            "gains": [
                -50.0,
                -70.0,
                -40.0,
                -60.0,
                76.00000000000023,
                -90.0,
                -40.0,
                89.2000000000001
            ],
            "wins": [
                false,
                false,
                false,
                false,
                true,
                false,
                false,
                true
            ]
        },
        {
            "gain": -184.79999999999967,
            "fitness": 17.472195257285918,
            "fitness_balanced": 1.3940760507086196,
            "gains": [
                -50.0,
                -70.0,
                -40.0,
                -60.0,
                76.00000000000023,
                -90.0,
                -40.0,
                89.2000000000001
            ],
            "wins": [
                false,
                false,
                false,
                false,
                true,
                false,
                false,
                true
            ]
        },
        {
            "gain": -184.79999999999967,
            "fitness": 17.472195257285918,
            "fitness_balanced": 1.3940760507086196,
            "gains": [
                -50.0,
                -70.0,
                -40.0,
                -60.0,
                76.00000000000023,
                -90.0,
                -40.0,
                89.2000000000001
            ],
            "wins": [
                false,
                false,
                false,
                false,
                true,
                false,
                false,
                true
            ]
        }
    ]
}