{
    "gen": 29,
    "enemies": [
        1,
        2,
        3,
        4,
        5,
        6,
        7,
        8
    ],
    "results": [
        {
            "gain": -342.19999999999976,
            "fitness": 4.680478061663237,
            "fitness_balanced": -2.3662880324308873,
            "gains": [
                -100,
                56,
                -70.0,
                -70.0,
                -60.0,
                -20.0,
                11.80000000000023,
                -90.0
            ],
            "wins": [
                false,
                true,
                false,
                false,
                false,
                false,
                true,
                false
            ]
        },
        {
            "gain": -342.19999999999976,
            "fitness": 4.680478061663237,
            "fitness_balanced": -2.3662880324308873,
            "gains": [
                -100,
                56,
                -70.0,
                -70.0,
                -60.0,
                -20.0,
                11.80000000000023,
                -90.0
            ],
            "wins": [
                false,
                true,
                false,
                false,
                false,
                false,
                true,
                false
            ]
        },
        {
            "gain": -342.19999999999976,
            "fitness": 4.680478061663237,
            "fitness_balanced": -2.3662880324308873,
            "gains": [
                -100,
                56,
                -70.0,
                -70.0,
                -60.0,
                -20.0,
                11.80000000000023,
                -90.0
            ],
            "wins": [
                false,
                true,
                false,
                false,
                false,
                false,
                true,
                false
            ]
        },
        {
            "gain": -342.19999999999976,
            "fitness": 4.680478061663237,
            "fitness_balanced": -2.3662880324308873,
            "gains": [
                -100,
                56,
                -70.0,
                -70.0,
                -60.0,
                -20.0,
                11.80000000000023,
                -90.0
            ],
            "wins": [
                false,
                true,
                false,
                false,
                false,
                false,
                true,
                false
            ]
        },
        {
            "gain": -342.19999999999976,
            "fitness": 4.680478061663237,
            "fitness_balanced": -2.3662880324308873,
            "gains": [
                -100,
                56,
                -70.0,
                -70.0,
                -60.0,
                -20.0,
                11.80000000000023,
                -90.0
            ],
            "wins": [
                false,
                true,
                false,
                false,
                false,
                false,
                true,
                false
            ]
        }
    ]
}