{
    "gen": 29,
    "enemies": [
        3
    ],
    "results": [
        {
            "gain": 34.8,
            "fitness": 81.15161711389808,
            "fitness_balanced": 80.04675666571221,
            "wins": [
                0.6
            ]
        }
    ]
}