{
    "gen": 29,
    "enemies": [
        5
    ],
    "results": [
        {
            "gain": 68.5000000000002,
            "fitness": 90.86711092094946,
            "fitness_balanced": 85.04416263053525,
            "wins": [
                1.0
            ]
        }
    ]
}