{
    "gen": 29,
    "enemies": [
        4
    ],
    "results": [
        {
            "gain": 13.480000000000178,
            "fitness": 73.55710500376952,
            "fitness_balanced": 28.35360948515227,
            "wins": [
                0.6
            ]
        }
    ]
}