{
    "gen": 29,
    "enemies": [
        1,
        2,
        3,
        4,
        5,
        6,
        7,
        8
    ],
    "results": [
        {
            "gain": -150.9999999999995,
            "fitness": 27.194766209753066,
            "fitness_balanced": 9.28452532329906,
            "gains": [
                -60.0,
                -10.0,
                -60.0,
                43.60000000000029,
                75.40000000000023,
                -70.0,
                -10.0,
                -60.0
            ],
            "wins": [
                false,
                false,
                false,
                true,
                true,
                false,
                false,
                false
            ]
        },
        {
            "gain": -150.9999999999995,
            "fitness": 27.194766209753066,
            "fitness_balanced": 9.28452532329906,
            "gains": [
                -60.0,
                -10.0,
                -60.0,
                43.60000000000029,
                75.40000000000023,
                -70.0,
                -10.0,
                -60.0
            ],
            "wins": [
                false,
                false,
                false,
                true,
                true,
                false,
                false,
                false
            ]
        },
        {
            "gain": -150.9999999999995,
            "fitness": 27.194766209753066,
            "fitness_balanced": 9.28452532329906,
            "gains": [
                -60.0,
                -10.0,
                -60.0,
                43.60000000000029,
                75.40000000000023,
                -70.0,
                -10.0,
                -60.0
            ],
            "wins": [
                false,
                false,
                false,
                true,
                true,
                false,
                false,
                false
            ]
        },
        {
            "gain": -150.9999999999995,
            "fitness": 27.194766209753066,
            "fitness_balanced": 9.28452532329906,
            "gains": [
                -60.0,
                -10.0,
                -60.0,
                43.60000000000029,
                75.40000000000023,
                -70.0,
                -10.0,
                -60.0
            ],
            "wins": [
                false,
                false,
                false,
                true,
                true,
                false,
                false,
                false
            ]
        },
        {
            "gain": -150.9999999999995,
            "fitness": 27.194766209753066,
            "fitness_balanced": 9.28452532329906,
            "gains": [
                -60.0,
                -10.0,
                -60.0,
                43.60000000000029,
                75.40000000000023,
                -70.0,
                -10.0,
                -60.0
            ],
            "wins": [
                false,
                false,
                false,
                true,
                true,
                false,
                false,
                false
            ]
        }
    ]
}