{
    "gen": 29,
    "enemies": [
        1,
        2,
        3,
        4,
        5,
        6,
        7,
        8
    ],
    "results": [
        {
            "gain": -292.5999999999997,
            "fitness": 15.058309524367669,
            "fitness_balanced": 14.511062273843313,
            "gains": [
                -90.0,
                16,
                -70.0,
                -60.0,
                -60.0,
                51.40000000000031,
                -20.0,
                -60.0
            ],
            "wins": [
                false,
                true,
                false,
                false,
                false,
                true,
                false,
                false
            ]
        },
        {
            "gain": -292.5999999999997,
            "fitness": 15.058309524367669,
            "fitness_balanced": 14.511062273843313,
            "gains": [
                -90.0,
                16,
                -70.0,
                -60.0,
                -60.0,
                51.40000000000031,
                -20.0,
                -60.0
            ],
            "wins": [
                false,
                true,
                false,
                false,
                false,
                true,
                false,
                false
            ]
        },
        {
            "gain": -292.5999999999997,
            "fitness": 15.058309524367669,
            "fitness_balanced": 14.511062273843313,
            "gains": [
                -90.0,
                16,
                -70.0,
                -60.0,
                -60.0,
                51.40000000000031,
                -20.0,
                -60.0
            ],
            "wins": [
                false,
                true,
                false,
                false,
                false,
                true,
                false,
                false
            ]
        },
        {
            "gain": -292.5999999999997,
            "fitness": 15.058309524367669,
            "fitness_balanced": 14.511062273843313,
            "gains": [
                -90.0,
                16,
                -70.0,
                -60.0,
                -60.0,
                51.40000000000031,
                -20.0,
                -60.0
            ],
            "wins": [
                false,
                true,
                false,
                false,
                false,
                true,
                false,
                false
            ]
        },
        {
            "gain": -292.5999999999997,
            "fitness": 15.058309524367669,
            "fitness_balanced": 14.511062273843313,
            "gains": [
                -90.0,
                16,
                -70.0,
                -60.0,
                -60.0,
                51.40000000000031,
                -20.0,
                -60.0
            ],
            "wins": [
                false,
                true,
                false,
                false,
                false,
                true,
                false,
                false
            ]
        }
    ]
}