{
    "gen": 29,
    "enemies": [
        7
    ],
    "results": [
        {
            "gain": 45.4000000000003,
            "fitness": 89.19289246928257,
            "fitness_balanced": 67.34814186652407,
            "wins": [
                true
            ]
        }
    ]
}