{
    "gen": 29,
    "enemies": [
        1,
        2,
        3,
        4,
        5,
        6,
        7,
        8
    ],
    "results": [
        {
            "gain": -214.79999999999944,
            "fitness": 9.730245780675382,
            "fitness_balanced": 0.4987214561461677,
            "gains": [
                -100,
                70,
                -60.0,
                -70.0,
                -80.0,
                -50.0,
                45.4000000000003,
                29.80000000000026
            ],
            "wins": [
                false,
                true,
                false,
                false,
                false,
                false,
                true,
                true
            ]
        },
        {
            "gain": -214.79999999999944,
            "fitness": 9.730245780675382,
            "fitness_balanced": 0.4987214561461677,
            "gains": [
                -100,
                70,
                -60.0,
                -70.0,
                -80.0,
                -50.0,
                45.4000000000003,
                29.80000000000026
            ],
            "wins": [
                false,
                true,
                false,
                false,
                false,
                false,
                true,
                true
            ]
        },
        {
            "gain": -214.79999999999944,
            "fitness": 9.730245780675382,
            "fitness_balanced": 0.4987214561461677,
            "gains": [
                -100,
                70,
                -60.0,
                -70.0,
                -80.0,
                -50.0,
                45.4000000000003,
                29.80000000000026
            ],
            "wins": [
                false,
                true,
                false,
                false,
                false,
                false,
                true,
                true
            ]
        },
        {
            "gain": -214.79999999999944,
            "fitness": 9.730245780675382,
            "fitness_balanced": 0.4987214561461677,
            "gains": [
                -100,
                70,
                -60.0,
                -70.0,
                -80.0,
                -50.0,
                45.4000000000003,
                29.80000000000026
            ],
            "wins": [
                false,
                true,
                false,
                false,
                false,
                false,
                true,
                true
            ]
        },
        {
            "gain": -214.79999999999944,
            "fitness": 9.730245780675382,
            "fitness_balanced": 0.4987214561461677,
            "gains": [
                -100,
                70,
                -60.0,
                -70.0,
                -80.0,
                -50.0,
                45.4000000000003,
                29.80000000000026
            ],
            "wins": [
                false,
                true,
                false,
                false,
                false,
                false,
                true,
                true
            ]
        }
    ]
}