{
    "gen": 29,
    "enemies": [
        1
    ],
    "results": [
        {
            "gain": 24,
            "fitness": 86.0080828866074,
            "fitness_balanced": 55.60640924604937,
            "wins": [
                true
            ]
        }
    ]
}