{
    "gen": 29,
    "enemies": [
        1,
        2,
        3,
        4,
        5,
        6,
        7,
        8
    ],
    "results": [
        {
            "gain": -305.59999999999974,
            "fitness": 9.446362298556103,
            "fitness_balanced": 33.417974861107176,
            "gains": [
                24,
                -70.0,
                -80.0,
                -10.0,
                30.40000000000026,
                -80.0,
                -100,
                -20.0
            ],
            "wins": [
                true,
                false,
                false,
                false,
                true,
                false,
                false,
                false
            ]
        },
        {
            "gain": -305.59999999999974,
            "fitness": 9.446362298556103,
            "fitness_balanced": 33.417974861107176,
            "gains": [
                24,
                -70.0,
                -80.0,
                -10.0,
                30.40000000000026,
                -80.0,
                -100,
                -20.0
            ],
            "wins": [
                true,
                false,
                false,
                false,
                true,
                false,
                false,
                false
            ]
        },
        {
            "gain": -305.59999999999974,
            "fitness": 9.446362298556103,
            "fitness_balanced": 33.417974861107176,
            "gains": [
                24,
                -70.0,
                -80.0,
                -10.0,
                30.40000000000026,
                -80.0,
                -100,
                -20.0
            ],
            "wins": [
                true,
                false,
                false,
                false,
                true,
                false,
                false,
                false
            ]
        },
        {
            "gain": -305.59999999999974,
            "fitness": 9.446362298556103,
            "fitness_balanced": 33.417974861107176,
            "gains": [
                24,
                -70.0,
                -80.0,
                -10.0,
                30.40000000000026,
                -80.0,
                -100,
                -20.0
            ],
            "wins": [
                true,
                false,
                false,
                false,
                true,
                false,
                false,
                false
            ]
        },
        {
            "gain": -305.59999999999974,
            "fitness": 9.446362298556103,
            "fitness_balanced": 33.417974861107176,
            "gains": [
                24,
                -70.0,
                -80.0,
                -10.0,
                30.40000000000026,
                -80.0,
                -100,
                -20.0
            ],
            "wins": [
                true,
                false,
                false,
                false,
                true,
                false,
                false,
                false
            ]
        }
    ]
}