{
    "gen": 29,
    "enemies": [
        1
    ],
    "results": [
        {
            "gain": -45.0,
            "fitness": 43.67153319853999,
            "fitness_balanced": 28.976552407038966,
            "wins": [
                0.0
            ]
        }
    ]
}