{
    "gen": 29,
    "enemies": [
        3
    ],
    "results": [
        {
            "gain": 66,
            "fitness": 90.62364909070206,
            "fitness_balanced": 77.02111423509888,
            "wins": [
                true
            ]
        }
    ]
}