{
    "gen": 29,
    "enemies": [
        1,
        2,
        3,
        4,
        5,
        6,
        7,
        8
    ],
    "results": [
        {
            "gain": -212.59999999999945,
            "fitness": 9.3684584070511,
            "fitness_balanced": -0.4179509543994335,
            "gains": [
                -90.0,
                84,
                -70.0,
                -60.0,
                -70.0,
                -80.0,
                44.800000000000296,
                28.600000000000257
            ],
            "wins": [
                false,
                true,
                false,
                false,
                false,
                false,
                true,
                true
            ]
        },
        {
            "gain": -212.59999999999945,
            "fitness": 9.3684584070511,
            "fitness_balanced": -0.4179509543994335,
            "gains": [
                -90.0,
                84,
                -70.0,
                -60.0,
                -70.0,
                -80.0,
                44.800000000000296,
                28.600000000000257
            ],
            "wins": [
                false,
                true,
                false,
                false,
                false,
                false,
                true,
                true
            ]
        },
        {
            "gain": -212.59999999999945,
            "fitness": 9.3684584070511,
            "fitness_balanced": -0.4179509543994335,
            "gains": [
                -90.0,
                84,
                -70.0,
                -60.0,
                -70.0,
                -80.0,
                44.800000000000296,
                28.600000000000257
            ],
            "wins": [
                false,
                true,
                false,
                false,
                false,
                false,
                true,
                true
            ]
        },
        {
            "gain": -212.59999999999945,
            "fitness": 9.3684584070511,
            "fitness_balanced": -0.4179509543994335,
            "gains": [
                -90.0,
                84,
                -70.0,
                -60.0,
                -70.0,
                -80.0,
                44.800000000000296,
                28.600000000000257
            ],
            "wins": [
                false,
                true,
                false,
                false,
                false,
                false,
                true,
                true
            ]
        },
        {
            "gain": -212.59999999999945,
            "fitness": 9.3684584070511,
            "fitness_balanced": -0.4179509543994335,
            "gains": [
                -90.0,
                84,
                -70.0,
                -60.0,
                -70.0,
                -80.0,
                44.800000000000296,
                28.600000000000257
            ],
            "wins": [
                false,
                true,
                false,
                false,
                false,
                false,
                true,
                true
            ]
        }
    ]
}