{
    "gen": 29,
    "enemies": [
        1
    ],
    "results": [
        {
            "gain": -12.5,
            "fitness": 52.86456290514333,
            "fitness_balanced": 94.89405452609942,
            "wins": [
                0.25
            ]
        }
    ]
}