{
    "gen": 29,
    "enemies": [
        1
    ],
    "results": [
        {
            "gain": 30.0,
            "fitness": 71.86488827768147,
            "fitness_balanced": 94.84670840550223,
            "wins": [
                0.5
            ]
        }
    ]
}