{
    "gen": 29,
    "enemies": [
        1,
        2,
        3,
        4,
        5,
        6,
        7,
        8
    ],
    "results": [
        {
            "gain": -250.19999999999968,
            "fitness": 4.846414696912817,
            "fitness_balanced": -5.09111418071484,
            "gains": [
                100,
                -40.0,
                -30.0,
                -80.0,
                59.80000000000033,
                -90.0,
                -100,
                -70.0
            ],
            "wins": [
                true,
                false,
                false,
                false,
                true,
                false,
                false,
                false
            ]
        },
        {
            "gain": -250.19999999999968,
            "fitness": 4.846414696912817,
            "fitness_balanced": -5.09111418071484,
            "gains": [
                100,
                -40.0,
                -30.0,
                -80.0,
                59.80000000000033,
                -90.0,
                -100,
                -70.0
            ],
            "wins": [
                true,
                false,
                false,
                false,
                true,
                false,
                false,
                false
            ]
        },
        {
            "gain": -250.19999999999968,
            "fitness": 4.846414696912817,
            "fitness_balanced": -5.09111418071484,
            "gains": [
                100,
                -40.0,
                -30.0,
                -80.0,
                59.80000000000033,
                -90.0,
                -100,
                -70.0
            ],
            "wins": [
                true,
                false,
                false,
                false,
                true,
                false,
                false,
                false
            ]
        },
        {
            "gain": -250.19999999999968,
            "fitness": 4.846414696912817,
            "fitness_balanced": -5.09111418071484,
            "gains": [
                100,
                -40.0,
                -30.0,
                -80.0,
                59.80000000000033,
                -90.0,
                -100,
                -70.0
            ],
            "wins": [
                true,
                false,
                false,
                false,
                true,
                false,
                false,
                false
            ]
        },
        {
            "gain": -250.19999999999968,
            "fitness": 4.846414696912817,
            "fitness_balanced": -5.09111418071484,
            "gains": [
                100,
                -40.0,
                -30.0,
                -80.0,
                59.80000000000033,
                -90.0,
                -100,
                -70.0
            ],
            "wins": [
                true,
                false,
                false,
                false,
                true,
                false,
                false,
                false
            ]
        }
    ]
}