{
    "gen": 14,
    "enemies": [
        7
    ],
    "results": [
        {
            "gain": 30.40000000000026,
            "fitness": 87.33288973525114,
            "fitness_balanced": 59.48957298262526,
            "wins": [
                true
            ]
        }
    ]
}