{
    "gen": 29,
    "enemies": [
        1,
        2,
        3,
        4,
        5,
        6,
        7,
        8
    ],
    "results": [
        {
            "gain": -218.19999999999968,
            "fitness": 9.406553214767435,
            "fitness_balanced": -0.0029647960753820257,
            "gains": [
                -100,
                72,
                -80.0,
                -70.0,
                -10.0,
                59.80000000000033,
                -10.0,
                -80.0
            ],
            "wins": [
                false,
                true,
                false,
                false,
                false,
                true,
                false,
                false
            ]
        },
        {
            "gain": -218.19999999999968,
            "fitness": 9.406553214767435,
            "fitness_balanced": -0.0029647960753820257,
            "gains": [
                -100,
                72,
                -80.0,
                -70.0,
                -10.0,
                59.80000000000033,
                -10.0,
                -80.0
            ],
            "wins": [
                false,
                true,
                false,
                false,
                false,
                true,
                false,
                false
            ]
        },
        {
            "gain": -218.19999999999968,
            "fitness": 9.406553214767435,
            "fitness_balanced": -0.0029647960753820257,
            "gains": [
                -100,
                72,
                -80.0,
                -70.0,
                -10.0,
                59.80000000000033,
                -10.0,
                -80.0
            ],
            "wins": [
                false,
                true,
                false,
                false,
                false,
                true,
                false,
                false
            ]
        },
        {
            "gain": -218.19999999999968,
            "fitness": 9.406553214767435,
            "fitness_balanced": -0.0029647960753820257,
            "gains": [
                -100,
                72,
                -80.0,
                -70.0,
                -10.0,
                59.80000000000033,
                -10.0,
                -80.0
            ],
            "wins": [
                false,
                true,
                false,
                false,
                false,
                true,
                false,
                false
            ]
        },
        {
            "gain": -218.19999999999968,
            "fitness": 9.406553214767435,
            "fitness_balanced": -0.0029647960753820257,
            "gains": [
                -100,
                72,
                -80.0,
                -70.0,
                -10.0,
                59.80000000000033,
                -10.0,
                -80.0
            ],
            "wins": [
                false,
                true,
                false,
                false,
                false,
                true,
                false,
                false
            ]
        }
    ]
}