{
    "gen": 29,
    "enemies": [
        6
    ],
    "results": [
        {
            "gain": 59.80000000000033,
            "fitness": 90.7815029687342,
            "fitness_balanced": 74.69599331292336,
            "wins": [
                true
            ]
        }
    ]
}