{
    "gen": 29,
    "enemies": [
        1,
        2,
        3,
        4,
        5,
        6,
        7,
        8
    ],
    "results": [
        {
            "gain": -402.1999999999998,
            "fitness": 3.964705724115049,
            "fitness_balanced": -6.206311451364169,
            "gains": [
                -90.0,
                -70.0,
                -60.0,
                -40.0,
                -60.0,
                -60.0,
                -100,
                77.80000000000021
            ],
            "wins": [
                false,
                false,
                false,
                false,
                false,
                false,
                false,
                true
            ]
        },
        {
            "gain": -402.1999999999998,
            "fitness": 3.964705724115049,
            "fitness_balanced": -6.206311451364169,
            "gains": [
                -90.0,
                -70.0,
                -60.0,
                -40.0,
                -60.0,
                -60.0,
                -100,
                77.80000000000021
            ],
            "wins": [
                false,
                false,
                false,
                false,
                false,
                false,
                false,
                true
            ]
        },
        {
            "gain": -402.1999999999998,
            "fitness": 3.964705724115049,
            "fitness_balanced": -6.206311451364169,
            "gains": [
                -90.0,
                -70.0,
                -60.0,
                -40.0,
                -60.0,
                -60.0,
                -100,
                77.80000000000021
            ],
            "wins": [
                false,
                false,
                false,
                false,
                false,
                false,
                false,
                true
            ]
        },
        {
            "gain": -402.1999999999998,
            "fitness": 3.964705724115049,
            "fitness_balanced": -6.206311451364169,
            "gains": [
                -90.0,
                -70.0,
                -60.0,
                -40.0,
                -60.0,
                -60.0,
                -100,
                77.80000000000021
            ],
            "wins": [
                false,
                false,
                false,
                false,
                false,
                false,
                false,
                true
            ]
        },
        {
            "gain": -402.1999999999998,
            "fitness": 3.964705724115049,
            "fitness_balanced": -6.206311451364169,
            "gains": [
                -90.0,
                -70.0,
                -60.0,
                -40.0,
                -60.0,
                -60.0,
                -100,
                77.80000000000021
            ],
            "wins": [
                false,
                false,
                false,
                false,
                false,
                false,
                false,
                true
            ]
        }
    ]
}