{
    "gen": 29,
    "enemies": [
        8
    ],
    "results": [
        {
            "gain": 57.28000000000026,
            "fitness": 89.70617939483756,
            "fitness_balanced": 83.23357331188767,
            "wins": [
                1.0
            ]
        }
    ]
}