{
    "gen": 29,
    "enemies": [
        1,
        2,
        3,
        4,
        5,
        6,
        7,
        8
    ],
    "results": [
        {
            "gain": -347.7999999999997,
            "fitness": 2.2744853255254682,
            "fitness_balanced": 46.67959913428297,
            "gains": [
                -60.0,
                -70.0,
                -60.0,
                -80.0,
                97.60000000000002,
                -90.0,
                -90.0,
                4.600000000000234
            ],
            "wins": [
                false,
                false,
                false,
                false,
                true,
                false,
                false,
                true
            ]
        },
        {
            "gain": -347.7999999999997,
            "fitness": 2.2744853255254682,
            "fitness_balanced": 46.67959913428297,
            "gains": [
                -60.0,
                -70.0,
                -60.0,
                -80.0,
                97.60000000000002,
                -90.0,
                -90.0,
                4.600000000000234
            ],
            "wins": [
                false,
                false,
                false,
                false,
                true,
                false,
                false,
                true
            ]
        },
        {
            "gain": -347.7999999999997,
            "fitness": 2.2744853255254682,
            "fitness_balanced": 46.67959913428297,
            "gains": [
                -60.0,
                -70.0,
                -60.0,
                -80.0,
                97.60000000000002,
                -90.0,
                -90.0,
                4.600000000000234
            ],
            "wins": [
                false,
                false,
                false,
                false,
                true,
                false,
                false,
                true
            ]
        },
        {
            "gain": -347.7999999999997,
            "fitness": 2.2744853255254682,
            "fitness_balanced": 46.67959913428297,
            "gains": [
                -60.0,
                -70.0,
                -60.0,
                -80.0,
                97.60000000000002,
                -90.0,
                -90.0,
                4.600000000000234
            ],
            "wins": [
                false,
                false,
                false,
                false,
                true,
                false,
                false,
                true
            ]
        },
        {
            "gain": -347.7999999999997,
            "fitness": 2.2744853255254682,
            "fitness_balanced": 46.67959913428297,
            "gains": [
                -60.0,
                -70.0,
                -60.0,
                -80.0,
                97.60000000000002,
                -90.0,
                -90.0,
                4.600000000000234
            ],
            "wins": [
                false,
                false,
                false,
                false,
                true,
                false,
                false,
                true
            ]
        }
    ]
}