{
    "gen": 29,
    "enemies": [
        1,
        2,
        3,
        4,
        5,
        6,
        7,
        8
    ],
    "results": [
        {
            "gain": -172.59999999999923,
            "fitness": 29.57879964193501,
            "fitness_balanced": 12.895011306235066,
            "gains": [
                -80.0,
                -20.0,
                -60.0,
                -60.0,
                49.000000000000306,
                14.200000000000228,
                14.200000000000228,
                -30.0
            ],
            "wins": [
                false,
                false,
                false,
                false,
                true,
                true,
                true,
                false
            ]
        },
        {
            "gain": -172.59999999999923,
            "fitness": 29.57879964193501,
            "fitness_balanced": 12.895011306235066,
            "gains": [
                -80.0,
                -20.0,
                -60.0,
                -60.0,
                49.000000000000306,
                14.200000000000228,
                14.200000000000228,
                -30.0
            ],
            "wins": [
                false,
                false,
                false,
                false,
                true,
                true,
                true,
                false
            ]
        },
        {
            "gain": -172.59999999999923,
            "fitness": 29.57879964193501,
            "fitness_balanced": 12.895011306235066,
            "gains": [
                -80.0,
                -20.0,
                -60.0,
                -60.0,
                49.000000000000306,
                14.200000000000228,
                14.200000000000228,
                -30.0
            ],
            "wins": [
                false,
                false,
                false,
                false,
                true,
                true,
                true,
                false
            ]
        },
        {
            "gain": -172.59999999999923,
            "fitness": 29.57879964193501,
            "fitness_balanced": 12.895011306235066,
            "gains": [
                -80.0,
                -20.0,
                -60.0,
                -60.0,
                49.000000000000306,
                14.200000000000228,
                14.200000000000228,
                -30.0
            ],
            "wins": [
                false,
                false,
                false,
                false,
                true,
                true,
                true,
                false
            ]
        },
        {
            "gain": -172.59999999999923,
            "fitness": 29.57879964193501,
            "fitness_balanced": 12.895011306235066,
            "gains": [
                -80.0,
                -20.0,
                -60.0,
                -60.0,
                49.000000000000306,
                14.200000000000228,
                14.200000000000228,
                -30.0
            ],
            "wins": [
                false,
                false,
                false,
                false,
                true,
                true,
                true,
                false
            ]
        }
    ]
}