{
    "gen": 29,
    "enemies": [
        4
    ],
    "results": [
        {
            "gain": 68.2000000000003,
            "fitness": 90.04806444416043,
            "fitness_balanced": 77.32691962434461,
            "wins": [
                true
            ]
        }
    ]
}