{
    "gen": 29,
    "enemies": [
        5
    ],
    "results": [
        {
            "gain": 80.50000000000018,
            "fitness": 92.42069774297072,
            "fitness_balanced": 88.11946701359936,
            "wins": [
                1.0
            ]
        }
    ]
}