{
    "gen": 29,
    "enemies": [
        1,
        2,
        3,
        4,
        5,
        6,
        7,
        8
    ],
    "results": [
        {
            "gain": -212.19999999999942,
            "fitness": 15.83559885939956,
            "fitness_balanced": 3.2678942020768424,
            "gains": [
                -80.0,
                -10.0,
                -50.0,
                -50.0,
                -40.0,
                -100,
                69.40000000000029,
                48.400000000000304
            ],
            "wins": [
                false,
                false,
                false,
                false,
                false,
                false,
                true,
                true
            ]
        },
        {
            "gain": -212.19999999999942,
            "fitness": 15.83559885939956,
            "fitness_balanced": 3.2678942020768424,
            "gains": [
                -80.0,
                -10.0,
                -50.0,
                -50.0,
                -40.0,
                -100,
                69.40000000000029,
                48.400000000000304
            ],
            "wins": [
                false,
                false,
                false,
                false,
                false,
                false,
                true,
                true
            ]
        },
        {
            "gain": -212.19999999999942,
            "fitness": 15.83559885939956,
            "fitness_balanced": 3.2678942020768424,
            "gains": [
                -80.0,
                -10.0,
                -50.0,
                -50.0,
                -40.0,
                -100,
                69.40000000000029,
                48.400000000000304
            ],
            "wins": [
                false,
                false,
                false,
                false,
                false,
                false,
                true,
                true
            ]
        },
        {
            "gain": -212.19999999999942,
            "fitness": 15.83559885939956,
            "fitness_balanced": 3.2678942020768424,
            "gains": [
                -80.0,
                -10.0,
                -50.0,
                -50.0,
                -40.0,
                -100,
                69.40000000000029,
                48.400000000000304
            ],
            "wins": [
                false,
                false,
                false,
                false,
                false,
                false,
                true,
                true
            ]
        },
        {
            "gain": -212.19999999999942,
            "fitness": 15.83559885939956,
            "fitness_balanced": 3.2678942020768424,
            "gains": [
                -80.0,
                -10.0,
                -50.0,
                -50.0,
                -40.0,
                -100,
                69.40000000000029,
                48.400000000000304
            ],
            "wins": [
                false,
                false,
                false,
                false,
                false,
                false,
                true,
                true
            ]
        }
    ]
}