{
    "gen": 29,
    "enemies": [
        4
    ],
    "results": [
        {
            "gain": -40.0,
            "fitness": 48.033853260876306,
            "fitness_balanced": 24.031292440014635,
            "wins": [
                false
            ]
        }
    ]
}