{
    "gen": 29,
    "enemies": [
        1,
        2,
        3,
        4,
        5,
        6,
        7,
        8
    ],
    "results": [
        {
            "gain": -384.59999999999974,
            "fitness": -1.3346735595149681,
            "fitness_balanced": -5.7539860126552895,
            "gains": [
                -90.0,
                42,
                -70.0,
                -40.0,
                33.40000000000027,
                -100,
                -90.0,
                -70.0
            ],
            "wins": [
                false,
                true,
                false,
                false,
                true,
                false,
                false,
                false
            ]
        },
        {
            "gain": -384.59999999999974,
            "fitness": -1.3346735595149681,
            "fitness_balanced": -5.7539860126552895,
            "gains": [
                -90.0,
                42,
                -70.0,
                -40.0,
                33.40000000000027,
                -100,
                -90.0,
                -70.0
            ],
            "wins": [
                false,
                true,
                false,
                false,
                true,
                false,
                false,
                false
            ]
        },
        {
            "gain": -384.59999999999974,
            "fitness": -1.3346735595149681,
            "fitness_balanced": -5.7539860126552895,
            "gains": [
                -90.0,
                42,
                -70.0,
                -40.0,
                33.40000000000027,
                -100,
                -90.0,
                -70.0
            ],
            "wins": [
                false,
                true,
                false,
                false,
                true,
                false,
                false,
                false
            ]
        },
        {
            "gain": -384.59999999999974,
            "fitness": -1.3346735595149681,
            "fitness_balanced": -5.7539860126552895,
            "gains": [
                -90.0,
                42,
                -70.0,
                -40.0,
                33.40000000000027,
                -100,
                -90.0,
                -70.0
            ],
            "wins": [
                false,
                true,
                false,
                false,
                true,
                false,
                false,
                false
            ]
        },
        {
            "gain": -384.59999999999974,
            "fitness": -1.3346735595149681,
            "fitness_balanced": -5.7539860126552895,
            "gains": [
                -90.0,
                42,
                -70.0,
                -40.0,
                33.40000000000027,
                -100,
                -90.0,
                -70.0
            ],
            "wins": [
                false,
                true,
                false,
                false,
                true,
                false,
                false,
                false
            ]
        }
    ]
}