{
    "gen": 29,
    "enemies": [
        4
    ],
    "results": [
        {
            "gain": -30.27999999999995,
            "fitness": 51.23380458142452,
            "fitness_balanced": 3.8929771122577455,
            "wins": [
                0.2
            ]
        }
    ]
}