{
    "gen": 29,
    "enemies": [
        1,
        2,
        3,
        4,
        5,
        6,
        7,
        8
    ],
    "results": [
        {
            "gain": -121.79999999999934,
            "fitness": 25.892420563575964,
            "fitness_balanced": 9.02242034187967,
            "gains": [
                -50.0,
                -70.0,
                -20.0,
                28.600000000000257,
                85.60000000000014,
                -80.0,
                -50.0,
                34.00000000000027
            ],
            "wins": [
                false,
                false,
                false,
                true,
                true,
                false,
                false,
                true
            ]
        },
        {
            "gain": -121.79999999999934,
            "fitness": 25.892420563575964,
            "fitness_balanced": 9.02242034187967,
            "gains": [
                -50.0,
                -70.0,
                -20.0,
                28.600000000000257,
                85.60000000000014,
                -80.0,
                -50.0,
                34.00000000000027
            ],
            "wins": [
                false,
                false,
                false,
                true,
                true,
                false,
                false,
                true
            ]
        },
        {
            "gain": -121.79999999999934,
            "fitness": 25.892420563575964,
            "fitness_balanced": 9.02242034187967,
            "gains": [
                -50.0,
                -70.0,
                -20.0,
                28.600000000000257,
                85.60000000000014,
                -80.0,
                -50.0,
                34.00000000000027
            ],
            "wins": [
                false,
                false,
                false,
                true,
                true,
                false,
                false,
                true
            ]
        },
        {
            "gain": -121.79999999999934,
            "fitness": 25.892420563575964,
            "fitness_balanced": 9.02242034187967,
            "gains": [
                -50.0,
                -70.0,
                -20.0,
                28.600000000000257,
                85.60000000000014,
                -80.0,
                -50.0,
                34.00000000000027
            ],
            "wins": [
                false,
                false,
                false,
                true,
                true,
                false,
                false,
                true
            ]
        },
        {
            "gain": -121.79999999999934,
            "fitness": 25.892420563575964,
            "fitness_balanced": 9.02242034187967,
            "gains": [
                -50.0,
                -70.0,
                -20.0,
                28.600000000000257,
                85.60000000000014,
                -80.0,
                -50.0,
                34.00000000000027
            ],
            "wins": [
                false,
                false,
                false,
                true,
                true,
                false,
                false,
                true
            ]
        }
    ]
}