{
    "gen": 29,
    "enemies": [
        5
    ],
    "results": [
        {
            "gain": 81.85000000000016,
            "fitness": 92.56883330696733,
            "fitness_balanced": 90.54779752022556,
            "wins": [
                1.0
            ]
        }
    ]
}