{
    "gen": 999,
    "enemies": [
        1,
        2,
        3,
        4,
        5,
        6,
        7,
        8
    ],
    "results": [
        {
            "gain": 81.60000000000112,
            "fitness": 53.097175480874256,
            "fitness_balanced": 27.01225823612485,
            "gains": [
                -40.0,
                70,
                -10.0,
                -60.0,
                64.60000000000034,
                49.000000000000306,
                2.8000000000002343,
                5.200000000000234
            ],
            "wins": [
                false,
                true,
                false,
                false,
                true,
                true,
                true,
                true
            ]
        },
        {
            "gain": 81.60000000000112,
            "fitness": 53.097175480874256,
            "fitness_balanced": 27.01225823612485,
            "gains": [
                -40.0,
                70,
                -10.0,
                -60.0,
                64.60000000000034,
                49.000000000000306,
                2.8000000000002343,
                5.200000000000234
            ],
            "wins": [
                false,
                true,
                false,
                false,
                true,
                true,
                true,
                true
            ]
        },
        {
            "gain": 81.60000000000112,
            "fitness": 53.097175480874256,
            "fitness_balanced": 27.01225823612485,
            "gains": [
                -40.0,
                70,
                -10.0,
                -60.0,
                64.60000000000034,
                49.000000000000306,
                2.8000000000002343,
                5.200000000000234
            ],
            "wins": [
                false,
                true,
                false,
                false,
                true,
                true,
                true,
                true
            ]
        },
        {
            "gain": 81.60000000000112,
            "fitness": 53.097175480874256,
            "fitness_balanced": 27.01225823612485,
            "gains": [
                -40.0,
                70,
                -10.0,
                -60.0,
                64.60000000000034,
                49.000000000000306,
                2.8000000000002343,
                5.200000000000234
            ],
            "wins": [
                false,
                true,
                false,
                false,
                true,
                true,
                true,
                true
            ]
        },
        {
            "gain": 81.60000000000112,
            "fitness": 53.097175480874256,
            "fitness_balanced": 27.01225823612485,
            "gains": [
                -40.0,
                70,
                -10.0,
                -60.0,
                64.60000000000034,
                49.000000000000306,
                2.8000000000002343,
                5.200000000000234
            ],
            "wins": [
                false,
                true,
                false,
                false,
                true,
                true,
                true,
                true
            ]
        }
    ]
}