{
    "gen": 29,
    "enemies": [
        1,
        2,
        3,
        4,
        5,
        6,
        7,
        8
    ],
    "results": [
        {
            "gain": -336.1999999999997,
            "fitness": -2.4490843338758026,
            "fitness_balanced": -8.038804779518763,
            "gains": [
                -100,
                84,
                -70.0,
                -90.0,
                -80.0,
                -90.0,
                -20.0,
                29.80000000000026
            ],
            "wins": [
                false,
                true,
                false,
                false,
                false,
                false,
                false,
                true
            ]
        },
        {
            "gain": -336.1999999999997,
            "fitness": -2.4490843338758026,
            "fitness_balanced": -8.038804779518763,
            "gains": [
                -100,
                84,
                -70.0,
                -90.0,
                -80.0,
                -90.0,
                -20.0,
                29.80000000000026
            ],
            "wins": [
                false,
                true,
                false,
                false,
                false,
                false,
                false,
                true
            ]
        },
        {
            "gain": -336.1999999999997,
            "fitness": -2.4490843338758026,
            "fitness_balanced": -8.038804779518763,
            "gains": [
                -100,
                84,
                -70.0,
                -90.0,
                -80.0,
                -90.0,
                -20.0,
                29.80000000000026
            ],
            "wins": [
                false,
                true,
                false,
                false,
                false,
                false,
                false,
                true
            ]
        },
        {
            "gain": -336.1999999999997,
            "fitness": -2.4490843338758026,
            "fitness_balanced": -8.038804779518763,
            "gains": [
                -100,
                84,
                -70.0,
                -90.0,
                -80.0,
                -90.0,
                -20.0,
                29.80000000000026
            ],
            "wins": [
                false,
                true,
                false,
                false,
                false,
                false,
                false,
                true
            ]
        },
        {
            "gain": -336.1999999999997,
            "fitness": -2.4490843338758026,
            "fitness_balanced": -8.038804779518763,
            "gains": [
                -100,
                84,
                -70.0,
                -90.0,
                -80.0,
                -90.0,
                -20.0,
                29.80000000000026
            ],
            "wins": [
                false,
                true,
                false,
                false,
                false,
                false,
                false,
                true
            ]
        }
    ]
}