{
    "gen": 29,
    "enemies": [
        1,
        2,
        3,
        4,
        5,
        6,
        7,
        8
    ],
    "results": [
        {
            "gain": -306.9999999999998,
            "fitness": -4.235775885922138,
            "fitness_balanced": -11.42907084221423,
            "gains": [
                100,
                -70.0,
                -50.0,
                -90.0,
                73.00000000000026,
                -90.0,
                -100,
                -80.0
            ],
            "wins": [
                true,
                false,
                false,
                false,
                true,
                false,
                false,
                false
            ]
        },
        {
            "gain": -306.9999999999998,
            "fitness": -4.235775885922138,
            "fitness_balanced": -11.42907084221423,
            "gains": [
                100,
                -70.0,
                -50.0,
                -90.0,
                73.00000000000026,
                -90.0,
                -100,
                -80.0
            ],
            "wins": [
                true,
                false,
                false,
                false,
                true,
                false,
                false,
                false
            ]
        },
        {
            "gain": -306.9999999999998,
            "fitness": -4.235775885922138,
            "fitness_balanced": -11.42907084221423,
            "gains": [
                100,
                -70.0,
                -50.0,
                -90.0,
                73.00000000000026,
                -90.0,
                -100,
                -80.0
            ],
            "wins": [
                true,
                false,
                false,
                false,
                true,
                false,
                false,
                false
            ]
        },
        {
            "gain": -306.9999999999998,
            "fitness": -4.235775885922138,
            "fitness_balanced": -11.42907084221423,
            "gains": [
                100,
                -70.0,
                -50.0,
                -90.0,
                73.00000000000026,
                -90.0,
                -100,
                -80.0
            ],
            "wins": [
                true,
                false,
                false,
                false,
                true,
                false,
                false,
                false
            ]
        },
        {
            "gain": -306.9999999999998,
            "fitness": -4.235775885922138,
            "fitness_balanced": -11.42907084221423,
            "gains": [
                100,
                -70.0,
                -50.0,
                -90.0,
                73.00000000000026,
                -90.0,
                -100,
                -80.0
            ],
            "wins": [
                true,
                false,
                false,
                false,
                true,
                false,
                false,
                false
            ]
        }
    ]
}