{
    "gen": 29,
    "enemies": [
        8
    ],
    "results": [
        {
            "gain": 44.560000000000294,
            "fitness": 88.5838774259707,
            "fitness_balanced": 76.45067522005331,
            "wins": [
                1.0
            ]
        }
    ]
}