{
    "gen": 29,
    "enemies": [
        1,
        2,
        3,
        4,
        5,
        6,
        7,
        8
    ],
    "results": [
        {
            "gain": -455.39999999999964,
            "fitness": -9.333588828963947,
            "fitness_balanced": -11.441878010042664,
            "gains": [
                -100,
                -20.0,
                -90.0,
                -90.0,
                -90.0,
                -100,
                -30.0,
                64.60000000000034
            ],
            "wins": [
                false,
                false,
                false,
                false,
                false,
                false,
                false,
                true
            ]
        },
        {
            "gain": -455.39999999999964,
            "fitness": -9.333588828963947,
            "fitness_balanced": -11.441878010042664,
            "gains": [
                -100,
                -20.0,
                -90.0,
                -90.0,
                -90.0,
                -100,
                -30.0,
                64.60000000000034
            ],
            "wins": [
                false,
                false,
                false,
                false,
                false,
                false,
                false,
                true
            ]
        },
        {
            "gain": -455.39999999999964,
            "fitness": -9.333588828963947,
            "fitness_balanced": -11.441878010042664,
            "gains": [
                -100,
                -20.0,
                -90.0,
                -90.0,
                -90.0,
                -100,
                -30.0,
                64.60000000000034
            ],
            "wins": [
                false,
                false,
                false,
                false,
                false,
                false,
                false,
                true
            ]
        },
        {
            "gain": -455.39999999999964,
            "fitness": -9.333588828963947,
            "fitness_balanced": -11.441878010042664,
            "gains": [
                -100,
                -20.0,
                -90.0,
                -90.0,
                -90.0,
                -100,
                -30.0,
                64.60000000000034
            ],
            "wins": [
                false,
                false,
                false,
                false,
                false,
                false,
                false,
                true
            ]
        },
        {
            "gain": -455.39999999999964,
            "fitness": -9.333588828963947,
            "fitness_balanced": -11.441878010042664,
            "gains": [
                -100,
                -20.0,
                -90.0,
                -90.0,
                -90.0,
                -100,
                -30.0,
                64.60000000000034
            ],
            "wins": [
                false,
                false,
                false,
                false,
                false,
                false,
                false,
                true
            ]
        }
    ]
}