{
    "gen": 29,
    "enemies": [
        6
    ],
    "results": [
        {
            "gain": -72.0,
            "fitness": 18.639530550103437,
            "fitness_balanced": 13.174539963744692,
            "wins": [
                0.0
            ]
        }
    ]
}