{
    "gen": 29,
    "enemies": [
        3
    ],
    "results": [
        {
            "gain": 82,
            "fitness": 92.24935744741228,
            "fitness_balanced": 85.04675666571221,
            "wins": [
                true
            ]
        }
    ]
}