{
    "gen": 29,
    "enemies": [
        4
    ],
    "results": [
        {
            "gain": 46.6400000000002,
            "fitness": 78.41011688897761,
            "fitness_balanced": 76.69649474239182,
            "wins": [
                0.8
            ]
        }
    ]
}