{
    "gen": 29,
    "enemies": [
        1,
        2,
        3,
        4,
        5,
        6,
        7,
        8
    ],
    "results": [
        {
            "gain": -488.99999999999966,
            "fitness": -14.397046293554972,
            "fitness_balanced": 4.075744202585468,
            "gains": [
                -80.0,
                -100,
                76,
                -60.0,
                -44.99999999999968,
                -100,
                -100,
                -80.0
            ],
            "wins": [
                false,
                false,
                true,
                false,
                false,
                false,
                false,
                false
            ]
        },
        {
            "gain": -488.99999999999966,
            "fitness": -14.397046293554972,
            "fitness_balanced": 4.075744202585468,
            "gains": [
                -80.0,
                -100,
                76,
                -60.0,
                -44.99999999999968,
                -100,
                -100,
                -80.0
            ],
            "wins": [
                false,
                false,
                true,
                false,
                false,
                false,
                false,
                false
            ]
        },
        {
            "gain": -488.99999999999966,
            "fitness": -14.397046293554972,
            "fitness_balanced": 4.075744202585468,
            "gains": [
                -80.0,
                -100,
                76,
                -60.0,
                -44.99999999999968,
                -100,
                -100,
                -80.0
            ],
            "wins": [
                false,
                false,
                true,
                false,
                false,
                false,
                false,
                false
            ]
        },
        {
            "gain": -488.99999999999966,
            "fitness": -14.397046293554972,
            "fitness_balanced": 4.075744202585468,
            "gains": [
                -80.0,
                -100,
                76,
                -60.0,
                -44.99999999999968,
                -100,
                -100,
                -80.0
            ],
            "wins": [
                false,
                false,
                true,
                false,
                false,
                false,
                false,
                false
            ]
        },
        {
            "gain": -488.99999999999966,
            "fitness": -14.397046293554972,
            "fitness_balanced": 4.075744202585468,
            "gains": [
                -80.0,
                -100,
                76,
                -60.0,
                -44.99999999999968,
                -100,
                -100,
                -80.0
            ],
            "wins": [
                false,
                false,
                true,
                false,
                false,
                false,
                false,
                false
            ]
        }
    ]
}