{
    "gen": 29,
    "enemies": [
        7
    ],
    "results": [
        {
            "gain": 10.400000000000034,
            "fitness": 64.86603939225355,
            "fitness_balanced": 90.48272016318512,
            "wins": [
                0.4
            ]
        }
    ]
}