{
    "gen": 19,
    "enemies": [
        8
    ],
    "results": [
        {
            "gain": -80.0,
            "fitness": 12.165189262937396,
            "fitness_balanced": 4.1622695528340605,
            "wins": [
                false
            ]
        }
    ]
}