{
    "gen": 299,
    "enemies": [
        1,
        2,
        3,
        4,
        5,
        6,
        7,
        8
    ],
    "results": [
        {
            "gain": -128.19999999999928,
            "fitness": 29.798892550924844,
            "fitness_balanced": 14.045130196326117,
            "gains": [
                -80.0,
                -60.0,
                42,
                1.6000000000002341,
                15.400000000000228,
                -10.0,
                32.80000000000027,
                -70.0
            ],
            "wins": [
                false,
                false,
                true,
                true,
                true,
                false,
                true,
                false
            ]
        },
        {
            "gain": -128.19999999999928,
            "fitness": 29.798892550924844,
            "fitness_balanced": 14.045130196326117,
            "gains": [
                -80.0,
                -60.0,
                42,
                1.6000000000002341,
                15.400000000000228,
                -10.0,
                32.80000000000027,
                -70.0
            ],
            "wins": [
                false,
                false,
                true,
                true,
                true,
                false,
                true,
                false
            ]
        },
        {
            "gain": -128.19999999999928,
            "fitness": 29.798892550924844,
            "fitness_balanced": 14.045130196326117,
            "gains": [
                -80.0,
                -60.0,
                42,
                1.6000000000002341,
                15.400000000000228,
                -10.0,
                32.80000000000027,
                -70.0
            ],
            "wins": [
                false,
                false,
                true,
                true,
                true,
                false,
                true,
                false
            ]
        },
        {
            "gain": -128.19999999999928,
            "fitness": 29.798892550924844,
            "fitness_balanced": 14.045130196326117,
            "gains": [
                -80.0,
                -60.0,
                42,
                1.6000000000002341,
                15.400000000000228,
                -10.0,
                32.80000000000027,
                -70.0
            ],
            "wins": [
                false,
                false,
                true,
                true,
                true,
                false,
                true,
                false
            ]
        },
        {
            "gain": -128.19999999999928,
            "fitness": 29.798892550924844,
            "fitness_balanced": 14.045130196326117,
            "gains": [
                -80.0,
                -60.0,
                42,
                1.6000000000002341,
                15.400000000000228,
                -10.0,
                32.80000000000027,
                -70.0
            ],
            "wins": [
                false,
                false,
                true,
                true,
                true,
                false,
                true,
                false
            ]
        }
    ]
}