{
    "gen": 299,
    "enemies": [
        1,
        2,
        3,
        4,
        5,
        6,
        7,
        8
    ],
    "results": [
        {
            "gain": 60.40000000000086,
            "fitness": 53.70265475666314,
            "fitness_balanced": 27.620072455441896,
            "gains": [
                -70.0,
                50,
                -10.0,
                -10.0,
                64.00000000000034,
                4.0000000000002345,
                -10.0,
                42.40000000000029
            ],
            "wins": [
                false,
                true,
                false,
                false,
                true,
                true,
                false,
                true
            ]
        },
        {
            "gain": 60.40000000000086,
            "fitness": 53.70265475666314,
            "fitness_balanced": 27.620072455441896,
            "gains": [
                -70.0,
                50,
                -10.0,
                -10.0,
                64.00000000000034,
                4.0000000000002345,
                -10.0,
                42.40000000000029
            ],
            "wins": [
                false,
                true,
                false,
                false,
                true,
                true,
                false,
                true
            ]
        },
        {
            "gain": 60.40000000000086,
            "fitness": 53.70265475666314,
            "fitness_balanced": 27.620072455441896,
            "gains": [
                -70.0,
                50,
                -10.0,
                -10.0,
                64.00000000000034,
                4.0000000000002345,
                -10.0,
                42.40000000000029
            ],
            "wins": [
                false,
                true,
                false,
                false,
                true,
                true,
                false,
                true
            ]
        },
        {
            "gain": 60.40000000000086,
            "fitness": 53.70265475666314,
            "fitness_balanced": 27.620072455441896,
            "gains": [
                -70.0,
                50,
                -10.0,
                -10.0,
                64.00000000000034,
                4.0000000000002345,
                -10.0,
                42.40000000000029
            ],
            "wins": [
                false,
                true,
                false,
                false,
                true,
                true,
                false,
                true
            ]
        },
        {
            "gain": 60.40000000000086,
            "fitness": 53.70265475666314,
            "fitness_balanced": 27.620072455441896,
            "gains": [
                -70.0,
                50,
                -10.0,
                -10.0,
                64.00000000000034,
                4.0000000000002345,
                -10.0,
                42.40000000000029
            ],
            "wins": [
                false,
                true,
                false,
                false,
                true,
                true,
                false,
                true
            ]
        }
    ]
}