{
    "gen": 29,
    "enemies": [
        3
    ],
    "results": [
        {
            "gain": 9.6,
            "fitness": 75.41854653175639,
            "fitness_balanced": 53.83248350911166,
            "wins": [
                0.6
            ]
        }
    ]
}