{
    "gen": 29,
    "enemies": [
        6
    ],
    "results": [
        {
            "gain": 55.60000000000032,
            "fitness": 88.88796705453896,
            "fitness_balanced": 71.1267020322325,
            "wins": [
                true
            ]
        }
    ]
}