{
    "gen": 29,
    "enemies": [
        6
    ],
    "results": [
        {
            "gain": 6.400000000000176,
            "fitness": 68.01659910766936,
            "fitness_balanced": 67.52040081415578,
            "wins": [
                0.6
            ]
        }
    ]
}