{
    "gen": 29,
    "enemies": [
        1
    ],
    "results": [
        {
            "gain": 0.0,
            "fitness": 62.74047320628539,
            "fitness_balanced": 94.84670840550223,
            "wins": [
                0.5
            ]
        }
    ]
}