{
    "gen": 29,
    "enemies": [
        6
    ],
    "results": [
        {
            "gain": 37.60000000000028,
            "fitness": 88.18405089685372,
            "fitness_balanced": 63.22027017401392,
            "wins": [
                true
            ]
        }
    ]
}