{
    "gen": 29,
    "enemies": [
        1,
        2,
        3,
        4,
        5,
        6,
        7,
        8
    ],
    "results": [
        {
            "gain": -290.5999999999998,
            "fitness": 3.2647157872003945,
            "fitness_balanced": 9.197881624622937,
            "gains": [
                -50.0,
                -40.0,
                58,
                -80.0,
                81.40000000000018,
                -90.0,
                -100,
                -70.0
            ],
            "wins": [
                false,
                false,
                true,
                false,
                true,
                false,
                false,
                false
            ]
        },
        {
            "gain": -290.5999999999998,
            "fitness": 3.2647157872003945,
            "fitness_balanced": 9.197881624622937,
            "gains": [
                -50.0,
                -40.0,
                58,
                -80.0,
                81.40000000000018,
                -90.0,
                -100,
                -70.0
            ],
            "wins": [
                false,
                false,
                true,
                false,
                true,
                false,
                false,
                false
            ]
        },
        {
            "gain": -290.5999999999998,
            "fitness": 3.2647157872003945,
            "fitness_balanced": 9.197881624622937,
            "gains": [
                -50.0,
                -40.0,
                58,
                -80.0,
                81.40000000000018,
                -90.0,
                -100,
                -70.0
            ],
            "wins": [
                false,
                false,
                true,
                false,
                true,
                false,
                false,
                false
            ]
        },
        {
            "gain": -290.5999999999998,
            "fitness": 3.2647157872003945,
            "fitness_balanced": 9.197881624622937,
            "gains": [
                -50.0,
                -40.0,
                58,
                -80.0,
                81.40000000000018,
                -90.0,
                -100,
                -70.0
            ],
            "wins": [
                false,
                false,
                true,
                false,
                true,
                false,
                false,
                false
            ]
        },
        {
            "gain": -290.5999999999998,
            "fitness": 3.2647157872003945,
            "fitness_balanced": 9.197881624622937,
            "gains": [
                -50.0,
                -40.0,
                58,
                -80.0,
                81.40000000000018,
                -90.0,
                -100,
                -70.0
            ],
            "wins": [
                false,
                false,
                true,
                false,
                true,
                false,
                false,
                false
            ]
        }
    ]
}