{
    "gen": 29,
    "enemies": [
        1,
        2,
        3,
        4,
        5,
        6,
        7,
        8
    ],
    "results": [
        {
            "gain": -226.79999999999984,
            "fitness": 13.494241432623713,
            "fitness_balanced": -0.7644232002336295,
            "gains": [
                -50.0,
                -70.0,
                70,
                -70.0,
                83.20000000000016,
                -80.0,
                -40.0,
                -70.0
            ],
            "wins": [
                false,
                false,
                true,
                false,
                true,
                false,
                false,
                false
            ]
        },
        {
            "gain": -226.79999999999984,
            "fitness": 13.494241432623713,
            "fitness_balanced": -0.7644232002336295,
            "gains": [
                -50.0,
                -70.0,
                70,
                -70.0,
                83.20000000000016,
                -80.0,
                -40.0,
                -70.0
            ],
            "wins": [
                false,
                false,
                true,
                false,
                true,
                false,
                false,
                false
            ]
        },
        {
            "gain": -226.79999999999984,
            "fitness": 13.494241432623713,
            "fitness_balanced": -0.7644232002336295,
            "gains": [
                -50.0,
                -70.0,
                70,
                -70.0,
                83.20000000000016,
                -80.0,
                -40.0,
                -70.0
            ],
            "wins": [
                false,
                false,
                true,
                false,
                true,
                false,
                false,
                false
            ]
        },
        {
            "gain": -226.79999999999984,
            "fitness": 13.494241432623713,
            "fitness_balanced": -0.7644232002336295,
            "gains": [
                -50.0,
                -70.0,
                70,
                -70.0,
                83.20000000000016,
                -80.0,
                -40.0,
                -70.0
            ],
            "wins": [
                false,
                false,
                true,
                false,
                true,
                false,
                false,
                false
            ]
        },
        {
            "gain": -226.79999999999984,
            "fitness": 13.494241432623713,
            "fitness_balanced": -0.7644232002336295,
            "gains": [
                -50.0,
                -70.0,
                70,
                -70.0,
                83.20000000000016,
                -80.0,
                -40.0,
                -70.0
            ],
            "wins": [
                false,
                false,
                true,
                false,
                true,
                false,
                false,
                false
            ]
        }
    ]
}