{
    "gen": 14,
    "enemies": [
        2
    ],
    "results": [
        {
            "gain": 76,
            "fitness": 91.93703951986404,
            "fitness_balanced": 82.33357331188756,
            "wins": [
                true
            ]
        }
    ]
}