{
    "gen": 29,
    "enemies": [
        6
    ],
    "results": [
        {
            "gain": 39.40000000000028,
            "fitness": 87.89974528872261,
            "fitness_balanced": 63.65736716631776,
            "wins": [
                true
            ]
        }
    ]
}