{
    "gen": 29,
    "enemies": [
        5
    ],
    "results": [
        {
            "gain": 95.80000000000004,
            "fitness": 93.91357331188756,
            "fitness_balanced": 92.2301190770195,
            "wins": [
                true
            ]
        }
    ]
}