{
    "gen": 29,
    "enemies": [
        5
    ],
    "results": [
        {
            "gain": 72.80000000000007,
            "fitness": 75.0770435121345,
            "fitness_balanced": 51.5912452206848,
            "wins": [
                0.75
            ]
        }
    ]
}