{
    "gen": 29,
    "enemies": [
        1,
        2,
        3,
        4,
        5,
        6,
        7,
        8
    ],
    "results": [
        {
            "gain": -492.3999999999997,
            "fitness": -19.583070969587347,
            "fitness_balanced": 4.091917061831069,
            "gains": [
                100,
                -100,
                -100,
                -90.0,
                -32.39999999999969,
                -90.0,
                -100,
                -80.0
            ],
            "wins": [
                true,
                false,
                false,
                false,
                false,
                false,
                false,
                false
            ]
        },
        {
            "gain": -492.3999999999997,
            "fitness": -19.583070969587347,
            "fitness_balanced": 4.091917061831069,
            "gains": [
                100,
                -100,
                -100,
                -90.0,
                -32.39999999999969,
                -90.0,
                -100,
                -80.0
            ],
            "wins": [
                true,
                false,
                false,
                false,
                false,
                false,
                false,
                false
            ]
        },
        {
            "gain": -492.3999999999997,
            "fitness": -19.583070969587347,
            "fitness_balanced": 4.091917061831069,
            "gains": [
                100,
                -100,
                -100,
                -90.0,
                -32.39999999999969,
                -90.0,
                -100,
                -80.0
            ],
            "wins": [
                true,
                false,
                false,
                false,
                false,
                false,
                false,
                false
            ]
        },
        {
            "gain": -492.3999999999997,
            "fitness": -19.583070969587347,
            "fitness_balanced": 4.091917061831069,
            "gains": [
                100,
                -100,
                -100,
                -90.0,
                -32.39999999999969,
                -90.0,
                -100,
                -80.0
            ],
            "wins": [
                true,
                false,
                false,
                false,
                false,
                false,
                false,
                false
            ]
        },
        {
            "gain": -492.3999999999997,
            "fitness": -19.583070969587347,
            "fitness_balanced": 4.091917061831069,
            "gains": [
                100,
                -100,
                -100,
                -90.0,
                -32.39999999999969,
                -90.0,
                -100,
                -80.0
            ],
            "wins": [
                true,
                false,
                false,
                false,
                false,
                false,
                false,
                false
            ]
        }
    ]
}