{
    "gen": 19,
    "enemies": [
        4
    ],
    "results": [
        {
            "gain": -80.0,
            "fitness": 11.085269107281437,
            "fitness_balanced": 3.084276551368686,
            "wins": [
                false
            ]
        }
    ]
}