{
    "gen": 29,
    "enemies": [
        4
    ],
    "results": [
        {
            "gain": -21.639999999999947,
            "fitness": 52.01867209488349,
            "fitness_balanced": 22.870702451070628,
            "wins": [
                0.2
            ]
        }
    ]
}