{
    "gen": 29,
    "enemies": [
        6
    ],
    "results": [
        {
            "gain": 42.160000000000295,
            "fitness": 87.06401664978864,
            "fitness_balanced": 68.93866563308971,
            "wins": [
                1.0
            ]
        }
    ]
}