{
    "gen": 29,
    "enemies": [
        1,
        2,
        3,
        4,
        5,
        6,
        7,
        8
    ],
    "results": [
        {
            "gain": -216.59999999999948,
            "fitness": 16.62024170783517,
            "fitness_balanced": 4.681184071674998,
            "gains": [
                -60.0,
                52,
                -60.0,
                -90.0,
                46.0000000000003,
                -50.0,
                15.400000000000228,
                -70.0
            ],
            "wins": [
                false,
                true,
                false,
                false,
                true,
                false,
                true,
                false
            ]
        },
        {
            "gain": -216.59999999999948,
            "fitness": 16.62024170783517,
            "fitness_balanced": 4.681184071674998,
            "gains": [
                -60.0,
                52,
                -60.0,
                -90.0,
                46.0000000000003,
                -50.0,
                15.400000000000228,
                -70.0
            ],
            "wins": [
                false,
                true,
                false,
                false,
                true,
                false,
                true,
                false
            ]
        },
        {
            "gain": -216.59999999999948,
            "fitness": 16.62024170783517,
            "fitness_balanced": 4.681184071674998,
            "gains": [
                -60.0,
                52,
                -60.0,
                -90.0,
                46.0000000000003,
                -50.0,
                15.400000000000228,
                -70.0
            ],
            "wins": [
                false,
                true,
                false,
                false,
                true,
                false,
                true,
                false
            ]
        },
        {
            "gain": -216.59999999999948,
            "fitness": 16.62024170783517,
            "fitness_balanced": 4.681184071674998,
            "gains": [
                -60.0,
                52,
                -60.0,
                -90.0,
                46.0000000000003,
                -50.0,
                15.400000000000228,
                -70.0
            ],
            "wins": [
                false,
                true,
                false,
                false,
                true,
                false,
                true,
                false
            ]
        },
        {
            "gain": -216.59999999999948,
            "fitness": 16.62024170783517,
            "fitness_balanced": 4.681184071674998,
            "gains": [
                -60.0,
                52,
                -60.0,
                -90.0,
                46.0000000000003,
                -50.0,
                15.400000000000228,
                -70.0
            ],
            "wins": [
                false,
                true,
                false,
                false,
                true,
                false,
                true,
                false
            ]
        }
    ]
}