{
    "gen": 14,
    "enemies": [
        8
    ],
    "results": [
        {
            "gain": 34.60000000000027,
            "fitness": 87.57667761151174,
            "fitness_balanced": 61.41389596854998,
            "wins": [
                true
            ]
        }
    ]
}