{
    "gen": 29,
    "enemies": [
        4
    ],
    "results": [
        {
            "gain": 62.68000000000029,
            "fitness": 89.5225364618758,
            "fitness_balanced": 79.01936086271519,
            "wins": [
                1.0
            ]
        }
    ]
}