{
    "gen": 29,
    "enemies": [
        1,
        2,
        3,
        4,
        5,
        6,
        7,
        8
    ],
    "results": [
        {
            "gain": -314.79999999999916,
            "fitness": -0.43103037540439004,
            "fitness_balanced": 52.92353043095189,
            "gains": [
                -60.0,
                -90.0,
                -40.0,
                68.2000000000003,
                -21.999999999999673,
                -90.0,
                -100,
                19.000000000000234
            ],
            "wins": [
                false,
                false,
                false,
                true,
                false,
                false,
                false,
                true
            ]
        },
        {
            "gain": -314.79999999999916,
            "fitness": -0.43103037540439004,
            "fitness_balanced": 52.92353043095189,
            "gains": [
                -60.0,
                -90.0,
                -40.0,
                68.2000000000003,
                -21.999999999999673,
                -90.0,
                -100,
                19.000000000000234
            ],
            "wins": [
                false,
                false,
                false,
                true,
                false,
                false,
                false,
                true
            ]
        },
        {
            "gain": -314.79999999999916,
            "fitness": -0.43103037540439004,
            "fitness_balanced": 52.92353043095189,
            "gains": [
                -60.0,
                -90.0,
                -40.0,
                68.2000000000003,
                -21.999999999999673,
                -90.0,
                -100,
                19.000000000000234
            ],
            "wins": [
                false,
                false,
                false,
                true,
                false,
                false,
                false,
                true
            ]
        },
        {
            "gain": -314.79999999999916,
            "fitness": -0.43103037540439004,
            "fitness_balanced": 52.92353043095189,
            "gains": [
                -60.0,
                -90.0,
                -40.0,
                68.2000000000003,
                -21.999999999999673,
                -90.0,
                -100,
                19.000000000000234
            ],
            "wins": [
                false,
                false,
                false,
                true,
                false,
                false,
                false,
                true
            ]
        },
        {
            "gain": -314.79999999999916,
            "fitness": -0.43103037540439004,
            "fitness_balanced": 52.92353043095189,
            "gains": [
                -60.0,
                -90.0,
                -40.0,
                68.2000000000003,
                -21.999999999999673,
                -90.0,
                -100,
                19.000000000000234
            ],
            "wins": [
                false,
                false,
                false,
                true,
                false,
                false,
                false,
                true
            ]
        }
    ]
}