{
    "gen": 29,
    "enemies": [
        7
    ],
    "results": [
        {
            "gain": 34.96000000000025,
            "fitness": 87.94364731666967,
            "fitness_balanced": 67.84742736117451,
            "wins": [
                1.0
            ]
        }
    ]
}