{
    "gen": 29,
    "enemies": [
        1,
        2,
        3,
        4,
        5,
        6,
        7,
        8
    ],
    "results": [
        {
            "gain": -147.59999999999923,
            "fitness": 1.0904790174484873,
            "fitness_balanced": 59.05645558296877,
            "gains": [
                -100,
                76,
                -80.0,
                -90.0,
                40.000000000000284,
                -100,
                76.60000000000022,
                29.80000000000026
            ],
            "wins": [
                false,
                true,
                false,
                false,
                true,
                false,
                true,
                true
            ]
        },
        {
            "gain": -147.59999999999923,
            "fitness": 1.0904790174484873,
            "fitness_balanced": 59.05645558296877,
            "gains": [
                -100,
                76,
                -80.0,
                -90.0,
                40.000000000000284,
                -100,
                76.60000000000022,
                29.80000000000026
            ],
            "wins": [
                false,
                true,
                false,
                false,
                true,
                false,
                true,
                true
            ]
        },
        {
            "gain": -147.59999999999923,
            "fitness": 1.0904790174484873,
            "fitness_balanced": 59.05645558296877,
            "gains": [
                -100,
                76,
                -80.0,
                -90.0,
                40.000000000000284,
                -100,
                76.60000000000022,
                29.80000000000026
            ],
            "wins": [
                false,
                true,
                false,
                false,
                true,
                false,
                true,
                true
            ]
        },
        {
            "gain": -147.59999999999923,
            "fitness": 1.0904790174484873,
            "fitness_balanced": 59.05645558296877,
            "gains": [
                -100,
                76,
                -80.0,
                -90.0,
                40.000000000000284,
                -100,
                76.60000000000022,
                29.80000000000026
            ],
            "wins": [
                false,
                true,
                false,
                false,
                true,
                false,
                true,
                true
            ]
        },
        {
            "gain": -147.59999999999923,
            "fitness": 1.0904790174484873,
            "fitness_balanced": 59.05645558296877,
            "gains": [
                -100,
                76,
                -80.0,
                -90.0,
                40.000000000000284,
                -100,
                76.60000000000022,
                29.80000000000026
            ],
            "wins": [
                false,
                true,
                false,
                false,
                true,
                false,
                true,
                true
            ]
        }
    ]
}