{
    "gen": 29,
    "enemies": [
        1,
        2,
        3,
        4,
        5,
        6,
        7,
        8
    ],
    "results": [
        {
            "gain": -171.19999999999914,
            "fitness": 7.544574804405109,
            "fitness_balanced": 69.6152030665095,
            "gains": [
                -80.0,
                -10.0,
                -70.0,
                -90.0,
                55.00000000000032,
                -100,
                73.60000000000025,
                50.20000000000031
            ],
            "wins": [
                false,
                false,
                false,
                false,
                true,
                false,
                true,
                true
            ]
        },
        {
            "gain": -171.19999999999914,
            "fitness": 7.544574804405109,
            "fitness_balanced": 69.6152030665095,
            "gains": [
                -80.0,
                -10.0,
                -70.0,
                -90.0,
                55.00000000000032,
                -100,
                73.60000000000025,
                50.20000000000031
            ],
            "wins": [
                false,
                false,
                false,
                false,
                true,
                false,
                true,
                true
            ]
        },
        {
            "gain": -171.19999999999914,
            "fitness": 7.544574804405109,
            "fitness_balanced": 69.6152030665095,
            "gains": [
                -80.0,
                -10.0,
                -70.0,
                -90.0,
                55.00000000000032,
                -100,
                73.60000000000025,
                50.20000000000031
            ],
            "wins": [
                false,
                false,
                false,
                false,
                true,
                false,
                true,
                true
            ]
        },
        {
            "gain": -171.19999999999914,
            "fitness": 7.544574804405109,
            "fitness_balanced": 69.6152030665095,
            "gains": [
                -80.0,
                -10.0,
                -70.0,
                -90.0,
                55.00000000000032,
                -100,
                73.60000000000025,
                50.20000000000031
            ],
            "wins": [
                false,
                false,
                false,
                false,
                true,
                false,
                true,
                true
            ]
        },
        {
            "gain": -171.19999999999914,
            "fitness": 7.544574804405109,
            "fitness_balanced": 69.6152030665095,
            "gains": [
                -80.0,
                -10.0,
                -70.0,
                -90.0,
                55.00000000000032,
                -100,
                73.60000000000025,
                50.20000000000031
            ],
            "wins": [
                false,
                false,
                false,
                false,
                true,
                false,
                true,
                true
            ]
        }
    ]
}