{
    "gen": 29,
    "enemies": [
        7
    ],
    "results": [
        {
            "gain": 45.28000000000027,
            "fitness": 89.17195290613199,
            "fitness_balanced": 78.4340239849783,
            "wins": [
                1.0
            ]
        }
    ]
}