{
    "gen": 29,
    "enemies": [
        8
    ],
    "results": [
        {
            "gain": -19.439999999999873,
            "fitness": 45.614053794373945,
            "fitness_balanced": 77.47641489804778,
            "wins": [
                0.4
            ]
        }
    ]
}