{
    "gen": 29,
    "enemies": [
        1,
        2,
        3,
        4,
        5,
        6,
        7,
        8
    ],
    "results": [
        {
            "gain": -223.39999999999978,
            "fitness": 8.435409932129495,
            "fitness_balanced": -4.309847037603237,
            "gains": [
                -50.0,
                -60.0,
                -50.0,
                -80.0,
                85.60000000000014,
                -100,
                91.00000000000009,
                -60.0
            ],
            "wins": [
                false,
                false,
                false,
                false,
                true,
                false,
                true,
                false
            ]
        },
        {
            "gain": -223.39999999999978,
            "fitness": 8.435409932129495,
            "fitness_balanced": -4.309847037603237,
            "gains": [
                -50.0,
                -60.0,
                -50.0,
                -80.0,
                85.60000000000014,
                -100,
                91.00000000000009,
                -60.0
            ],
            "wins": [
                false,
                false,
                false,
                false,
                true,
                false,
                true,
                false
            ]
        },
        {
            "gain": -223.39999999999978,
            "fitness": 8.435409932129495,
            "fitness_balanced": -4.309847037603237,
            "gains": [
                -50.0,
                -60.0,
                -50.0,
                -80.0,
                85.60000000000014,
                -100,
                91.00000000000009,
                -60.0
            ],
            "wins": [
                false,
                false,
                false,
                false,
                true,
                false,
                true,
                false
            ]
        },
        {
            "gain": -223.39999999999978,
            "fitness": 8.435409932129495,
            "fitness_balanced": -4.309847037603237,
            "gains": [
                -50.0,
                -60.0,
                -50.0,
                -80.0,
                85.60000000000014,
                -100,
                91.00000000000009,
                -60.0
            ],
            "wins": [
                false,
                false,
                false,
                false,
                true,
                false,
                true,
                false
            ]
        },
        {
            "gain": -223.39999999999978,
            "fitness": 8.435409932129495,
            "fitness_balanced": -4.309847037603237,
            "gains": [
                -50.0,
                -60.0,
                -50.0,
                -80.0,
                85.60000000000014,
                -100,
                91.00000000000009,
                -60.0
            ],
            "wins": [
                false,
                false,
                false,
                false,
                true,
                false,
                true,
                false
            ]
        }
    ]
}