{
    "gen": 29,
    "enemies": [
        7
    ],
    "results": [
        {
            "gain": 6.400000000000034,
            "fitness": 61.69584481335397,
            "fitness_balanced": 90.48272016318512,
            "wins": [
                0.4
            ]
        }
    ]
}