{
    "gen": 29,
    "enemies": [
        2
    ],
    "results": [
        {
            "gain": -13.2,
            "fitness": 58.89661737823244,
            "fitness_balanced": 33.84514190598358,
            "wins": [
                0.2
            ]
        }
    ]
}