{
    "gen": 29,
    "enemies": [
        5
    ],
    "results": [
        {
            "gain": 49.00000000000023,
            "fitness": 82.62193496476606,
            "fitness_balanced": 73.69720995408454,
            "wins": [
                0.75
            ]
        }
    ]
}