{
    "gen": 29,
    "enemies": [
        1,
        2,
        3,
        4,
        5,
        6,
        7,
        8
    ],
    "results": [
        {
            "gain": -302.4,
            "fitness": 13.584936526283432,
            "fitness_balanced": -2.067272547863066,
            "gains": [
                -70.0,
                -10.0,
                -50.0,
                -60.0,
                97.60000000000002,
                -70.0,
                -60.0,
                -80.0
            ],
            "wins": [
                false,
                false,
                false,
                false,
                true,
                false,
                false,
                false
            ]
        },
        {
            "gain": -302.4,
            "fitness": 13.584936526283432,
            "fitness_balanced": -2.067272547863066,
            "gains": [
                -70.0,
                -10.0,
                -50.0,
                -60.0,
                97.60000000000002,
                -70.0,
                -60.0,
                -80.0
            ],
            "wins": [
                false,
                false,
                false,
                false,
                true,
                false,
                false,
                false
            ]
        },
        {
            "gain": -302.4,
            "fitness": 13.584936526283432,
            "fitness_balanced": -2.067272547863066,
            "gains": [
                -70.0,
                -10.0,
                -50.0,
                -60.0,
                97.60000000000002,
                -70.0,
                -60.0,
                -80.0
            ],
            "wins": [
                false,
                false,
                false,
                false,
                true,
                false,
                false,
                false
            ]
        },
        {
            "gain": -302.4,
            "fitness": 13.584936526283432,
            "fitness_balanced": -2.067272547863066,
            "gains": [
                -70.0,
                -10.0,
                -50.0,
                -60.0,
                97.60000000000002,
                -70.0,
                -60.0,
                -80.0
            ],
            "wins": [
                false,
                false,
                false,
                false,
                true,
                false,
                false,
                false
            ]
        },
        {
            "gain": -302.4,
            "fitness": 13.584936526283432,
            "fitness_balanced": -2.067272547863066,
            "gains": [
                -70.0,
                -10.0,
                -50.0,
                -60.0,
                97.60000000000002,
                -70.0,
                -60.0,
                -80.0
            ],
            "wins": [
                false,
                false,
                false,
                false,
                true,
                false,
                false,
                false
            ]
        }
    ]
}