{
    "gen": 29,
    "enemies": [
        1,
        2,
        3,
        4,
        5,
        6,
        7,
        8
    ],
    "results": [
        {
            "gain": -222.3999999999994,
            "fitness": 6.134391411465764,
            "fitness_balanced": 59.69486503108364,
            "gains": [
                -100,
                52,
                -70.0,
                -80.0,
                -30.0,
                -90.0,
                64.60000000000034,
                31.000000000000263
            ],
            "wins": [
                false,
                true,
                false,
                false,
                false,
                false,
                true,
                true
            ]
        },
        {
            "gain": -222.3999999999994,
            "fitness": 6.134391411465764,
            "fitness_balanced": 59.69486503108364,
            "gains": [
                -100,
                52,
                -70.0,
                -80.0,
                -30.0,
                -90.0,
                64.60000000000034,
                31.000000000000263
            ],
            "wins": [
                false,
                true,
                false,
                false,
                false,
                false,
                true,
                true
            ]
        },
        {
            "gain": -222.3999999999994,
            "fitness": 6.134391411465764,
            "fitness_balanced": 59.69486503108364,
            "gains": [
                -100,
                52,
                -70.0,
                -80.0,
                -30.0,
                -90.0,
                64.60000000000034,
                31.000000000000263
            ],
            "wins": [
                false,
                true,
                false,
                false,
                false,
                false,
                true,
                true
            ]
        },
        {
            "gain": -222.3999999999994,
            "fitness": 6.134391411465764,
            "fitness_balanced": 59.69486503108364,
            "gains": [
                -100,
                52,
                -70.0,
                -80.0,
                -30.0,
                -90.0,
                64.60000000000034,
                31.000000000000263
            ],
            "wins": [
                false,
                true,
                false,
                false,
                false,
                false,
                true,
                true
            ]
        },
        {
            "gain": -222.3999999999994,
            "fitness": 6.134391411465764,
            "fitness_balanced": 59.69486503108364,
            "gains": [
                -100,
                52,
                -70.0,
                -80.0,
                -30.0,
                -90.0,
                64.60000000000034,
                31.000000000000263
            ],
            "wins": [
                false,
                true,
                false,
                false,
                false,
                false,
                true,
                true
            ]
        }
    ]
}