{
    "gen": 29,
    "enemies": [
        7
    ],
    "results": [
        {
            "gain": 45.760000000000296,
            "fitness": 89.14344764316823,
            "fitness_balanced": 72.96627799644592,
            "wins": [
                1.0
            ]
        }
    ]
}