{
    "gen": 29,
    "enemies": [
        2
    ],
    "results": [
        {
            "gain": 65.6,
            "fitness": 91.5390984438238,
            "fitness_balanced": 84.92482618476618,
            "wins": [
                1.0
            ]
        }
    ]
}