{
    "gen": 29,
    "enemies": [
        8
    ],
    "results": [
        {
            "gain": 73.00000000000026,
            "fitness": 92.04772657195339,
            "fitness_balanced": 81.24250462797235,
            "wins": [
                true
            ]
        }
    ]
}