{
    "gen": 29,
    "enemies": [
        8
    ],
    "results": [
        {
            "gain": 47.92000000000026,
            "fitness": 89.29154726112547,
            "fitness_balanced": 81.24250462797235,
            "wins": [
                1.0
            ]
        }
    ]
}