{
    "gen": 14,
    "enemies": [
        2
    ],
    "results": [
        {
            "gain": 88,
            "fitness": 93.32772932632852,
            "fitness_balanced": 88.52353644806848,
            "wins": [
                true
            ]
        }
    ]
}