{
    "gen": 29,
    "enemies": [
        1,
        2,
        3,
        4,
        5,
        6,
        7,
        8
    ],
    "results": [
        {
            "gain": -395.9999999999998,
            "fitness": -6.933612770751978,
            "fitness_balanced": -10.851732107299313,
            "gains": [
                -100,
                28,
                -60.0,
                -80.0,
                -80.0,
                -100,
                76.00000000000023,
                -80.0
            ],
            "wins": [
                false,
                true,
                false,
                false,
                false,
                false,
                true,
                false
            ]
        },
        {
            "gain": -395.9999999999998,
            "fitness": -6.933612770751978,
            "fitness_balanced": -10.851732107299313,
            "gains": [
                -100,
                28,
                -60.0,
                -80.0,
                -80.0,
                -100,
                76.00000000000023,
                -80.0
            ],
            "wins": [
                false,
                true,
                false,
                false,
                false,
                false,
                true,
                false
            ]
        },
        {
            "gain": -395.9999999999998,
            "fitness": -6.933612770751978,
            "fitness_balanced": -10.851732107299313,
            "gains": [
                -100,
                28,
                -60.0,
                -80.0,
                -80.0,
                -100,
                76.00000000000023,
                -80.0
            ],
            "wins": [
                false,
                true,
                false,
                false,
                false,
                false,
                true,
                false
            ]
        },
        {
            "gain": -395.9999999999998,
            "fitness": -6.933612770751978,
            "fitness_balanced": -10.851732107299313,
            "gains": [
                -100,
                28,
                -60.0,
                -80.0,
                -80.0,
                -100,
                76.00000000000023,
                -80.0
            ],
            "wins": [
                false,
                true,
                false,
                false,
                false,
                false,
                true,
                false
            ]
        },
        {
            "gain": -395.9999999999998,
            "fitness": -6.933612770751978,
            "fitness_balanced": -10.851732107299313,
            "gains": [
                -100,
                28,
                -60.0,
                -80.0,
                -80.0,
                -100,
                76.00000000000023,
                -80.0
            ],
            "wins": [
                false,
                true,
                false,
                false,
                false,
                false,
                true,
                false
            ]
        }
    ]
}