{
    "gen": 29,
    "enemies": [
        7
    ],
    "results": [
        {
            "gain": 76.00000000000023,
            "fitness": 92.28679402095824,
            "fitness_balanced": 82.6818800061559,
            "wins": [
                true
            ]
        }
    ]
}