{
    "gen": 29,
    "enemies": [
        5
    ],
    "results": [
        {
            "gain": 95.20000000000005,
            "fitness": 94.51605369405455,
            "fitness_balanced": 92.58936470590376,
            "wins": [
                true
            ]
        }
    ]
}