{
    "gen": 29,
    "enemies": [
        1
    ],
    "results": [
        {
            "gain": -5.0,
            "fitness": 59.90030266740223,
            "fitness_balanced": 94.88801221164346,
            "wins": [
                0.25
            ]
        }
    ]
}