{
    "gen": 299,
    "enemies": [
        1,
        2,
        3,
        4,
        5,
        6,
        7,
        8
    ],
    "results": [
        {
            "gain": -93.59999999999921,
            "fitness": 40.01355746744013,
            "fitness_balanced": 46.42413272989435,
            "gains": [
                -90.0,
                -40.0,
                4,
                -20.0,
                56.20000000000032,
                1.000000000000234,
                -10.0,
                5.200000000000234
            ],
            "wins": [
                false,
                false,
                true,
                false,
                true,
                true,
                false,
                true
            ]
        },
        {
            "gain": -93.59999999999921,
            "fitness": 40.01355746744013,
            "fitness_balanced": 46.42413272989435,
            "gains": [
                -90.0,
                -40.0,
                4,
                -20.0,
                56.20000000000032,
                1.000000000000234,
                -10.0,
                5.200000000000234
            ],
            "wins": [
                false,
                false,
                true,
                false,
                true,
                true,
                false,
                true
            ]
        },
        {
            "gain": -93.59999999999921,
            "fitness": 40.01355746744013,
            "fitness_balanced": 46.42413272989435,
            "gains": [
                -90.0,
                -40.0,
                4,
                -20.0,
                56.20000000000032,
                1.000000000000234,
                -10.0,
                5.200000000000234
            ],
            "wins": [
                false,
                false,
                true,
                false,
                true,
                true,
                false,
                true
            ]
        },
        {
            "gain": -93.59999999999921,
            "fitness": 40.01355746744013,
            "fitness_balanced": 46.42413272989435,
            "gains": [
                -90.0,
                -40.0,
                4,
                -20.0,
                56.20000000000032,
                1.000000000000234,
                -10.0,
                5.200000000000234
            ],
            "wins": [
                false,
                false,
                true,
                false,
                true,
                true,
                false,
                true
            ]
        },
        {
            "gain": -93.59999999999921,
            "fitness": 40.01355746744013,
            "fitness_balanced": 46.42413272989435,
            "gains": [
                -90.0,
                -40.0,
                4,
                -20.0,
                56.20000000000032,
                1.000000000000234,
                -10.0,
                5.200000000000234
            ],
            "wins": [
                false,
                false,
                true,
                false,
                true,
                true,
                false,
                true
            ]
        }
    ]
}