{
    "gen": 29,
    "enemies": [
        1,
        2,
        3,
        4,
        5,
        6,
        7,
        8
    ],
    "results": [
        {
            "gain": -261.79999999999995,
            "fitness": 16.287142319928144,
            "fitness_balanced": 0.14507921226041987,
            "gains": [
                -50.0,
                -10.0,
                -40.0,
                -40.0,
                98.20000000000002,
                -100,
                -50.0,
                -70.0
            ],
            "wins": [
                false,
                false,
                false,
                false,
                true,
                false,
                false,
                false
            ]
        },
        {
            "gain": -261.79999999999995,
            "fitness": 16.287142319928144,
            "fitness_balanced": 0.14507921226041987,
            "gains": [
                -50.0,
                -10.0,
                -40.0,
                -40.0,
                98.20000000000002,
                -100,
                -50.0,
                -70.0
            ],
            "wins": [
                false,
                false,
                false,
                false,
                true,
                false,
                false,
                false
            ]
        },
        {
            "gain": -261.79999999999995,
            "fitness": 16.287142319928144,
            "fitness_balanced": 0.14507921226041987,
            "gains": [
                -50.0,
                -10.0,
                -40.0,
                -40.0,
                98.20000000000002,
                -100,
                -50.0,
                -70.0
            ],
            "wins": [
                false,
                false,
                false,
                false,
                true,
                false,
                false,
                false
            ]
        },
        {
            "gain": -261.79999999999995,
            "fitness": 16.287142319928144,
            "fitness_balanced": 0.14507921226041987,
            "gains": [
                -50.0,
                -10.0,
                -40.0,
                -40.0,
                98.20000000000002,
                -100,
                -50.0,
                -70.0
            ],
            "wins": [
                false,
                false,
                false,
                false,
                true,
                false,
                false,
                false
            ]
        },
        {
            "gain": -261.79999999999995,
            "fitness": 16.287142319928144,
            "fitness_balanced": 0.14507921226041987,
            "gains": [
                -50.0,
                -10.0,
                -40.0,
                -40.0,
                98.20000000000002,
                -100,
                -50.0,
                -70.0
            ],
            "wins": [
                false,
                false,
                false,
                false,
                true,
                false,
                false,
                false
            ]
        }
    ]
}