{
    "gen": 29,
    "enemies": [
        5
    ],
    "results": [
        {
            "gain": 39.8000000000001,
            "fitness": 68.33009813319276,
            "fitness_balanced": 88.8583364434974,
            "wins": [
                0.75
            ]
        }
    ]
}