{
    "gen": 29,
    "enemies": [
        8
    ],
    "results": [
        {
            "gain": 66.28000000000019,
            "fitness": 90.76041781599903,
            "fitness_balanced": 89.488353948145,
            "wins": [
                1.0
            ]
        }
    ]
}