{
    "gen": 14,
    "enemies": [
        7
    ],
    "results": [
        {
            "gain": 91.00000000000009,
            "fitness": 94.08936470590375,
            "fitness_balanced": 90.48272016318512,
            "wins": [
                true
            ]
        }
    ]
}