{
    "gen": 29,
    "enemies": [
        1,
        2,
        3,
        4,
        5,
        6,
        7,
        8
    ],
    "results": [
        {
            "gain": -237.99999999999966,
            "fitness": 13.053903620382954,
            "fitness_balanced": 9.10835578817423,
            "gains": [
                -70.0,
                -40.0,
                68,
                -70.0,
                64.00000000000034,
                -90.0,
                -30.0,
                -70.0
            ],
            "wins": [
                false,
                false,
                true,
                false,
                true,
                false,
                false,
                false
            ]
        },
        {
            "gain": -237.99999999999966,
            "fitness": 13.053903620382954,
            "fitness_balanced": 9.10835578817423,
            "gains": [
                -70.0,
                -40.0,
                68,
                -70.0,
                64.00000000000034,
                -90.0,
                -30.0,
                -70.0
            ],
            "wins": [
                false,
                false,
                true,
                false,
                true,
                false,
                false,
                false
            ]
        },
        {
            "gain": -237.99999999999966,
            "fitness": 13.053903620382954,
            "fitness_balanced": 9.10835578817423,
            "gains": [
                -70.0,
                -40.0,
                68,
                -70.0,
                64.00000000000034,
                -90.0,
                -30.0,
                -70.0
            ],
            "wins": [
                false,
                false,
                true,
                false,
                true,
                false,
                false,
                false
            ]
        },
        {
            "gain": -237.99999999999966,
            "fitness": 13.053903620382954,
            "fitness_balanced": 9.10835578817423,
            "gains": [
                -70.0,
                -40.0,
                68,
                -70.0,
                64.00000000000034,
                -90.0,
                -30.0,
                -70.0
            ],
            "wins": [
                false,
                false,
                true,
                false,
                true,
                false,
                false,
                false
            ]
        },
        {
            "gain": -237.99999999999966,
            "fitness": 13.053903620382954,
            "fitness_balanced": 9.10835578817423,
            "gains": [
                -70.0,
                -40.0,
                68,
                -70.0,
                64.00000000000034,
                -90.0,
                -30.0,
                -70.0
            ],
            "wins": [
                false,
                false,
                true,
                false,
                true,
                false,
                false,
                false
            ]
        }
    ]
}