{
    "gen": 29,
    "enemies": [
        3
    ],
    "results": [
        {
            "gain": 22.0,
            "fitness": 83.03669232185754,
            "fitness_balanced": 55.78739390424848,
            "wins": [
                0.8
            ]
        }
    ]
}