{
    "gen": 29,
    "enemies": [
        1,
        2,
        3,
        4,
        5,
        6,
        7,
        8
    ],
    "results": [
        {
            "gain": -192.79999999999978,
            "fitness": 9.73241099960508,
            "fitness_balanced": -2.4517342935986264,
            "gains": [
                100,
                -60.0,
                -40.0,
                -30.0,
                77.20000000000022,
                -100,
                -100,
                -40.0
            ],
            "wins": [
                true,
                false,
                false,
                false,
                true,
                false,
                false,
                false
            ]
        },
        {
            "gain": -192.79999999999978,
            "fitness": 9.73241099960508,
            "fitness_balanced": -2.4517342935986264,
            "gains": [
                100,
                -60.0,
                -40.0,
                -30.0,
                77.20000000000022,
                -100,
                -100,
                -40.0
            ],
            "wins": [
                true,
                false,
                false,
                false,
                true,
                false,
                false,
                false
            ]
        },
        {
            "gain": -192.79999999999978,
            "fitness": 9.73241099960508,
            "fitness_balanced": -2.4517342935986264,
            "gains": [
                100,
                -60.0,
                -40.0,
                -30.0,
                77.20000000000022,
                -100,
                -100,
                -40.0
            ],
            "wins": [
                true,
                false,
                false,
                false,
                true,
                false,
                false,
                false
            ]
        },
        {
            "gain": -192.79999999999978,
            "fitness": 9.73241099960508,
            "fitness_balanced": -2.4517342935986264,
            "gains": [
                100,
                -60.0,
                -40.0,
                -30.0,
                77.20000000000022,
                -100,
                -100,
                -40.0
            ],
            "wins": [
                true,
                false,
                false,
                false,
                true,
                false,
                false,
                false
            ]
        },
        {
            "gain": -192.79999999999978,
            "fitness": 9.73241099960508,
            "fitness_balanced": -2.4517342935986264,
            "gains": [
                100,
                -60.0,
                -40.0,
                -30.0,
                77.20000000000022,
                -100,
                -100,
                -40.0
            ],
            "wins": [
                true,
                false,
                false,
                false,
                true,
                false,
                false,
                false
            ]
        }
    ]
}