{
    "gen": 29,
    "enemies": [
        4
    ],
    "results": [
        {
            "gain": 34.00000000000027,
            "fitness": 86.51142754043467,
            "fitness_balanced": 60.110408691645674,
            "wins": [
                true
            ]
        }
    ]
}