{
    "gen": 29,
    "enemies": [
        4
    ],
    "results": [
        {
            "gain": 45.520000000000294,
            "fitness": 87.61834875383495,
            "fitness_balanced": 71.44250262912321,
            "wins": [
                1.0
            ]
        }
    ]
}