{
    "gen": 14,
    "enemies": [
        5
    ],
    "results": [
        {
            "gain": 85.60000000000014,
            "fitness": 92.92878821817865,
            "fitness_balanced": 87.16521039683082,
            "wins": [
                true
            ]
        }
    ]
}