{
    "gen": 29,
    "enemies": [
        1,
        2,
        3,
        4,
        5,
        6,
        7,
        8
    ],
    "results": [
        {
            "gain": -359.59999999999974,
            "fitness": -4.523330665737944,
            "fitness_balanced": -8.334236061163658,
            "gains": [
                -100,
                28,
                -70.0,
                -80.0,
                -90.0,
                -100,
                -20.0,
                72.40000000000026
            ],
            "wins": [
                false,
                true,
                false,
                false,
                false,
                false,
                false,
                true
            ]
        },
        {
            "gain": -359.59999999999974,
            "fitness": -4.523330665737944,
            "fitness_balanced": -8.334236061163658,
            "gains": [
                -100,
                28,
                -70.0,
                -80.0,
                -90.0,
                -100,
                -20.0,
                72.40000000000026
            ],
            "wins": [
                false,
                true,
                false,
                false,
                false,
                false,
                false,
                true
            ]
        },
        {
            "gain": -359.59999999999974,
            "fitness": -4.523330665737944,
            "fitness_balanced": -8.334236061163658,
            "gains": [
                -100,
                28,
                -70.0,
                -80.0,
                -90.0,
                -100,
                -20.0,
                72.40000000000026
            ],
            "wins": [
                false,
                true,
                false,
                false,
                false,
                false,
                false,
                true
            ]
        },
        {
            "gain": -359.59999999999974,
            "fitness": -4.523330665737944,
            "fitness_balanced": -8.334236061163658,
            "gains": [
                -100,
                28,
                -70.0,
                -80.0,
                -90.0,
                -100,
                -20.0,
                72.40000000000026
            ],
            "wins": [
                false,
                true,
                false,
                false,
                false,
                false,
                false,
                true
            ]
        },
        {
            "gain": -359.59999999999974,
            "fitness": -4.523330665737944,
            "fitness_balanced": -8.334236061163658,
            "gains": [
                -100,
                28,
                -70.0,
                -80.0,
                -90.0,
                -100,
                -20.0,
                72.40000000000026
            ],
            "wins": [
                false,
                true,
                false,
                false,
                false,
                false,
                false,
                true
            ]
        }
    ]
}