{
    "gen": 29,
    "enemies": [
        8
    ],
    "results": [
        {
            "gain": 44.08000000000021,
            "fitness": 88.39265236991201,
            "fitness_balanced": 87.42010264645961,
            "wins": [
                1.0
            ]
        }
    ]
}