{
    "gen": 19,
    "enemies": [
        5
    ],
    "results": [
        {
            "gain": 76.00000000000023,
            "fitness": 91.40763751052515,
            "fitness_balanced": 81.80559460889545,
            "wins": [
                true
            ]
        }
    ]
}