{
    "experiment_name": "[7, 8]_2_enemies_e_f-rank",
    "enemies": [
        7,
        8
    ],
    "n_hidden_neurons": 10,
    "domain_upper": 1,
    "domain_lower": -1,
    "pop_size": 100,
    "gens": 1000,
    "mutation_rate": 0.2,
    "normalization_method": "default",
    "fitness_method": "rank",
    "pick_parent_method": "multinomial",
    "survivor_method": "multinomial",
    "headless": true,
    "multi_ini": false,
    "randomini": "no",
    "crossover_method": "none",
    "mutation_type": "stochastic_decaying",
    "start_new": true,
    "exploration_island": true,
    "exploration_gens": 15,
    "gen": 999,
    "best_default": 92.46150296873421,
    "mean_default": 90.9459859061025,
    "std_default": 3.5039257942138575,
    "Q5_default": 86.83025464034515,
    "Q95_default": 92.46150296873421,
    "best_balanced": 83.09599331292331,
    "mean_balanced": 77.94222455626968,
    "std_balanced": 9.280224608290892,
    "Q5_balanced": 58.7087417894554,
    "Q95_balanced": 83.09599331292331,
    "best_default_explore": 89.95173230259883,
    "mean_default_explore": 89.51113710971698,
    "std_default_explore": 0.27494050973134865,
    "Q5_default_explore": 89.04679402095825,
    "Q95_default_explore": 89.83669509194095,
    "best_balanced_explore": 70.98679402095837,
    "mean_balanced_explore": 68.77979380617097,
    "std_balanced_explore": 1.368157541731684,
    "Q5_balanced_explore": 66.48188000615593,
    "Q95_balanced_explore": 70.39173230259895
}