{
    "gen": 29,
    "enemies": [
        3
    ],
    "results": [
        {
            "gain": -7.2,
            "fitness": 62.48127918742275,
            "fitness_balanced": 52.74041853593508,
            "wins": [
                0.4
            ]
        }
    ]
}