{
    "gen": 29,
    "enemies": [
        3
    ],
    "results": [
        {
            "gain": -4.8,
            "fitness": 62.71501174225784,
            "fitness_balanced": 13.875316609105795,
            "wins": [
                0.4
            ]
        }
    ]
}