{
    "gen": 29,
    "enemies": [
        3
    ],
    "results": [
        {
            "gain": 90,
            "fitness": 92.96212908007786,
            "fitness_balanced": 88.95974528872259,
            "wins": [
                true
            ]
        }
    ]
}