{
    "gen": 29,
    "enemies": [
        7
    ],
    "results": [
        {
            "gain": -16.71999999999999,
            "fitness": 54.65193348186047,
            "fitness_balanced": 29.82951600496185,
            "wins": [
                0.2
            ]
        }
    ]
}