{
    "gen": 29,
    "enemies": [
        1,
        2,
        3,
        4,
        5,
        6,
        7,
        8
    ],
    "results": [
        {
            "gain": -63.79999999999936,
            "fitness": 24.782781430181096,
            "fitness_balanced": 9.032515031655276,
            "gains": [
                -70.0,
                80,
                -20.0,
                59.20000000000033,
                67.00000000000031,
                -70.0,
                -80.0,
                -30.0
            ],
            "wins": [
                false,
                true,
                false,
                true,
                true,
                false,
                false,
                false
            ]
        },
        {
            "gain": -63.79999999999936,
            "fitness": 24.782781430181096,
            "fitness_balanced": 9.032515031655276,
            "gains": [
                -70.0,
                80,
                -20.0,
                59.20000000000033,
                67.00000000000031,
                -70.0,
                -80.0,
                -30.0
            ],
            "wins": [
                false,
                true,
                false,
                true,
                true,
                false,
                false,
                false
            ]
        },
        {
            "gain": -63.79999999999936,
            "fitness": 24.782781430181096,
            "fitness_balanced": 9.032515031655276,
            "gains": [
                -70.0,
                80,
                -20.0,
                59.20000000000033,
                67.00000000000031,
                -70.0,
                -80.0,
                -30.0
            ],
            "wins": [
                false,
                true,
                false,
                true,
                true,
                false,
                false,
                false
            ]
        },
        {
            "gain": -63.79999999999936,
            "fitness": 24.782781430181096,
            "fitness_balanced": 9.032515031655276,
            "gains": [
                -70.0,
                80,
                -20.0,
                59.20000000000033,
                67.00000000000031,
                -70.0,
                -80.0,
                -30.0
            ],
            "wins": [
                false,
                true,
                false,
                true,
                true,
                false,
                false,
                false
            ]
        },
        {
            "gain": -63.79999999999936,
            "fitness": 24.782781430181096,
            "fitness_balanced": 9.032515031655276,
            "gains": [
                -70.0,
                80,
                -20.0,
                59.20000000000033,
                67.00000000000031,
                -70.0,
                -80.0,
                -30.0
            ],
            "wins": [
                false,
                true,
                false,
                true,
                true,
                false,
                false,
                false
            ]
        }
    ]
}