{
    "gen": 29,
    "enemies": [
        1,
        2,
        3,
        4,
        5,
        6,
        7,
        8
    ],
    "results": [
        {
            "gain": -200.9999999999998,
            "fitness": 9.833330783901253,
            "fitness_balanced": 14.122264218220362,
            "gains": [
                100,
                -40.0,
                -30.0,
                -90.0,
                79.0000000000002,
                -60.0,
                -100,
                -60.0
            ],
            "wins": [
                true,
                false,
                false,
                false,
                true,
                false,
                false,
                false
            ]
        },
        {
            "gain": -200.9999999999998,
            "fitness": 9.833330783901253,
            "fitness_balanced": 14.122264218220362,
            "gains": [
                100,
                -40.0,
                -30.0,
                -90.0,
                79.0000000000002,
                -60.0,
                -100,
                -60.0
            ],
            "wins": [
                true,
                false,
                false,
                false,
                true,
                false,
                false,
                false
            ]
        },
        {
            "gain": -200.9999999999998,
            "fitness": 9.833330783901253,
            "fitness_balanced": 14.122264218220362,
            "gains": [
                100,
                -40.0,
                -30.0,
                -90.0,
                79.0000000000002,
                -60.0,
                -100,
                -60.0
            ],
            "wins": [
                true,
                false,
                false,
                false,
                true,
                false,
                false,
                false
            ]
        },
        {
            "gain": -200.9999999999998,
            "fitness": 9.833330783901253,
            "fitness_balanced": 14.122264218220362,
            "gains": [
                100,
                -40.0,
                -30.0,
                -90.0,
                79.0000000000002,
                -60.0,
                -100,
                -60.0
            ],
            "wins": [
                true,
                false,
                false,
                false,
                true,
                false,
                false,
                false
            ]
        },
        {
            "gain": -200.9999999999998,
            "fitness": 9.833330783901253,
            "fitness_balanced": 14.122264218220362,
            "gains": [
                100,
                -40.0,
                -30.0,
                -90.0,
                79.0000000000002,
                -60.0,
                -100,
                -60.0
            ],
            "wins": [
                true,
                false,
                false,
                false,
                true,
                false,
                false,
                false
            ]
        }
    ]
}