{
    "gen": 29,
    "enemies": [
        8
    ],
    "results": [
        {
            "gain": 28.120000000000175,
            "fitness": 80.0830576923134,
            "fitness_balanced": 78.34791083107574,
            "wins": [
                0.6
            ]
        }
    ]
}