{
    "gen": 29,
    "enemies": [
        4
    ],
    "results": [
        {
            "gain": 24.80000000000023,
            "fitness": 80.9842154042465,
            "fitness_balanced": 72.3279670545391,
            "wins": [
                0.8
            ]
        }
    ]
}