{
    "gen": 29,
    "enemies": [
        1,
        2,
        3,
        4,
        5,
        6,
        7,
        8
    ],
    "results": [
        {
            "gain": -215.79999999999924,
            "fitness": -4.790912466213435,
            "fitness_balanced": -7.7614968758883585,
            "gains": [
                -90.0,
                -100,
                -40.0,
                60.40000000000033,
                75.40000000000023,
                -100,
                -100,
                78.4000000000002
            ],
            "wins": [
                false,
                false,
                false,
                true,
                true,
                false,
                false,
                true
            ]
        },
        {
            "gain": -215.79999999999924,
            "fitness": -4.790912466213435,
            "fitness_balanced": -7.7614968758883585,
            "gains": [
                -90.0,
                -100,
                -40.0,
                60.40000000000033,
                75.40000000000023,
                -100,
                -100,
                78.4000000000002
            ],
            "wins": [
                false,
                false,
                false,
                true,
                true,
                false,
                false,
                true
            ]
        },
        {
            "gain": -215.79999999999924,
            "fitness": -4.790912466213435,
            "fitness_balanced": -7.7614968758883585,
            "gains": [
                -90.0,
                -100,
                -40.0,
                60.40000000000033,
                75.40000000000023,
                -100,
                -100,
                78.4000000000002
            ],
            "wins": [
                false,
                false,
                false,
                true,
                true,
                false,
                false,
                true
            ]
        },
        {
            "gain": -215.79999999999924,
            "fitness": -4.790912466213435,
            "fitness_balanced": -7.7614968758883585,
            "gains": [
                -90.0,
                -100,
                -40.0,
                60.40000000000033,
                75.40000000000023,
                -100,
                -100,
                78.4000000000002
            ],
            "wins": [
                false,
                false,
                false,
                true,
                true,
                false,
                false,
                true
            ]
        },
        {
            "gain": -215.79999999999924,
            "fitness": -4.790912466213435,
            "fitness_balanced": -7.7614968758883585,
            "gains": [
                -90.0,
                -100,
                -40.0,
                60.40000000000033,
                75.40000000000023,
                -100,
                -100,
                78.4000000000002
            ],
            "wins": [
                false,
                false,
                false,
                true,
                true,
                false,
                false,
                true
            ]
        }
    ]
}