{
    "gen": 29,
    "enemies": [
        5
    ],
    "results": [
        {
            "gain": 74.20000000000016,
            "fitness": 91.60792968925985,
            "fitness_balanced": 90.82188534076953,
            "wins": [
                1.0
            ]
        }
    ]
}