{
    "gen": 29,
    "enemies": [
        1,
        2,
        3,
        4,
        5,
        6,
        7,
        8
    ],
    "results": [
        {
            "gain": -475.59999999999934,
            "fitness": -11.376645810727958,
            "fitness_balanced": -12.70595134341296,
            "gains": [
                -90.0,
                -90.0,
                -70.0,
                64.00000000000034,
                0.40000000000033253,
                -100,
                -100,
                -90.0
            ],
            "wins": [
                false,
                false,
                false,
                true,
                false,
                false,
                false,
                false
            ]
        },
        {
            "gain": -475.59999999999934,
            "fitness": -11.376645810727958,
            "fitness_balanced": -12.70595134341296,
            "gains": [
                -90.0,
                -90.0,
                -70.0,
                64.00000000000034,
                0.40000000000033253,
                -100,
                -100,
                -90.0
            ],
            "wins": [
                false,
                false,
                false,
                true,
                false,
                false,
                false,
                false
            ]
        },
        {
            "gain": -475.59999999999934,
            "fitness": -11.376645810727958,
            "fitness_balanced": -12.70595134341296,
            "gains": [
                -90.0,
                -90.0,
                -70.0,
                64.00000000000034,
                0.40000000000033253,
                -100,
                -100,
                -90.0
            ],
            "wins": [
                false,
                false,
                false,
                true,
                false,
                false,
                false,
                false
            ]
        },
        {
            "gain": -475.59999999999934,
            "fitness": -11.376645810727958,
            "fitness_balanced": -12.70595134341296,
            "gains": [
                -90.0,
                -90.0,
                -70.0,
                64.00000000000034,
                0.40000000000033253,
                -100,
                -100,
                -90.0
            ],
            "wins": [
                false,
                false,
                false,
                true,
                false,
                false,
                false,
                false
            ]
        },
        {
            "gain": -475.59999999999934,
            "fitness": -11.376645810727958,
            "fitness_balanced": -12.70595134341296,
            "gains": [
                -90.0,
                -90.0,
                -70.0,
                64.00000000000034,
                0.40000000000033253,
                -100,
                -100,
                -90.0
            ],
            "wins": [
                false,
                false,
                false,
                true,
                false,
                false,
                false,
                false
            ]
        }
    ]
}