{
    "gen": 29,
    "enemies": [
        1,
        2,
        3,
        4,
        5,
        6,
        7,
        8
    ],
    "results": [
        {
            "gain": -310.7999999999997,
            "fitness": 0.47955694512681646,
            "fitness_balanced": 4.570654371045559,
            "gains": [
                -100,
                84,
                -70.0,
                -60.0,
                -20.0,
                -100,
                35.20000000000027,
                -80.0
            ],
            "wins": [
                false,
                true,
                false,
                false,
                false,
                false,
                true,
                false
            ]
        },
        {
            "gain": -310.7999999999997,
            "fitness": 0.47955694512681646,
            "fitness_balanced": 4.570654371045559,
            "gains": [
                -100,
                84,
                -70.0,
                -60.0,
                -20.0,
                -100,
                35.20000000000027,
                -80.0
            ],
            "wins": [
                false,
                true,
                false,
                false,
                false,
                false,
                true,
                false
            ]
        },
        {
            "gain": -310.7999999999997,
            "fitness": 0.47955694512681646,
            "fitness_balanced": 4.570654371045559,
            "gains": [
                -100,
                84,
                -70.0,
                -60.0,
                -20.0,
                -100,
                35.20000000000027,
                -80.0
            ],
            "wins": [
                false,
                true,
                false,
                false,
                false,
                false,
                true,
                false
            ]
        },
        {
            "gain": -310.7999999999997,
            "fitness": 0.47955694512681646,
            "fitness_balanced": 4.570654371045559,
            "gains": [
                -100,
                84,
                -70.0,
                -60.0,
                -20.0,
                -100,
                35.20000000000027,
                -80.0
            ],
            "wins": [
                false,
                true,
                false,
                false,
                false,
                false,
                true,
                false
            ]
        },
        {
            "gain": -310.7999999999997,
            "fitness": 0.47955694512681646,
            "fitness_balanced": 4.570654371045559,
            "gains": [
                -100,
                84,
                -70.0,
                -60.0,
                -20.0,
                -100,
                35.20000000000027,
                -80.0
            ],
            "wins": [
                false,
                true,
                false,
                false,
                false,
                false,
                true,
                false
            ]
        }
    ]
}