{
    "gen": 29,
    "enemies": [
        8
    ],
    "results": [
        {
            "gain": 38.600000000000165,
            "fitness": 84.7033824232261,
            "fitness_balanced": 77.81302464366034,
            "wins": [
                0.6
            ]
        }
    ]
}