{
    "gen": 29,
    "enemies": [
        1,
        2,
        3,
        4,
        5,
        6,
        7,
        8
    ],
    "results": [
        {
            "gain": -246.79999999999967,
            "fitness": 9.172178000055794,
            "fitness_balanced": 4.544678884642298,
            "gains": [
                -70.0,
                88,
                -50.0,
                -70.0,
                65.20000000000033,
                -90.0,
                -40.0,
                -80.0
            ],
            "wins": [
                false,
                true,
                false,
                false,
                true,
                false,
                false,
                false
            ]
        },
        {
            "gain": -246.79999999999967,
            "fitness": 9.172178000055794,
            "fitness_balanced": 4.544678884642298,
            "gains": [
                -70.0,
                88,
                -50.0,
                -70.0,
                65.20000000000033,
                -90.0,
                -40.0,
                -80.0
            ],
            "wins": [
                false,
                true,
                false,
                false,
                true,
                false,
                false,
                false
            ]
        },
        {
            "gain": -246.79999999999967,
            "fitness": 9.172178000055794,
            "fitness_balanced": 4.544678884642298,
            "gains": [
                -70.0,
                88,
                -50.0,
                -70.0,
                65.20000000000033,
                -90.0,
                -40.0,
                -80.0
            ],
            "wins": [
                false,
                true,
                false,
                false,
                true,
                false,
                false,
                false
            ]
        },
        {
            "gain": -246.79999999999967,
            "fitness": 9.172178000055794,
            "fitness_balanced": 4.544678884642298,
            "gains": [
                -70.0,
                88,
                -50.0,
                -70.0,
                65.20000000000033,
                -90.0,
                -40.0,
                -80.0
            ],
            "wins": [
                false,
                true,
                false,
                false,
                true,
                false,
                false,
                false
            ]
        },
        {
            "gain": -246.79999999999967,
            "fitness": 9.172178000055794,
            "fitness_balanced": 4.544678884642298,
            "gains": [
                -70.0,
                88,
                -50.0,
                -70.0,
                65.20000000000033,
                -90.0,
                -40.0,
                -80.0
            ],
            "wins": [
                false,
                true,
                false,
                false,
                true,
                false,
                false,
                false
            ]
        }
    ]
}