{
    "gen": 29,
    "enemies": [
        2
    ],
    "results": [
        {
            "gain": 80.0,
            "fitness": 92.65272974386423,
            "fitness_balanced": 84.79051384715858,
            "wins": [
                1.0
            ]
        }
    ]
}