{
    "gen": 29,
    "enemies": [
        1,
        2,
        3,
        4,
        5,
        6,
        7,
        8
    ],
    "results": [
        {
            "gain": -407.99999999999983,
            "fitness": 0.8236855129213652,
            "fitness_balanced": -7.9313444402802915,
            "gains": [
                -50.0,
                -70.0,
                -30.0,
                -80.0,
                82.00000000000017,
                -90.0,
                -100,
                -70.0
            ],
            "wins": [
                false,
                false,
                false,
                false,
                true,
                false,
                false,
                false
            ]
        },
        {
            "gain": -407.99999999999983,
            "fitness": 0.8236855129213652,
            "fitness_balanced": -7.9313444402802915,
            "gains": [
                -50.0,
                -70.0,
                -30.0,
                -80.0,
                82.00000000000017,
                -90.0,
                -100,
                -70.0
            ],
            "wins": [
                false,
                false,
                false,
                false,
                true,
                false,
                false,
                false
            ]
        },
        {
            "gain": -407.99999999999983,
            "fitness": 0.8236855129213652,
            "fitness_balanced": -7.9313444402802915,
            "gains": [
                -50.0,
                -70.0,
                -30.0,
                -80.0,
                82.00000000000017,
                -90.0,
                -100,
                -70.0
            ],
            "wins": [
                false,
                false,
                false,
                false,
                true,
                false,
                false,
                false
            ]
        },
        {
            "gain": -407.99999999999983,
            "fitness": 0.8236855129213652,
            "fitness_balanced": -7.9313444402802915,
            "gains": [
                -50.0,
                -70.0,
                -30.0,
                -80.0,
                82.00000000000017,
                -90.0,
                -100,
                -70.0
            ],
            "wins": [
                false,
                false,
                false,
                false,
                true,
                false,
                false,
                false
            ]
        },
        {
            "gain": -407.99999999999983,
            "fitness": 0.8236855129213652,
            "fitness_balanced": -7.9313444402802915,
            "gains": [
                -50.0,
                -70.0,
                -30.0,
                -80.0,
                82.00000000000017,
                -90.0,
                -100,
                -70.0
            ],
            "wins": [
                false,
                false,
                false,
                false,
                true,
                false,
                false,
                false
            ]
        }
    ]
}