{
    "gen": 14,
    "enemies": [
        4
    ],
    "results": [
        {
            "gain": 0,
            "fitness": 2.6867796129096986,
            "fitness_balanced": 42.68611316836654,
            "wins": [
                false
            ]
        }
    ]
}