{
    "gen": 29,
    "enemies": [
        1
    ],
    "results": [
        {
            "gain": -42.5,
            "fitness": 46.453300902256984,
            "fitness_balanced": 39.14492807779757,
            "wins": [
                0.0
            ]
        }
    ]
}