{
    "gen": 29,
    "enemies": [
        1,
        2,
        3,
        4,
        5,
        6,
        7,
        8
    ],
    "results": [
        {
            "gain": -262.59999999999945,
            "fitness": 3.8934343238825733,
            "fitness_balanced": -3.273008737460099,
            "gains": [
                10,
                -80.0,
                -70.0,
                -70.0,
                75.40000000000023,
                -80.0,
                -100,
                52.00000000000031
            ],
            "wins": [
                true,
                false,
                false,
                false,
                true,
                false,
                false,
                true
            ]
        },
        {
            "gain": -262.59999999999945,
            "fitness": 3.8934343238825733,
            "fitness_balanced": -3.273008737460099,
            "gains": [
                10,
                -80.0,
                -70.0,
                -70.0,
                75.40000000000023,
                -80.0,
                -100,
                52.00000000000031
            ],
            "wins": [
                true,
                false,
                false,
                false,
                true,
                false,
                false,
                true
            ]
        },
        {
            "gain": -262.59999999999945,
            "fitness": 3.8934343238825733,
            "fitness_balanced": -3.273008737460099,
            "gains": [
                10,
                -80.0,
                -70.0,
                -70.0,
                75.40000000000023,
                -80.0,
                -100,
                52.00000000000031
            ],
            "wins": [
                true,
                false,
                false,
                false,
                true,
                false,
                false,
                true
            ]
        },
        {
            "gain": -262.59999999999945,
            "fitness": 3.8934343238825733,
            "fitness_balanced": -3.273008737460099,
            "gains": [
                10,
                -80.0,
                -70.0,
                -70.0,
                75.40000000000023,
                -80.0,
                -100,
                52.00000000000031
            ],
            "wins": [
                true,
                false,
                false,
                false,
                true,
                false,
                false,
                true
            ]
        },
        {
            "gain": -262.59999999999945,
            "fitness": 3.8934343238825733,
            "fitness_balanced": -3.273008737460099,
            "gains": [
                10,
                -80.0,
                -70.0,
                -70.0,
                75.40000000000023,
                -80.0,
                -100,
                52.00000000000031
            ],
            "wins": [
                true,
                false,
                false,
                false,
                true,
                false,
                false,
                true
            ]
        }
    ]
}