{
    "gen": 29,
    "enemies": [
        8
    ],
    "results": [
        {
            "gain": 75.40000000000023,
            "fitness": 91.6935612249423,
            "fitness_balanced": 81.85067522005326,
            "wins": [
                true
            ]
        }
    ]
}