{
    "gen": 29,
    "enemies": [
        8
    ],
    "results": [
        {
            "gain": 14.160000000000093,
            "fitness": 72.60350381314812,
            "fitness_balanced": 81.85067522005326,
            "wins": [
                0.4
            ]
        }
    ]
}