{
    "gen": 29,
    "enemies": [
        7
    ],
    "results": [
        {
            "gain": 11.720000000000079,
            "fitness": 69.66278651648676,
            "fitness_balanced": 83.75250552318666,
            "wins": [
                0.4
            ]
        }
    ]
}