{
    "gen": 19,
    "enemies": [
        3
    ],
    "results": [
        {
            "gain": -90.0,
            "fitness": 3.4127513415997504,
            "fitness_balanced": -0.5909869805108565,
            "wins": [
                false
            ]
        }
    ]
}