{
    "gen": 29,
    "enemies": [
        1,
        2,
        3,
        4,
        5,
        6,
        7,
        8
    ],
    "results": [
        {
            "gain": -144.59999999999948,
            "fitness": 11.379301271244252,
            "fitness_balanced": 4.523536448068489,
            "gains": [
                -70.0,
                70,
                -60.0,
                -70.0,
                64.60000000000034,
                -80.0,
                80.80000000000018,
                -80.0
            ],
            "wins": [
                false,
                true,
                false,
                false,
                true,
                false,
                true,
                false
            ]
        },
        {
            "gain": -144.59999999999948,
            "fitness": 11.379301271244252,
            "fitness_balanced": 4.523536448068489,
            "gains": [
                -70.0,
                70,
                -60.0,
                -70.0,
                64.60000000000034,
                -80.0,
                80.80000000000018,
                -80.0
            ],
            "wins": [
                false,
                true,
                false,
                false,
                true,
                false,
                true,
                false
            ]
        },
        {
            "gain": -144.59999999999948,
            "fitness": 11.379301271244252,
            "fitness_balanced": 4.523536448068489,
            "gains": [
                -70.0,
                70,
                -60.0,
                -70.0,
                64.60000000000034,
                -80.0,
                80.80000000000018,
                -80.0
            ],
            "wins": [
                false,
                true,
                false,
                false,
                true,
                false,
                true,
                false
            ]
        },
        {
            "gain": -144.59999999999948,
            "fitness": 11.379301271244252,
            "fitness_balanced": 4.523536448068489,
            "gains": [
                -70.0,
                70,
                -60.0,
                -70.0,
                64.60000000000034,
                -80.0,
                80.80000000000018,
                -80.0
            ],
            "wins": [
                false,
                true,
                false,
                false,
                true,
                false,
                true,
                false
            ]
        },
        {
            "gain": -144.59999999999948,
            "fitness": 11.379301271244252,
            "fitness_balanced": 4.523536448068489,
            "gains": [
                -70.0,
                70,
                -60.0,
                -70.0,
                64.60000000000034,
                -80.0,
                80.80000000000018,
                -80.0
            ],
            "wins": [
                false,
                true,
                false,
                false,
                true,
                false,
                true,
                false
            ]
        }
    ]
}