{
    "gen": 29,
    "enemies": [
        5
    ],
    "results": [
        {
            "gain": 81.85000000000014,
            "fitness": 92.40930474985076,
            "fitness_balanced": 87.91617481767032,
            "wins": [
                1.0
            ]
        }
    ]
}