{
    "gen": 29,
    "enemies": [
        1
    ],
    "results": [
        {
            "gain": -10.0,
            "fitness": 75.19788162462294,
            "fitness_balanced": 39.19486503108351,
            "wins": [
                false
            ]
        }
    ]
}