{
    "gen": 29,
    "enemies": [
        4
    ],
    "results": [
        {
            "gain": 59.20000000000033,
            "fitness": 89.47111060585317,
            "fitness_balanced": 73.14952957785599,
            "wins": [
                true
            ]
        }
    ]
}