{
    "gen": 29,
    "enemies": [
        6
    ],
    "results": [
        {
            "gain": -42.23999999999995,
            "fitness": 45.245949455427045,
            "fitness_balanced": 14.447040415078384,
            "wins": [
                0.2
            ]
        }
    ]
}