{
    "gen": 999,
    "enemies": [
        1,
        2,
        3,
        4,
        5,
        6,
        7,
        8
    ],
    "results": [
        {
            "gain": 142.00000000000102,
            "fitness": 59.95338984082905,
            "fitness_balanced": 31.431202718336916,
            "gains": [
                -60.0,
                88,
                6,
                5.800000000000233,
                70.00000000000028,
                -10.0,
                11.80000000000023,
                30.40000000000026
            ],
            "wins": [
                false,
                true,
                true,
                true,
                true,
                false,
                true,
                true
            ]
        },
        {
            "gain": 142.00000000000102,
            "fitness": 59.95338984082905,
            "fitness_balanced": 31.431202718336916,
            "gains": [
                -60.0,
                88,
                6,
                5.800000000000233,
                70.00000000000028,
                -10.0,
                11.80000000000023,
                30.40000000000026
            ],
            "wins": [
                false,
                true,
                true,
                true,
                true,
                false,
                true,
                true
            ]
        },
        {
            "gain": 142.00000000000102,
            "fitness": 59.95338984082905,
            "fitness_balanced": 31.431202718336916,
            "gains": [
                -60.0,
                88,
                6,
                5.800000000000233,
                70.00000000000028,
                -10.0,
                11.80000000000023,
                30.40000000000026
            ],
            "wins": [
                false,
                true,
                true,
                true,
                true,
                false,
                true,
                true
            ]
        },
        {
            "gain": 142.00000000000102,
            "fitness": 59.95338984082905,
            "fitness_balanced": 31.431202718336916,
            "gains": [
                -60.0,
                88,
                6,
                5.800000000000233,
                70.00000000000028,
                -10.0,
                11.80000000000023,
                30.40000000000026
            ],
            "wins": [
                false,
                true,
                true,
                true,
                true,
                false,
                true,
                true
            ]
        },
        {
            "gain": 142.00000000000102,
            "fitness": 59.95338984082905,
            "fitness_balanced": 31.431202718336916,
            "gains": [
                -60.0,
                88,
                6,
                5.800000000000233,
                70.00000000000028,
                -10.0,
                11.80000000000023,
                30.40000000000026
            ],
            "wins": [
                false,
                true,
                true,
                true,
                true,
                false,
                true,
                true
            ]
        }
    ]
}