{
    "gen": 29,
    "enemies": [
        3
    ],
    "results": [
        {
            "gain": -12.8,
            "fitness": 61.89761499598721,
            "fitness_balanced": 38.64562995920265,
            "wins": [
                0.2
            ]
        }
    ]
}