{
    "gen": 29,
    "enemies": [
        1,
        2,
        3,
        4,
        5,
        6,
        7,
        8
    ],
    "results": [
        {
            "gain": -244.3999999999998,
            "fitness": 11.256687336948058,
            "fitness_balanced": -1.350418798702183,
            "gains": [
                -50.0,
                -40.0,
                66,
                -70.0,
                79.6000000000002,
                -90.0,
                -80.0,
                -60.0
            ],
            "wins": [
                false,
                false,
                true,
                false,
                true,
                false,
                false,
                false
            ]
        },
        {
            "gain": -244.3999999999998,
            "fitness": 11.256687336948058,
            "fitness_balanced": -1.350418798702183,
            "gains": [
                -50.0,
                -40.0,
                66,
                -70.0,
                79.6000000000002,
                -90.0,
                -80.0,
                -60.0
            ],
            "wins": [
                false,
                false,
                true,
                false,
                true,
                false,
                false,
                false
            ]
        },
        {
            "gain": -244.3999999999998,
            "fitness": 11.256687336948058,
            "fitness_balanced": -1.350418798702183,
            "gains": [
                -50.0,
                -40.0,
                66,
                -70.0,
                79.6000000000002,
                -90.0,
                -80.0,
                -60.0
            ],
            "wins": [
                false,
                false,
                true,
                false,
                true,
                false,
                false,
                false
            ]
        },
        {
            "gain": -244.3999999999998,
            "fitness": 11.256687336948058,
            "fitness_balanced": -1.350418798702183,
            "gains": [
                -50.0,
                -40.0,
                66,
                -70.0,
                79.6000000000002,
                -90.0,
                -80.0,
                -60.0
            ],
            "wins": [
                false,
                false,
                true,
                false,
                true,
                false,
                false,
                false
            ]
        },
        {
            "gain": -244.3999999999998,
            "fitness": 11.256687336948058,
            "fitness_balanced": -1.350418798702183,
            "gains": [
                -50.0,
                -40.0,
                66,
                -70.0,
                79.6000000000002,
                -90.0,
                -80.0,
                -60.0
            ],
            "wins": [
                false,
                false,
                true,
                false,
                true,
                false,
                false,
                false
            ]
        }
    ]
}