{
    "gen": 29,
    "enemies": [
        4
    ],
    "results": [
        {
            "gain": 59.20000000000033,
            "fitness": 89.3269554658576,
            "fitness_balanced": 73.00558654025039,
            "wins": [
                true
            ]
        }
    ]
}