{
    "gen": 29,
    "enemies": [
        8
    ],
    "results": [
        {
            "gain": 85.60000000000014,
            "fitness": 93.21289246928255,
            "fitness_balanced": 87.448141866524,
            "wins": [
                true
            ]
        }
    ]
}