{
    "gen": 29,
    "enemies": [
        6
    ],
    "results": [
        {
            "gain": -22.639999999999848,
            "fitness": 50.97083880910427,
            "fitness_balanced": 66.5947715419693,
            "wins": [
                0.6
            ]
        }
    ]
}