{
    "gen": 29,
    "enemies": [
        2
    ],
    "results": [
        {
            "gain": 76.8,
            "fitness": 92.1820675745645,
            "fitness_balanced": 78.43547959267731,
            "wins": [
                1.0
            ]
        }
    ]
}