{
    "gen": 29,
    "enemies": [
        1,
        2,
        3,
        4,
        5,
        6,
        7,
        8
    ],
    "results": [
        {
            "gain": -335.59999999999957,
            "fitness": 2.759992145550868,
            "fitness_balanced": -4.662547600920082,
            "gains": [
                -100,
                -60.0,
                -40.0,
                -50.0,
                19.000000000000234,
                -80.0,
                -100,
                75.40000000000023
            ],
            "wins": [
                false,
                false,
                false,
                false,
                true,
                false,
                false,
                true
            ]
        },
        {
            "gain": -335.59999999999957,
            "fitness": 2.759992145550868,
            "fitness_balanced": -4.662547600920082,
            "gains": [
                -100,
                -60.0,
                -40.0,
                -50.0,
                19.000000000000234,
                -80.0,
                -100,
                75.40000000000023
            ],
            "wins": [
                false,
                false,
                false,
                false,
                true,
                false,
                false,
                true
            ]
        },
        {
            "gain": -335.59999999999957,
            "fitness": 2.759992145550868,
            "fitness_balanced": -4.662547600920082,
            "gains": [
                -100,
                -60.0,
                -40.0,
                -50.0,
                19.000000000000234,
                -80.0,
                -100,
                75.40000000000023
            ],
            "wins": [
                false,
                false,
                false,
                false,
                true,
                false,
                false,
                true
            ]
        },
        {
            "gain": -335.59999999999957,
            "fitness": 2.759992145550868,
            "fitness_balanced": -4.662547600920082,
            "gains": [
                -100,
                -60.0,
                -40.0,
                -50.0,
                19.000000000000234,
                -80.0,
                -100,
                75.40000000000023
            ],
            "wins": [
                false,
                false,
                false,
                false,
                true,
                false,
                false,
                true
            ]
        },
        {
            "gain": -335.59999999999957,
            "fitness": 2.759992145550868,
            "fitness_balanced": -4.662547600920082,
            "gains": [
                -100,
                -60.0,
                -40.0,
                -50.0,
                19.000000000000234,
                -80.0,
                -100,
                75.40000000000023
            ],
            "wins": [
                false,
                false,
                false,
                false,
                true,
                false,
                false,
                true
            ]
        }
    ]
}