{
    "gen": 29,
    "enemies": [
        1
    ],
    "results": [
        {
            "gain": -10.0,
            "fitness": 75.01354799471557,
            "fitness_balanced": 39.011038583110135,
            "wins": [
                false
            ]
        }
    ]
}