{
    "gen": 29,
    "enemies": [
        1,
        2,
        3,
        4,
        5,
        6,
        7,
        8
    ],
    "results": [
        {
            "gain": -315.59999999999985,
            "fitness": -2.577114321613543,
            "fitness_balanced": 9.091917061831069,
            "gains": [
                -50.0,
                -70.0,
                70,
                -80.0,
                84.40000000000015,
                -100,
                -100,
                -70.0
            ],
            "wins": [
                false,
                false,
                true,
                false,
                true,
                false,
                false,
                false
            ]
        },
        {
            "gain": -315.59999999999985,
            "fitness": -2.577114321613543,
            "fitness_balanced": 9.091917061831069,
            "gains": [
                -50.0,
                -70.0,
                70,
                -80.0,
                84.40000000000015,
                -100,
                -100,
                -70.0
            ],
            "wins": [
                false,
                false,
                true,
                false,
                true,
                false,
                false,
                false
            ]
        },
        {
            "gain": -315.59999999999985,
            "fitness": -2.577114321613543,
            "fitness_balanced": 9.091917061831069,
            "gains": [
                -50.0,
                -70.0,
                70,
                -80.0,
                84.40000000000015,
                -100,
                -100,
                -70.0
            ],
            "wins": [
                false,
                false,
                true,
                false,
                true,
                false,
                false,
                false
            ]
        },
        {
            "gain": -315.59999999999985,
            "fitness": -2.577114321613543,
            "fitness_balanced": 9.091917061831069,
            "gains": [
                -50.0,
                -70.0,
                70,
                -80.0,
                84.40000000000015,
                -100,
                -100,
                -70.0
            ],
            "wins": [
                false,
                false,
                true,
                false,
                true,
                false,
                false,
                false
            ]
        },
        {
            "gain": -315.59999999999985,
            "fitness": -2.577114321613543,
            "fitness_balanced": 9.091917061831069,
            "gains": [
                -50.0,
                -70.0,
                70,
                -80.0,
                84.40000000000015,
                -100,
                -100,
                -70.0
            ],
            "wins": [
                false,
                false,
                true,
                false,
                true,
                false,
                false,
                false
            ]
        }
    ]
}