{
    "gen": 29,
    "enemies": [
        4
    ],
    "results": [
        {
            "gain": 50.80000000000031,
            "fitness": 88.0025019464308,
            "fitness_balanced": 68.32165842044247,
            "wins": [
                true
            ]
        }
    ]
}