{
    "gen": 19,
    "enemies": [
        6
    ],
    "results": [
        {
            "gain": -50.0,
            "fitness": 39.6109282701835,
            "fitness_balanced": 19.606372453647637,
            "wins": [
                false
            ]
        }
    ]
}