{
    "gen": 29,
    "enemies": [
        5
    ],
    "results": [
        {
            "gain": 70.75000000000014,
            "fitness": 91.60822882423327,
            "fitness_balanced": 88.65289246928259,
            "wins": [
                1.0
            ]
        }
    ]
}