{
    "gen": 29,
    "enemies": [
        1,
        2,
        3,
        4,
        5,
        6,
        7,
        8
    ],
    "results": [
        {
            "gain": -171.59999999999997,
            "fitness": 16.5693123690155,
            "fitness_balanced": 1.2147629374062916,
            "gains": [
                -40.0,
                72,
                -60.0,
                -90.0,
                96.40000000000003,
                -80.0,
                -20.0,
                -50.0
            ],
            "wins": [
                false,
                true,
                false,
                false,
                true,
                false,
                false,
                false
            ]
        },
        {
            "gain": -171.59999999999997,
            "fitness": 16.5693123690155,
            "fitness_balanced": 1.2147629374062916,
            "gains": [
                -40.0,
                72,
                -60.0,
                -90.0,
                96.40000000000003,
                -80.0,
                -20.0,
                -50.0
            ],
            "wins": [
                false,
                true,
                false,
                false,
                true,
                false,
                false,
                false
            ]
        },
        {
            "gain": -171.59999999999997,
            "fitness": 16.5693123690155,
            "fitness_balanced": 1.2147629374062916,
            "gains": [
                -40.0,
                72,
                -60.0,
                -90.0,
                96.40000000000003,
                -80.0,
                -20.0,
                -50.0
            ],
            "wins": [
                false,
                true,
                false,
                false,
                true,
                false,
                false,
                false
            ]
        },
        {
            "gain": -171.59999999999997,
            "fitness": 16.5693123690155,
            "fitness_balanced": 1.2147629374062916,
            "gains": [
                -40.0,
                72,
                -60.0,
                -90.0,
                96.40000000000003,
                -80.0,
                -20.0,
                -50.0
            ],
            "wins": [
                false,
                true,
                false,
                false,
                true,
                false,
                false,
                false
            ]
        },
        {
            "gain": -171.59999999999997,
            "fitness": 16.5693123690155,
            "fitness_balanced": 1.2147629374062916,
            "gains": [
                -40.0,
                72,
                -60.0,
                -90.0,
                96.40000000000003,
                -80.0,
                -20.0,
                -50.0
            ],
            "wins": [
                false,
                true,
                false,
                false,
                true,
                false,
                false,
                false
            ]
        }
    ]
}