{
    "gen": 29,
    "enemies": [
        7
    ],
    "results": [
        {
            "gain": 10.600000000000156,
            "fitness": 69.3505656841349,
            "fitness_balanced": 79.34341372532813,
            "wins": [
                0.6
            ]
        }
    ]
}