{
    "gen": 29,
    "enemies": [
        1,
        2,
        3,
        4,
        5,
        6,
        7,
        8
    ],
    "results": [
        {
            "gain": -348.9999999999998,
            "fitness": -2.724194691993631,
            "fitness_balanced": -9.12433692672164,
            "gains": [
                -80.0,
                -60.0,
                52,
                -70.0,
                79.0000000000002,
                -90.0,
                -90.0,
                -90.0
            ],
            "wins": [
                false,
                false,
                true,
                false,
                true,
                false,
                false,
                false
            ]
        },
        {
            "gain": -348.9999999999998,
            "fitness": -2.724194691993631,
            "fitness_balanced": -9.12433692672164,
            "gains": [
                -80.0,
                -60.0,
                52,
                -70.0,
                79.0000000000002,
                -90.0,
                -90.0,
                -90.0
            ],
            "wins": [
                false,
                false,
                true,
                false,
                true,
                false,
                false,
                false
            ]
        },
        {
            "gain": -348.9999999999998,
            "fitness": -2.724194691993631,
            "fitness_balanced": -9.12433692672164,
            "gains": [
                -80.0,
                -60.0,
                52,
                -70.0,
                79.0000000000002,
                -90.0,
                -90.0,
                -90.0
            ],
            "wins": [
                false,
                false,
                true,
                false,
                true,
                false,
                false,
                false
            ]
        },
        {
            "gain": -348.9999999999998,
            "fitness": -2.724194691993631,
            "fitness_balanced": -9.12433692672164,
            "gains": [
                -80.0,
                -60.0,
                52,
                -70.0,
                79.0000000000002,
                -90.0,
                -90.0,
                -90.0
            ],
            "wins": [
                false,
                false,
                true,
                false,
                true,
                false,
                false,
                false
            ]
        },
        {
            "gain": -348.9999999999998,
            "fitness": -2.724194691993631,
            "fitness_balanced": -9.12433692672164,
            "gains": [
                -80.0,
                -60.0,
                52,
                -70.0,
                79.0000000000002,
                -90.0,
                -90.0,
                -90.0
            ],
            "wins": [
                false,
                false,
                true,
                false,
                true,
                false,
                false,
                false
            ]
        }
    ]
}