{
    "gen": 29,
    "enemies": [
        1,
        2,
        3,
        4,
        5,
        6,
        7,
        8
    ],
    "results": [
        {
            "gain": -365.5999999999997,
            "fitness": 2.435017859061432,
            "fitness_balanced": 38.5718947273154,
            "gains": [
                -90.0,
                -70.0,
                -50.0,
                54.40000000000032,
                -10.0,
                -100,
                -90.0,
                -10.0
            ],
            "wins": [
                false,
                false,
                false,
                true,
                false,
                false,
                false,
                false
            ]
        },
        {
            "gain": -365.5999999999997,
            "fitness": 2.435017859061432,
            "fitness_balanced": 38.5718947273154,
            "gains": [
                -90.0,
                -70.0,
                -50.0,
                54.40000000000032,
                -10.0,
                -100,
                -90.0,
                -10.0
            ],
            "wins": [
                false,
                false,
                false,
                true,
                false,
                false,
                false,
                false
            ]
        },
        {
            "gain": -365.5999999999997,
            "fitness": 2.435017859061432,
            "fitness_balanced": 38.5718947273154,
            "gains": [
                -90.0,
                -70.0,
                -50.0,
                54.40000000000032,
                -10.0,
                -100,
                -90.0,
                -10.0
            ],
            "wins": [
                false,
                false,
                false,
                true,
                false,
                false,
                false,
                false
            ]
        },
        {
            "gain": -365.5999999999997,
            "fitness": 2.435017859061432,
            "fitness_balanced": 38.5718947273154,
            "gains": [
                -90.0,
                -70.0,
                -50.0,
                54.40000000000032,
                -10.0,
                -100,
                -90.0,
                -10.0
            ],
            "wins": [
                false,
                false,
                false,
                true,
                false,
                false,
                false,
                false
            ]
        },
        {
            "gain": -365.5999999999997,
            "fitness": 2.435017859061432,
            "fitness_balanced": 38.5718947273154,
            "gains": [
                -90.0,
                -70.0,
                -50.0,
                54.40000000000032,
                -10.0,
                -100,
                -90.0,
                -10.0
            ],
            "wins": [
                false,
                false,
                false,
                true,
                false,
                false,
                false,
                false
            ]
        }
    ]
}