{
    "gen": 29,
    "enemies": [
        5
    ],
    "results": [
        {
            "gain": 38.100000000000186,
            "fitness": 67.8768022623898,
            "fitness_balanced": 84.98957298262522,
            "wins": [
                0.75
            ]
        }
    ]
}