{
    "gen": 29,
    "enemies": [
        5
    ],
    "results": [
        {
            "gain": 65.20000000000016,
            "fitness": 90.84429788427286,
            "fitness_balanced": 83.87959913428296,
            "wins": [
                1.0
            ]
        }
    ]
}