{
    "gen": 29,
    "enemies": [
        1,
        2,
        3,
        4,
        5,
        6,
        7,
        8
    ],
    "results": [
        {
            "gain": -290.1999999999997,
            "fitness": 5.356170623810591,
            "fitness_balanced": -4.485098877133179,
            "gains": [
                -70.0,
                88,
                -90.0,
                -70.0,
                41.80000000000029,
                -80.0,
                -30.0,
                -80.0
            ],
            "wins": [
                false,
                true,
                false,
                false,
                true,
                false,
                false,
                false
            ]
        },
        {
            "gain": -290.1999999999997,
            "fitness": 5.356170623810591,
            "fitness_balanced": -4.485098877133179,
            "gains": [
                -70.0,
                88,
                -90.0,
                -70.0,
                41.80000000000029,
                -80.0,
                -30.0,
                -80.0
            ],
            "wins": [
                false,
                true,
                false,
                false,
                true,
                false,
                false,
                false
            ]
        },
        {
            "gain": -290.1999999999997,
            "fitness": 5.356170623810591,
            "fitness_balanced": -4.485098877133179,
            "gains": [
                -70.0,
                88,
                -90.0,
                -70.0,
                41.80000000000029,
                -80.0,
                -30.0,
                -80.0
            ],
            "wins": [
                false,
                true,
                false,
                false,
                true,
                false,
                false,
                false
            ]
        },
        {
            "gain": -290.1999999999997,
            "fitness": 5.356170623810591,
            "fitness_balanced": -4.485098877133179,
            "gains": [
                -70.0,
                88,
                -90.0,
                -70.0,
                41.80000000000029,
                -80.0,
                -30.0,
                -80.0
            ],
            "wins": [
                false,
                true,
                false,
                false,
                true,
                false,
                false,
                false
            ]
        },
        {
            "gain": -290.1999999999997,
            "fitness": 5.356170623810591,
            "fitness_balanced": -4.485098877133179,
            "gains": [
                -70.0,
                88,
                -90.0,
                -70.0,
                41.80000000000029,
                -80.0,
                -30.0,
                -80.0
            ],
            "wins": [
                false,
                true,
                false,
                false,
                true,
                false,
                false,
                false
            ]
        }
    ]
}