{
    "gen": 29,
    "enemies": [
        2
    ],
    "results": [
        {
            "gain": 79.6,
            "fitness": 92.40931521330255,
            "fitness_balanced": 81.31982739098294,
            "wins": [
                1.0
            ]
        }
    ]
}