{
    "gen": 29,
    "enemies": [
        6
    ],
    "results": [
        {
            "gain": -48.0,
            "fitness": 41.52132364414811,
            "fitness_balanced": 24.55326262833369,
            "wins": [
                0.0
            ]
        }
    ]
}