{
    "gen": 29,
    "enemies": [
        4
    ],
    "results": [
        {
            "gain": -17.59999999999991,
            "fitness": 43.55298364745393,
            "fitness_balanced": 79.55621026685246,
            "wins": [
                0.4
            ]
        }
    ]
}