{
    "gen": 29,
    "enemies": [
        1,
        2,
        3,
        4,
        5,
        6,
        7,
        8
    ],
    "results": [
        {
            "gain": -124.59999999999948,
            "fitness": 15.018450412734396,
            "fitness_balanced": 9.540414485855841,
            "gains": [
                -70.0,
                70,
                -50.0,
                -70.0,
                64.60000000000034,
                -80.0,
                80.80000000000018,
                -70.0
            ],
            "wins": [
                false,
                true,
                false,
                false,
                true,
                false,
                true,
                false
            ]
        },
        {
            "gain": -124.59999999999948,
            "fitness": 15.018450412734396,
            "fitness_balanced": 9.540414485855841,
            "gains": [
                -70.0,
                70,
                -50.0,
                -70.0,
                64.60000000000034,
                -80.0,
                80.80000000000018,
                -70.0
            ],
            "wins": [
                false,
                true,
                false,
                false,
                true,
                false,
                true,
                false
            ]
        },
        {
            "gain": -124.59999999999948,
            "fitness": 15.018450412734396,
            "fitness_balanced": 9.540414485855841,
            "gains": [
                -70.0,
                70,
                -50.0,
                -70.0,
                64.60000000000034,
                -80.0,
                80.80000000000018,
                -70.0
            ],
            "wins": [
                false,
                true,
                false,
                false,
                true,
                false,
                true,
                false
            ]
        },
        {
            "gain": -124.59999999999948,
            "fitness": 15.018450412734396,
            "fitness_balanced": 9.540414485855841,
            "gains": [
                -70.0,
                70,
                -50.0,
                -70.0,
                64.60000000000034,
                -80.0,
                80.80000000000018,
                -70.0
            ],
            "wins": [
                false,
                true,
                false,
                false,
                true,
                false,
                true,
                false
            ]
        },
        {
            "gain": -124.59999999999948,
            "fitness": 15.018450412734396,
            "fitness_balanced": 9.540414485855841,
            "gains": [
                -70.0,
                70,
                -50.0,
                -70.0,
                64.60000000000034,
                -80.0,
                80.80000000000018,
                -70.0
            ],
            "wins": [
                false,
                true,
                false,
                false,
                true,
                false,
                true,
                false
            ]
        }
    ]
}