{
    "gen": 29,
    "enemies": [
        8
    ],
    "results": [
        {
            "gain": 77.80000000000021,
            "fitness": 91.90506926914799,
            "fitness_balanced": 83.02226421822047,
            "wins": [
                true
            ]
        }
    ]
}