{
    "gen": 29,
    "enemies": [
        8
    ],
    "results": [
        {
            "gain": 70.12000000000027,
            "fitness": 91.01540082249262,
            "fitness_balanced": 83.02226421822047,
            "wins": [
                1.0
            ]
        }
    ]
}