{
    "gen": 14,
    "enemies": [
        5
    ],
    "results": [
        {
            "gain": 87.40000000000012,
            "fitness": 93.11598249381267,
            "fitness_balanced": 88.07237888630942,
            "wins": [
                true
            ]
        }
    ]
}