{
    "gen": 29,
    "enemies": [
        1,
        2,
        3,
        4,
        5,
        6,
        7,
        8
    ],
    "results": [
        {
            "gain": -162.1999999999992,
            "fitness": 22.214283366294502,
            "fitness_balanced": 57.556455582968766,
            "gains": [
                -100,
                -20.0,
                -50.0,
                -80.0,
                40.000000000000284,
                -10.0,
                31.000000000000263,
                26.800000000000253
            ],
            "wins": [
                false,
                false,
                false,
                false,
                true,
                false,
                true,
                true
            ]
        },
        {
            "gain": -162.1999999999992,
            "fitness": 22.214283366294502,
            "fitness_balanced": 57.556455582968766,
            "gains": [
                -100,
                -20.0,
                -50.0,
                -80.0,
                40.000000000000284,
                -10.0,
                31.000000000000263,
                26.800000000000253
            ],
            "wins": [
                false,
                false,
                false,
                false,
                true,
                false,
                true,
                true
            ]
        },
        {
            "gain": -162.1999999999992,
            "fitness": 22.214283366294502,
            "fitness_balanced": 57.556455582968766,
            "gains": [
                -100,
                -20.0,
                -50.0,
                -80.0,
                40.000000000000284,
                -10.0,
                31.000000000000263,
                26.800000000000253
            ],
            "wins": [
                false,
                false,
                false,
                false,
                true,
                false,
                true,
                true
            ]
        },
        {
            "gain": -162.1999999999992,
            "fitness": 22.214283366294502,
            "fitness_balanced": 57.556455582968766,
            "gains": [
                -100,
                -20.0,
                -50.0,
                -80.0,
                40.000000000000284,
                -10.0,
                31.000000000000263,
                26.800000000000253
            ],
            "wins": [
                false,
                false,
                false,
                false,
                true,
                false,
                true,
                true
            ]
        },
        {
            "gain": -162.1999999999992,
            "fitness": 22.214283366294502,
            "fitness_balanced": 57.556455582968766,
            "gains": [
                -100,
                -20.0,
                -50.0,
                -80.0,
                40.000000000000284,
                -10.0,
                31.000000000000263,
                26.800000000000253
            ],
            "wins": [
                false,
                false,
                false,
                false,
                true,
                false,
                true,
                true
            ]
        }
    ]
}