{
    "gen": 29,
    "enemies": [
        1,
        2,
        3,
        4,
        5,
        6,
        7,
        8
    ],
    "results": [
        {
            "gain": -215.39999999999947,
            "fitness": 10.903365054869134,
            "fitness_balanced": 9.462665732981463,
            "gains": [
                -80.0,
                -10.0,
                -20.0,
                -70.0,
                55.60000000000032,
                -100,
                79.0000000000002,
                -70.0
            ],
            "wins": [
                false,
                false,
                false,
                false,
                true,
                false,
                true,
                false
            ]
        },
        {
            "gain": -215.39999999999947,
            "fitness": 10.903365054869134,
            "fitness_balanced": 9.462665732981463,
            "gains": [
                -80.0,
                -10.0,
                -20.0,
                -70.0,
                55.60000000000032,
                -100,
                79.0000000000002,
                -70.0
            ],
            "wins": [
                false,
                false,
                false,
                false,
                true,
                false,
                true,
                false
            ]
        },
        {
            "gain": -215.39999999999947,
            "fitness": 10.903365054869134,
            "fitness_balanced": 9.462665732981463,
            "gains": [
                -80.0,
                -10.0,
                -20.0,
                -70.0,
                55.60000000000032,
                -100,
                79.0000000000002,
                -70.0
            ],
            "wins": [
                false,
                false,
                false,
                false,
                true,
                false,
                true,
                false
            ]
        },
        {
            "gain": -215.39999999999947,
            "fitness": 10.903365054869134,
            "fitness_balanced": 9.462665732981463,
            "gains": [
                -80.0,
                -10.0,
                -20.0,
                -70.0,
                55.60000000000032,
                -100,
                79.0000000000002,
                -70.0
            ],
            "wins": [
                false,
                false,
                false,
                false,
                true,
                false,
                true,
                false
            ]
        },
        {
            "gain": -215.39999999999947,
            "fitness": 10.903365054869134,
            "fitness_balanced": 9.462665732981463,
            "gains": [
                -80.0,
                -10.0,
                -20.0,
                -70.0,
                55.60000000000032,
                -100,
                79.0000000000002,
                -70.0
            ],
            "wins": [
                false,
                false,
                false,
                false,
                true,
                false,
                true,
                false
            ]
        }
    ]
}