{
    "gen": 29,
    "enemies": [
        1,
        2,
        3,
        4,
        5,
        6,
        7,
        8
    ],
    "results": [
        {
            "gain": -83.99999999999966,
            "fitness": 14.012133497368772,
            "fitness_balanced": 4.592828228539881,
            "gains": [
                -70.0,
                72,
                -10.0,
                -90.0,
                73.00000000000026,
                -70.0,
                91.00000000000009,
                -80.0
            ],
            "wins": [
                false,
                true,
                false,
                false,
                true,
                false,
                true,
                false
            ]
        },
        {
            "gain": -83.99999999999966,
            "fitness": 14.012133497368772,
            "fitness_balanced": 4.592828228539881,
            "gains": [
                -70.0,
                72,
                -10.0,
                -90.0,
                73.00000000000026,
                -70.0,
                91.00000000000009,
                -80.0
            ],
            "wins": [
                false,
                true,
                false,
                false,
                true,
                false,
                true,
                false
            ]
        },
        {
            "gain": -83.99999999999966,
            "fitness": 14.012133497368772,
            "fitness_balanced": 4.592828228539881,
            "gains": [
                -70.0,
                72,
                -10.0,
                -90.0,
                73.00000000000026,
                -70.0,
                91.00000000000009,
                -80.0
            ],
            "wins": [
                false,
                true,
                false,
                false,
                true,
                false,
                true,
                false
            ]
        },
        {
            "gain": -83.99999999999966,
            "fitness": 14.012133497368772,
            "fitness_balanced": 4.592828228539881,
            "gains": [
                -70.0,
                72,
                -10.0,
                -90.0,
                73.00000000000026,
                -70.0,
                91.00000000000009,
                -80.0
            ],
            "wins": [
                false,
                true,
                false,
                false,
                true,
                false,
                true,
                false
            ]
        },
        {
            "gain": -83.99999999999966,
            "fitness": 14.012133497368772,
            "fitness_balanced": 4.592828228539881,
            "gains": [
                -70.0,
                72,
                -10.0,
                -90.0,
                73.00000000000026,
                -70.0,
                91.00000000000009,
                -80.0
            ],
            "wins": [
                false,
                true,
                false,
                false,
                true,
                false,
                true,
                false
            ]
        }
    ]
}