{
    "experiment_name": "[7, 8]_2_enemies_e_f-rank",
    "enemies": [
        7,
        8
    ],
    "n_hidden_neurons": 10,
    "domain_upper": 1,
    "domain_lower": -1,
    "pop_size": 100,
    "gens": 1000,
    "mutation_rate": 0.2,
    "normalization_method": "default",
    "fitness_method": "rank",
    "pick_parent_method": "multinomial",
    "survivor_method": "multinomial",
    "headless": true,
    "multi_ini": false,
    "randomini": "no",
    "crossover_method": "none",
    "mutation_type": "stochastic_decaying",
    "start_new": true,
    "exploration_island": true,
    "exploration_gens": 15,
    "gen": 999,
    "best_default": 90.92814186652396,
    "mean_default": 90.05078025713426,
    "std_default": 1.7295253388173142,
    "Q5_default": 85.7398282285399,
    "Q95_default": 90.92814186652396,
    "best_balanced": 76.04341372532816,
    "mean_balanced": 71.70970535652253,
    "std_balanced": 8.573007773644784,
    "Q5_balanced": 50.323353948145076,
    "Q95_balanced": 76.04341372532815,
    "best_default_explore": 89.6666105112725,
    "mean_default_explore": 81.9446037003795,
    "std_default_explore": 13.382022916341162,
    "Q5_default_explore": 52.323901179372854,
    "Q95_default_explore": 89.65356122494231,
    "best_balanced_explore": 70.81936107665817,
    "mean_balanced_explore": 61.685926267189416,
    "std_balanced_explore": 11.570610550303298,
    "Q5_balanced_explore": 44.193210894498336,
    "Q95_balanced_explore": 70.46266573298162
}