{
    "gen": 29,
    "enemies": [
        1,
        2,
        3,
        4,
        5,
        6,
        7,
        8
    ],
    "results": [
        {
            "gain": -315.99999999999994,
            "fitness": 10.117640469446087,
            "fitness_balanced": 38.5292004962174,
            "gains": [
                -60.0,
                -40.0,
                -80.0,
                -60.0,
                94.00000000000006,
                -90.0,
                -70.0,
                -10.0
            ],
            "wins": [
                false,
                false,
                false,
                false,
                true,
                false,
                false,
                false
            ]
        },
        {
            "gain": -315.99999999999994,
            "fitness": 10.117640469446087,
            "fitness_balanced": 38.5292004962174,
            "gains": [
                -60.0,
                -40.0,
                -80.0,
                -60.0,
                94.00000000000006,
                -90.0,
                -70.0,
                -10.0
            ],
            "wins": [
                false,
                false,
                false,
                false,
                true,
                false,
                false,
                false
            ]
        },
        {
            "gain": -315.99999999999994,
            "fitness": 10.117640469446087,
            "fitness_balanced": 38.5292004962174,
            "gains": [
                -60.0,
                -40.0,
                -80.0,
                -60.0,
                94.00000000000006,
                -90.0,
                -70.0,
                -10.0
            ],
            "wins": [
                false,
                false,
                false,
                false,
                true,
                false,
                false,
                false
            ]
        },
        {
            "gain": -315.99999999999994,
            "fitness": 10.117640469446087,
            "fitness_balanced": 38.5292004962174,
            "gains": [
                -60.0,
                -40.0,
                -80.0,
                -60.0,
                94.00000000000006,
                -90.0,
                -70.0,
                -10.0
            ],
            "wins": [
                false,
                false,
                false,
                false,
                true,
                false,
                false,
                false
            ]
        },
        {
            "gain": -315.99999999999994,
            "fitness": 10.117640469446087,
            "fitness_balanced": 38.5292004962174,
            "gains": [
                -60.0,
                -40.0,
                -80.0,
                -60.0,
                94.00000000000006,
                -90.0,
                -70.0,
                -10.0
            ],
            "wins": [
                false,
                false,
                false,
                false,
                true,
                false,
                false,
                false
            ]
        }
    ]
}