{
    "gen": 29,
    "enemies": [
        5
    ],
    "results": [
        {
            "gain": 80.65000000000018,
            "fitness": 92.53544554686665,
            "fitness_balanced": 88.0687882181787,
            "wins": [
                1.0
            ]
        }
    ]
}