{
    "gen": 29,
    "enemies": [
        1,
        2,
        3,
        4,
        5,
        6,
        7,
        8
    ],
    "results": [
        {
            "gain": -290.3999999999995,
            "fitness": 11.861795595129433,
            "fitness_balanced": 38.87970258104905,
            "gains": [
                -30.0,
                -40.0,
                -90.0,
                76.00000000000023,
                -26.39999999999977,
                -90.0,
                -80.0,
                -10.0
            ],
            "wins": [
                false,
                false,
                false,
                true,
                false,
                false,
                false,
                false
            ]
        },
        {
            "gain": -290.3999999999995,
            "fitness": 11.861795595129433,
            "fitness_balanced": 38.87970258104905,
            "gains": [
                -30.0,
                -40.0,
                -90.0,
                76.00000000000023,
                -26.39999999999977,
                -90.0,
                -80.0,
                -10.0
            ],
            "wins": [
                false,
                false,
                false,
                true,
                false,
                false,
                false,
                false
            ]
        },
        {
            "gain": -290.3999999999995,
            "fitness": 11.861795595129433,
            "fitness_balanced": 38.87970258104905,
            "gains": [
                -30.0,
                -40.0,
                -90.0,
                76.00000000000023,
                -26.39999999999977,
                -90.0,
                -80.0,
                -10.0
            ],
            "wins": [
                false,
                false,
                false,
                true,
                false,
                false,
                false,
                false
            ]
        },
        {
            "gain": -290.3999999999995,
            "fitness": 11.861795595129433,
            "fitness_balanced": 38.87970258104905,
            "gains": [
                -30.0,
                -40.0,
                -90.0,
                76.00000000000023,
                -26.39999999999977,
                -90.0,
                -80.0,
                -10.0
            ],
            "wins": [
                false,
                false,
                false,
                true,
                false,
                false,
                false,
                false
            ]
        },
        {
            "gain": -290.3999999999995,
            "fitness": 11.861795595129433,
            "fitness_balanced": 38.87970258104905,
            "gains": [
                -30.0,
                -40.0,
                -90.0,
                76.00000000000023,
                -26.39999999999977,
                -90.0,
                -80.0,
                -10.0
            ],
            "wins": [
                false,
                false,
                false,
                true,
                false,
                false,
                false,
                false
            ]
        }
    ]
}