{
    "gen": 29,
    "enemies": [
        7
    ],
    "results": [
        {
            "gain": -19.679999999999875,
            "fitness": 50.45435286240767,
            "fitness_balanced": 66.38957298262528,
            "wins": [
                0.4
            ]
        }
    ]
}