{
    "gen": 29,
    "enemies": [
        7
    ],
    "results": [
        {
            "gain": 5.88000000000017,
            "fitness": 70.8187062737592,
            "fitness_balanced": 68.59173230259894,
            "wins": [
                0.6
            ]
        }
    ]
}