{
    "gen": 29,
    "enemies": [
        3
    ],
    "results": [
        {
            "gain": -1.6,
            "fitness": 71.03565803444184,
            "fitness_balanced": 38.6421577334919,
            "wins": [
                0.2
            ]
        }
    ]
}