{
    "gen": 29,
    "enemies": [
        1,
        2,
        3,
        4,
        5,
        6,
        7,
        8
    ],
    "results": [
        {
            "gain": -318.1999999999997,
            "fitness": 0.6814191009919526,
            "fitness_balanced": -6.628263355600147,
            "gains": [
                -70.0,
                -50.0,
                72,
                -60.0,
                59.80000000000033,
                -100,
                -100,
                -70.0
            ],
            "wins": [
                false,
                false,
                true,
                false,
                true,
                false,
                false,
                false
            ]
        },
        {
            "gain": -318.1999999999997,
            "fitness": 0.6814191009919526,
            "fitness_balanced": -6.628263355600147,
            "gains": [
                -70.0,
                -50.0,
                72,
                -60.0,
                59.80000000000033,
                -100,
                -100,
                -70.0
            ],
            "wins": [
                false,
                false,
                true,
                false,
                true,
                false,
                false,
                false
            ]
        },
        {
            "gain": -318.1999999999997,
            "fitness": 0.6814191009919526,
            "fitness_balanced": -6.628263355600147,
            "gains": [
                -70.0,
                -50.0,
                72,
                -60.0,
                59.80000000000033,
                -100,
                -100,
                -70.0
            ],
            "wins": [
                false,
                false,
                true,
                false,
                true,
                false,
                false,
                false
            ]
        },
        {
            "gain": -318.1999999999997,
            "fitness": 0.6814191009919526,
            "fitness_balanced": -6.628263355600147,
            "gains": [
                -70.0,
                -50.0,
                72,
                -60.0,
                59.80000000000033,
                -100,
                -100,
                -70.0
            ],
            "wins": [
                false,
                false,
                true,
                false,
                true,
                false,
                false,
                false
            ]
        },
        {
            "gain": -318.1999999999997,
            "fitness": 0.6814191009919526,
            "fitness_balanced": -6.628263355600147,
            "gains": [
                -70.0,
                -50.0,
                72,
                -60.0,
                59.80000000000033,
                -100,
                -100,
                -70.0
            ],
            "wins": [
                false,
                false,
                true,
                false,
                true,
                false,
                false,
                false
            ]
        }
    ]
}