{
    "gen": 29,
    "enemies": [
        2
    ],
    "results": [
        {
            "gain": 80.0,
            "fitness": 92.93503509878977,
            "fitness_balanced": 84.92482618476618,
            "wins": [
                1.0
            ]
        }
    ]
}