{
    "gen": 29,
    "enemies": [
        1,
        2,
        3,
        4,
        5,
        6,
        7,
        8
    ],
    "results": [
        {
            "gain": -421.39999999999964,
            "fitness": 4.598937405940077,
            "fitness_balanced": 4.657665748035189,
            "gains": [
                -80.0,
                -30.0,
                -60.0,
                -70.0,
                58.60000000000033,
                -80.0,
                -80.0,
                -80.0
            ],
            "wins": [
                false,
                false,
                false,
                false,
                true,
                false,
                false,
                false
            ]
        },
        {
            "gain": -421.39999999999964,
            "fitness": 4.598937405940077,
            "fitness_balanced": 4.657665748035189,
            "gains": [
                -80.0,
                -30.0,
                -60.0,
                -70.0,
                58.60000000000033,
                -80.0,
                -80.0,
                -80.0
            ],
            "wins": [
                false,
                false,
                false,
                false,
                true,
                false,
                false,
                false
            ]
        },
        {
            "gain": -421.39999999999964,
            "fitness": 4.598937405940077,
            "fitness_balanced": 4.657665748035189,
            "gains": [
                -80.0,
                -30.0,
                -60.0,
                -70.0,
                58.60000000000033,
                -80.0,
                -80.0,
                -80.0
            ],
            "wins": [
                false,
                false,
                false,
                false,
                true,
                false,
                false,
                false
            ]
        },
        {
            "gain": -421.39999999999964,
            "fitness": 4.598937405940077,
            "fitness_balanced": 4.657665748035189,
            "gains": [
                -80.0,
                -30.0,
                -60.0,
                -70.0,
                58.60000000000033,
                -80.0,
                -80.0,
                -80.0
            ],
            "wins": [
                false,
                false,
                false,
                false,
                true,
                false,
                false,
                false
            ]
        },
        {
            "gain": -421.39999999999964,
            "fitness": 4.598937405940077,
            "fitness_balanced": 4.657665748035189,
            "gains": [
                -80.0,
                -30.0,
                -60.0,
                -70.0,
                58.60000000000033,
                -80.0,
                -80.0,
                -80.0
            ],
            "wins": [
                false,
                false,
                false,
                false,
                true,
                false,
                false,
                false
            ]
        }
    ]
}