{
    "gen": 29,
    "enemies": [
        3
    ],
    "results": [
        {
            "gain": 25.2,
            "fitness": 80.21298559917652,
            "fitness_balanced": 78.07041085661011,
            "wins": [
                0.6
            ]
        }
    ]
}