{
    "gen": 29,
    "enemies": [
        1,
        2,
        3,
        4,
        5,
        6,
        7,
        8
    ],
    "results": [
        {
            "gain": -283.39999999999986,
            "fitness": 2.7671805165009857,
            "fitness_balanced": -6.6783982022203645,
            "gains": [
                -70.0,
                -50.0,
                68,
                -60.0,
                88.60000000000011,
                -90.0,
                -100,
                -70.0
            ],
            "wins": [
                false,
                false,
                true,
                false,
                true,
                false,
                false,
                false
            ]
        },
        {
            "gain": -283.39999999999986,
            "fitness": 2.7671805165009857,
            "fitness_balanced": -6.6783982022203645,
            "gains": [
                -70.0,
                -50.0,
                68,
                -60.0,
                88.60000000000011,
                -90.0,
                -100,
                -70.0
            ],
            "wins": [
                false,
                false,
                true,
                false,
                true,
                false,
                false,
                false
            ]
        },
        {
            "gain": -283.39999999999986,
            "fitness": 2.7671805165009857,
            "fitness_balanced": -6.6783982022203645,
            "gains": [
                -70.0,
                -50.0,
                68,
                -60.0,
                88.60000000000011,
                -90.0,
                -100,
                -70.0
            ],
            "wins": [
                false,
                false,
                true,
                false,
                true,
                false,
                false,
                false
            ]
        },
        {
            "gain": -283.39999999999986,
            "fitness": 2.7671805165009857,
            "fitness_balanced": -6.6783982022203645,
            "gains": [
                -70.0,
                -50.0,
                68,
                -60.0,
                88.60000000000011,
                -90.0,
                -100,
                -70.0
            ],
            "wins": [
                false,
                false,
                true,
                false,
                true,
                false,
                false,
                false
            ]
        },
        {
            "gain": -283.39999999999986,
            "fitness": 2.7671805165009857,
            "fitness_balanced": -6.6783982022203645,
            "gains": [
                -70.0,
                -50.0,
                68,
                -60.0,
                88.60000000000011,
                -90.0,
                -100,
                -70.0
            ],
            "wins": [
                false,
                false,
                true,
                false,
                true,
                false,
                false,
                false
            ]
        }
    ]
}