{
    "gen": 29,
    "enemies": [
        1,
        2,
        3,
        4,
        5,
        6,
        7,
        8
    ],
    "results": [
        {
            "gain": -211.19999999999948,
            "fitness": 8.196106025148602,
            "fitness_balanced": 80.04779752022566,
            "gains": [
                -100,
                76,
                -70.0,
                -70.0,
                -48.99999999999974,
                -20.0,
                -50.0,
                71.80000000000027
            ],
            "wins": [
                false,
                true,
                false,
                false,
                false,
                false,
                false,
                true
            ]
        },
        {
            "gain": -211.19999999999948,
            "fitness": 8.196106025148602,
            "fitness_balanced": 80.04779752022566,
            "gains": [
                -100,
                76,
                -70.0,
                -70.0,
                -48.99999999999974,
                -20.0,
                -50.0,
                71.80000000000027
            ],
            "wins": [
                false,
                true,
                false,
                false,
                false,
                false,
                false,
                true
            ]
        },
        {
            "gain": -211.19999999999948,
            "fitness": 8.196106025148602,
            "fitness_balanced": 80.04779752022566,
            "gains": [
                -100,
                76,
                -70.0,
                -70.0,
                -48.99999999999974,
                -20.0,
                -50.0,
                71.80000000000027
            ],
            "wins": [
                false,
                true,
                false,
                false,
                false,
                false,
                false,
                true
            ]
        },
        {
            "gain": -211.19999999999948,
            "fitness": 8.196106025148602,
            "fitness_balanced": 80.04779752022566,
            "gains": [
                -100,
                76,
                -70.0,
                -70.0,
                -48.99999999999974,
                -20.0,
                -50.0,
                71.80000000000027
            ],
            "wins": [
                false,
                true,
                false,
                false,
                false,
                false,
                false,
                true
            ]
        },
        {
            "gain": -211.19999999999948,
            "fitness": 8.196106025148602,
            "fitness_balanced": 80.04779752022566,
            "gains": [
                -100,
                76,
                -70.0,
                -70.0,
                -48.99999999999974,
                -20.0,
                -50.0,
                71.80000000000027
            ],
            "wins": [
                false,
                true,
                false,
                false,
                false,
                false,
                false,
                true
            ]
        }
    ]
}