{
    "gen": 29,
    "enemies": [
        8
    ],
    "results": [
        {
            "gain": 65.68000000000029,
            "fitness": 90.71482559728342,
            "fitness_balanced": 80.04779752022566,
            "wins": [
                1.0
            ]
        }
    ]
}