{
    "gen": 29,
    "enemies": [
        5
    ],
    "results": [
        {
            "gain": 76.6000000000002,
            "fitness": 91.89409577440139,
            "fitness_balanced": 86.92226421822043,
            "wins": [
                1.0
            ]
        }
    ]
}