{
    "gen": 29,
    "enemies": [
        7
    ],
    "results": [
        {
            "gain": 28.160000000000235,
            "fitness": 82.55159692237369,
            "fitness_balanced": 69.06192069107696,
            "wins": [
                0.8
            ]
        }
    ]
}