{
    "gen": 29,
    "enemies": [
        4
    ],
    "results": [
        {
            "gain": 53.920000000000286,
            "fitness": 88.45530103748993,
            "fitness_balanced": 66.42270392850273,
            "wins": [
                1.0
            ]
        }
    ]
}