{
    "gen": 29,
    "enemies": [
        1,
        2,
        3,
        4,
        5,
        6,
        7,
        8
    ],
    "results": [
        {
            "gain": -247.5999999999991,
            "fitness": -0.6115302581106619,
            "fitness_balanced": -4.732914800755712,
            "gains": [
                -40.0,
                -90.0,
                -80.0,
                58.00000000000033,
                54.200000000000244,
                -100,
                -100,
                50.20000000000031
            ],
            "wins": [
                false,
                false,
                false,
                true,
                false,
                false,
                false,
                true
            ]
        },
        {
            "gain": -247.5999999999991,
            "fitness": -0.6115302581106619,
            "fitness_balanced": -4.732914800755712,
            "gains": [
                -40.0,
                -90.0,
                -80.0,
                58.00000000000033,
                54.200000000000244,
                -100,
                -100,
                50.20000000000031
            ],
            "wins": [
                false,
                false,
                false,
                true,
                false,
                false,
                false,
                true
            ]
        },
        {
            "gain": -247.5999999999991,
            "fitness": -0.6115302581106619,
            "fitness_balanced": -4.732914800755712,
            "gains": [
                -40.0,
                -90.0,
                -80.0,
                58.00000000000033,
                54.200000000000244,
                -100,
                -100,
                50.20000000000031
            ],
            "wins": [
                false,
                false,
                false,
                true,
                false,
                false,
                false,
                true
            ]
        },
        {
            "gain": -247.5999999999991,
            "fitness": -0.6115302581106619,
            "fitness_balanced": -4.732914800755712,
            "gains": [
                -40.0,
                -90.0,
                -80.0,
                58.00000000000033,
                54.200000000000244,
                -100,
                -100,
                50.20000000000031
            ],
            "wins": [
                false,
                false,
                false,
                true,
                false,
                false,
                false,
                true
            ]
        },
        {
            "gain": -247.5999999999991,
            "fitness": -0.6115302581106619,
            "fitness_balanced": -4.732914800755712,
            "gains": [
                -40.0,
                -90.0,
                -80.0,
                58.00000000000033,
                54.200000000000244,
                -100,
                -100,
                50.20000000000031
            ],
            "wins": [
                false,
                false,
                false,
                true,
                false,
                false,
                false,
                true
            ]
        }
    ]
}