{
    "gen": 29,
    "enemies": [
        4
    ],
    "results": [
        {
            "gain": 58.00000000000033,
            "fitness": 89.28528730912751,
            "fitness_balanced": 72.4838069239572,
            "wins": [
                true
            ]
        }
    ]
}