{
    "gen": 29,
    "enemies": [
        1,
        2,
        3,
        4,
        5,
        6,
        7,
        8
    ],
    "results": [
        {
            "gain": -397.59999999999974,
            "fitness": -0.3583956501721062,
            "fitness_balanced": 4.097366666598634,
            "gains": [
                -100,
                28,
                -70.0,
                -80.0,
                -30.0,
                -90.0,
                24.400000000000247,
                -80.0
            ],
            "wins": [
                false,
                true,
                false,
                false,
                false,
                false,
                true,
                false
            ]
        },
        {
            "gain": -397.59999999999974,
            "fitness": -0.3583956501721062,
            "fitness_balanced": 4.097366666598634,
            "gains": [
                -100,
                28,
                -70.0,
                -80.0,
                -30.0,
                -90.0,
                24.400000000000247,
                -80.0
            ],
            "wins": [
                false,
                true,
                false,
                false,
                false,
                false,
                true,
                false
            ]
        },
        {
            "gain": -397.59999999999974,
            "fitness": -0.3583956501721062,
            "fitness_balanced": 4.097366666598634,
            "gains": [
                -100,
                28,
                -70.0,
                -80.0,
                -30.0,
                -90.0,
                24.400000000000247,
                -80.0
            ],
            "wins": [
                false,
                true,
                false,
                false,
                false,
                false,
                true,
                false
            ]
        },
        {
            "gain": -397.59999999999974,
            "fitness": -0.3583956501721062,
            "fitness_balanced": 4.097366666598634,
            "gains": [
                -100,
                28,
                -70.0,
                -80.0,
                -30.0,
                -90.0,
                24.400000000000247,
                -80.0
            ],
            "wins": [
                false,
                true,
                false,
                false,
                false,
                false,
                true,
                false
            ]
        },
        {
            "gain": -397.59999999999974,
            "fitness": -0.3583956501721062,
            "fitness_balanced": 4.097366666598634,
            "gains": [
                -100,
                28,
                -70.0,
                -80.0,
                -30.0,
                -90.0,
                24.400000000000247,
                -80.0
            ],
            "wins": [
                false,
                true,
                false,
                false,
                false,
                false,
                true,
                false
            ]
        }
    ]
}