{
    "gen": 29,
    "enemies": [
        1,
        2,
        3,
        4,
        5,
        6,
        7,
        8
    ],
    "results": [
        {
            "gain": -378.39999999999975,
            "fitness": -2.8584303992270357,
            "fitness_balanced": -8.218794896114385,
            "gains": [
                -70.0,
                -60.0,
                70,
                -80.0,
                31.600000000000264,
                -100,
                -90.0,
                -80.0
            ],
            "wins": [
                false,
                false,
                true,
                false,
                true,
                false,
                false,
                false
            ]
        },
        {
            "gain": -378.39999999999975,
            "fitness": -2.8584303992270357,
            "fitness_balanced": -8.218794896114385,
            "gains": [
                -70.0,
                -60.0,
                70,
                -80.0,
                31.600000000000264,
                -100,
                -90.0,
                -80.0
            ],
            "wins": [
                false,
                false,
                true,
                false,
                true,
                false,
                false,
                false
            ]
        },
        {
            "gain": -378.39999999999975,
            "fitness": -2.8584303992270357,
            "fitness_balanced": -8.218794896114385,
            "gains": [
                -70.0,
                -60.0,
                70,
                -80.0,
                31.600000000000264,
                -100,
                -90.0,
                -80.0
            ],
            "wins": [
                false,
                false,
                true,
                false,
                true,
                false,
                false,
                false
            ]
        },
        {
            "gain": -378.39999999999975,
            "fitness": -2.8584303992270357,
            "fitness_balanced": -8.218794896114385,
            "gains": [
                -70.0,
                -60.0,
                70,
                -80.0,
                31.600000000000264,
                -100,
                -90.0,
                -80.0
            ],
            "wins": [
                false,
                false,
                true,
                false,
                true,
                false,
                false,
                false
            ]
        },
        {
            "gain": -378.39999999999975,
            "fitness": -2.8584303992270357,
            "fitness_balanced": -8.218794896114385,
            "gains": [
                -70.0,
                -60.0,
                70,
                -80.0,
                31.600000000000264,
                -100,
                -90.0,
                -80.0
            ],
            "wins": [
                false,
                false,
                true,
                false,
                true,
                false,
                false,
                false
            ]
        }
    ]
}