{
    "gen": 29,
    "enemies": [
        3
    ],
    "results": [
        {
            "gain": -22.0,
            "fitness": 52.93037207686431,
            "fitness_balanced": 28.559053459367078,
            "wins": [
                0.2
            ]
        }
    ]
}