{
    "gen": 29,
    "enemies": [
        1,
        2,
        3,
        4,
        5,
        6,
        7,
        8
    ],
    "results": [
        {
            "gain": -324.39999999999986,
            "fitness": -8.321871635779466,
            "fitness_balanced": 4.091917061831069,
            "gains": [
                100,
                -80.0,
                -70.0,
                -90.0,
                85.60000000000014,
                -90.0,
                -100,
                -80.0
            ],
            "wins": [
                true,
                false,
                false,
                false,
                true,
                false,
                false,
                false
            ]
        },
        {
            "gain": -324.39999999999986,
            "fitness": -8.321871635779466,
            "fitness_balanced": 4.091917061831069,
            "gains": [
                100,
                -80.0,
                -70.0,
                -90.0,
                85.60000000000014,
                -90.0,
                -100,
                -80.0
            ],
            "wins": [
                true,
                false,
                false,
                false,
                true,
                false,
                false,
                false
            ]
        },
        {
            "gain": -324.39999999999986,
            "fitness": -8.321871635779466,
            "fitness_balanced": 4.091917061831069,
            "gains": [
                100,
                -80.0,
                -70.0,
                -90.0,
                85.60000000000014,
                -90.0,
                -100,
                -80.0
            ],
            "wins": [
                true,
                false,
                false,
                false,
                true,
                false,
                false,
                false
            ]
        },
        {
            "gain": -324.39999999999986,
            "fitness": -8.321871635779466,
            "fitness_balanced": 4.091917061831069,
            "gains": [
                100,
                -80.0,
                -70.0,
                -90.0,
                85.60000000000014,
                -90.0,
                -100,
                -80.0
            ],
            "wins": [
                true,
                false,
                false,
                false,
                true,
                false,
                false,
                false
            ]
        },
        {
            "gain": -324.39999999999986,
            "fitness": -8.321871635779466,
            "fitness_balanced": 4.091917061831069,
            "gains": [
                100,
                -80.0,
                -70.0,
                -90.0,
                85.60000000000014,
                -90.0,
                -100,
                -80.0
            ],
            "wins": [
                true,
                false,
                false,
                false,
                true,
                false,
                false,
                false
            ]
        }
    ]
}