{
    "gen": 29,
    "enemies": [
        1,
        2,
        3,
        4,
        5,
        6,
        7,
        8
    ],
    "results": [
        {
            "gain": -346.1999999999997,
            "fitness": 0.3340219917460914,
            "fitness_balanced": 59.06811752271662,
            "gains": [
                -100,
                84,
                -70.0,
                -70.0,
                -80.0,
                -80.0,
                -60.0,
                29.80000000000026
            ],
            "wins": [
                false,
                true,
                false,
                false,
                false,
                false,
                false,
                true
            ]
        },
        {
            "gain": -346.1999999999997,
            "fitness": 0.3340219917460914,
            "fitness_balanced": 59.06811752271662,
            "gains": [
                -100,
                84,
                -70.0,
                -70.0,
                -80.0,
                -80.0,
                -60.0,
                29.80000000000026
            ],
            "wins": [
                false,
                true,
                false,
                false,
                false,
                false,
                false,
                true
            ]
        },
        {
            "gain": -346.1999999999997,
            "fitness": 0.3340219917460914,
            "fitness_balanced": 59.06811752271662,
            "gains": [
                -100,
                84,
                -70.0,
                -70.0,
                -80.0,
                -80.0,
                -60.0,
                29.80000000000026
            ],
            "wins": [
                false,
                true,
                false,
                false,
                false,
                false,
                false,
                true
            ]
        },
        {
            "gain": -346.1999999999997,
            "fitness": 0.3340219917460914,
            "fitness_balanced": 59.06811752271662,
            "gains": [
                -100,
                84,
                -70.0,
                -70.0,
                -80.0,
                -80.0,
                -60.0,
                29.80000000000026
            ],
            "wins": [
                false,
                true,
                false,
                false,
                false,
                false,
                false,
                true
            ]
        },
        {
            "gain": -346.1999999999997,
            "fitness": 0.3340219917460914,
            "fitness_balanced": 59.06811752271662,
            "gains": [
                -100,
                84,
                -70.0,
                -70.0,
                -80.0,
                -80.0,
                -60.0,
                29.80000000000026
            ],
            "wins": [
                false,
                true,
                false,
                false,
                false,
                false,
                false,
                true
            ]
        }
    ]
}