{
    "gen": 29,
    "enemies": [
        1,
        2,
        3,
        4,
        5,
        6,
        7,
        8
    ],
    "results": [
        {
            "gain": -395.5999999999997,
            "fitness": 8.20462335187436,
            "fitness_balanced": -1.6512269257050107,
            "gains": [
                -50.0,
                -70.0,
                -30.0,
                -60.0,
                54.40000000000032,
                -70.0,
                -100,
                -70.0
            ],
            "wins": [
                false,
                false,
                false,
                false,
                true,
                false,
                false,
                false
            ]
        },
        {
            "gain": -395.5999999999997,
            "fitness": 8.20462335187436,
            "fitness_balanced": -1.6512269257050107,
            "gains": [
                -50.0,
                -70.0,
                -30.0,
                -60.0,
                54.40000000000032,
                -70.0,
                -100,
                -70.0
            ],
            "wins": [
                false,
                false,
                false,
                false,
                true,
                false,
                false,
                false
            ]
        },
        {
            "gain": -395.5999999999997,
            "fitness": 8.20462335187436,
            "fitness_balanced": -1.6512269257050107,
            "gains": [
                -50.0,
                -70.0,
                -30.0,
                -60.0,
                54.40000000000032,
                -70.0,
                -100,
                -70.0
            ],
            "wins": [
                false,
                false,
                false,
                false,
                true,
                false,
                false,
                false
            ]
        },
        {
            "gain": -395.5999999999997,
            "fitness": 8.20462335187436,
            "fitness_balanced": -1.6512269257050107,
            "gains": [
                -50.0,
                -70.0,
                -30.0,
                -60.0,
                54.40000000000032,
                -70.0,
                -100,
                -70.0
            ],
            "wins": [
                false,
                false,
                false,
                false,
                true,
                false,
                false,
                false
            ]
        },
        {
            "gain": -395.5999999999997,
            "fitness": 8.20462335187436,
            "fitness_balanced": -1.6512269257050107,
            "gains": [
                -50.0,
                -70.0,
                -30.0,
                -60.0,
                54.40000000000032,
                -70.0,
                -100,
                -70.0
            ],
            "wins": [
                false,
                false,
                false,
                false,
                true,
                false,
                false,
                false
            ]
        }
    ]
}