{
    "gen": 29,
    "enemies": [
        1,
        2,
        3,
        4,
        5,
        6,
        7,
        8
    ],
    "results": [
        {
            "gain": -301.7999999999995,
            "fitness": 1.1559970583164656,
            "fitness_balanced": 84.92544845445568,
            "gains": [
                -90.0,
                -80.0,
                -60.0,
                -30.0,
                56.800000000000324,
                -80.0,
                -100,
                81.40000000000018
            ],
            "wins": [
                false,
                false,
                false,
                false,
                true,
                false,
                false,
                true
            ]
        },
        {
            "gain": -301.7999999999995,
            "fitness": 1.1559970583164656,
            "fitness_balanced": 84.92544845445568,
            "gains": [
                -90.0,
                -80.0,
                -60.0,
                -30.0,
                56.800000000000324,
                -80.0,
                -100,
                81.40000000000018
            ],
            "wins": [
                false,
                false,
                false,
                false,
                true,
                false,
                false,
                true
            ]
        },
        {
            "gain": -301.7999999999995,
            "fitness": 1.1559970583164656,
            "fitness_balanced": 84.92544845445568,
            "gains": [
                -90.0,
                -80.0,
                -60.0,
                -30.0,
                56.800000000000324,
                -80.0,
                -100,
                81.40000000000018
            ],
            "wins": [
                false,
                false,
                false,
                false,
                true,
                false,
                false,
                true
            ]
        },
        {
            "gain": -301.7999999999995,
            "fitness": 1.1559970583164656,
            "fitness_balanced": 84.92544845445568,
            "gains": [
                -90.0,
                -80.0,
                -60.0,
                -30.0,
                56.800000000000324,
                -80.0,
                -100,
                81.40000000000018
            ],
            "wins": [
                false,
                false,
                false,
                false,
                true,
                false,
                false,
                true
            ]
        },
        {
            "gain": -301.7999999999995,
            "fitness": 1.1559970583164656,
            "fitness_balanced": 84.92544845445568,
            "gains": [
                -90.0,
                -80.0,
                -60.0,
                -30.0,
                56.800000000000324,
                -80.0,
                -100,
                81.40000000000018
            ],
            "wins": [
                false,
                false,
                false,
                false,
                true,
                false,
                false,
                true
            ]
        }
    ]
}