{
    "gen": 29,
    "enemies": [
        7
    ],
    "results": [
        {
            "gain": 68.8000000000003,
            "fitness": 91.59679627126204,
            "fitness_balanced": 79.1117329693056,
            "wins": [
                true
            ]
        }
    ]
}