{
    "gen": 29,
    "enemies": [
        1,
        2,
        3,
        4,
        5,
        6,
        7,
        8
    ],
    "results": [
        {
            "gain": -202.59999999999945,
            "fitness": 22.463669456878783,
            "fitness_balanced": 7.01012477010941,
            "gains": [
                -90.0,
                -10.0,
                -40.0,
                -70.0,
                -40.0,
                -50.0,
                68.8000000000003,
                28.600000000000257
            ],
            "wins": [
                false,
                false,
                false,
                false,
                false,
                false,
                true,
                true
            ]
        },
        {
            "gain": -202.59999999999945,
            "fitness": 22.463669456878783,
            "fitness_balanced": 7.01012477010941,
            "gains": [
                -90.0,
                -10.0,
                -40.0,
                -70.0,
                -40.0,
                -50.0,
                68.8000000000003,
                28.600000000000257
            ],
            "wins": [
                false,
                false,
                false,
                false,
                false,
                false,
                true,
                true
            ]
        },
        {
            "gain": -202.59999999999945,
            "fitness": 22.463669456878783,
            "fitness_balanced": 7.01012477010941,
            "gains": [
                -90.0,
                -10.0,
                -40.0,
                -70.0,
                -40.0,
                -50.0,
                68.8000000000003,
                28.600000000000257
            ],
            "wins": [
                false,
                false,
                false,
                false,
                false,
                false,
                true,
                true
            ]
        },
        {
            "gain": -202.59999999999945,
            "fitness": 22.463669456878783,
            "fitness_balanced": 7.01012477010941,
            "gains": [
                -90.0,
                -10.0,
                -40.0,
                -70.0,
                -40.0,
                -50.0,
                68.8000000000003,
                28.600000000000257
            ],
            "wins": [
                false,
                false,
                false,
                false,
                false,
                false,
                true,
                true
            ]
        },
        {
            "gain": -202.59999999999945,
            "fitness": 22.463669456878783,
            "fitness_balanced": 7.01012477010941,
            "gains": [
                -90.0,
                -10.0,
                -40.0,
                -70.0,
                -40.0,
                -50.0,
                68.8000000000003,
                28.600000000000257
            ],
            "wins": [
                false,
                false,
                false,
                false,
                false,
                false,
                true,
                true
            ]
        }
    ]
}