{
    "gen": 29,
    "enemies": [
        1,
        2,
        3,
        4,
        5,
        6,
        7,
        8
    ],
    "results": [
        {
            "gain": -229.59999999999985,
            "fitness": 11.293977075801266,
            "fitness_balanced": -2.17606706782502,
            "gains": [
                -50.0,
                -60.0,
                76,
                -80.0,
                84.40000000000015,
                -90.0,
                -50.0,
                -60.0
            ],
            "wins": [
                false,
                false,
                true,
                false,
                true,
                false,
                false,
                false
            ]
        },
        {
            "gain": -229.59999999999985,
            "fitness": 11.293977075801266,
            "fitness_balanced": -2.17606706782502,
            "gains": [
                -50.0,
                -60.0,
                76,
                -80.0,
                84.40000000000015,
                -90.0,
                -50.0,
                -60.0
            ],
            "wins": [
                false,
                false,
                true,
                false,
                true,
                false,
                false,
                false
            ]
        },
        {
            "gain": -229.59999999999985,
            "fitness": 11.293977075801266,
            "fitness_balanced": -2.17606706782502,
            "gains": [
                -50.0,
                -60.0,
                76,
                -80.0,
                84.40000000000015,
                -90.0,
                -50.0,
                -60.0
            ],
            "wins": [
                false,
                false,
                true,
                false,
                true,
                false,
                false,
                false
            ]
        },
        {
            "gain": -229.59999999999985,
            "fitness": 11.293977075801266,
            "fitness_balanced": -2.17606706782502,
            "gains": [
                -50.0,
                -60.0,
                76,
                -80.0,
                84.40000000000015,
                -90.0,
                -50.0,
                -60.0
            ],
            "wins": [
                false,
                false,
                true,
                false,
                true,
                false,
                false,
                false
            ]
        },
        {
            "gain": -229.59999999999985,
            "fitness": 11.293977075801266,
            "fitness_balanced": -2.17606706782502,
            "gains": [
                -50.0,
                -60.0,
                76,
                -80.0,
                84.40000000000015,
                -90.0,
                -50.0,
                -60.0
            ],
            "wins": [
                false,
                false,
                true,
                false,
                true,
                false,
                false,
                false
            ]
        }
    ]
}