{
    "gen": 299,
    "enemies": [
        1,
        2,
        3,
        4,
        5,
        6,
        7,
        8
    ],
    "results": [
        {
            "gain": -471.9999999999998,
            "fitness": 1.8518136900415634,
            "fitness_balanced": -3.3441611830548776,
            "gains": [
                -100,
                -70.0,
                -70.0,
                -90.0,
                28.000000000000256,
                -70.0,
                -60.0,
                -40.0
            ],
            "wins": [
                false,
                false,
                false,
                false,
                true,
                false,
                false,
                false
            ]
        },
        {
            "gain": -471.9999999999998,
            "fitness": 1.8518136900415634,
            "fitness_balanced": -3.3441611830548776,
            "gains": [
                -100,
                -70.0,
                -70.0,
                -90.0,
                28.000000000000256,
                -70.0,
                -60.0,
                -40.0
            ],
            "wins": [
                false,
                false,
                false,
                false,
                true,
                false,
                false,
                false
            ]
        },
        {
            "gain": -471.9999999999998,
            "fitness": 1.8518136900415634,
            "fitness_balanced": -3.3441611830548776,
            "gains": [
                -100,
                -70.0,
                -70.0,
                -90.0,
                28.000000000000256,
                -70.0,
                -60.0,
                -40.0
            ],
            "wins": [
                false,
                false,
                false,
                false,
                true,
                false,
                false,
                false
            ]
        },
        {
            "gain": -471.9999999999998,
            "fitness": 1.8518136900415634,
            "fitness_balanced": -3.3441611830548776,
            "gains": [
                -100,
                -70.0,
                -70.0,
                -90.0,
                28.000000000000256,
                -70.0,
                -60.0,
                -40.0
            ],
            "wins": [
                false,
                false,
                false,
                false,
                true,
                false,
                false,
                false
            ]
        },
        {
            "gain": -471.9999999999998,
            "fitness": 1.8518136900415634,
            "fitness_balanced": -3.3441611830548776,
            "gains": [
                -100,
                -70.0,
                -70.0,
                -90.0,
                28.000000000000256,
                -70.0,
                -60.0,
                -40.0
            ],
            "wins": [
                false,
                false,
                false,
                false,
                true,
                false,
                false,
                false
            ]
        }
    ]
}