{
    "gen": 29,
    "enemies": [
        1,
        2,
        3,
        4,
        5,
        6,
        7,
        8
    ],
    "results": [
        {
            "gain": -331.39999999999986,
            "fitness": -10.777424870043852,
            "fitness_balanced": -15.750449794099712,
            "gains": [
                100,
                -100,
                -70.0,
                -70.0,
                88.60000000000011,
                -100,
                -100,
                -80.0
            ],
            "wins": [
                true,
                false,
                false,
                false,
                true,
                false,
                false,
                false
            ]
        },
        {
            "gain": -331.39999999999986,
            "fitness": -10.777424870043852,
            "fitness_balanced": -15.750449794099712,
            "gains": [
                100,
                -100,
                -70.0,
                -70.0,
                88.60000000000011,
                -100,
                -100,
                -80.0
            ],
            "wins": [
                true,
                false,
                false,
                false,
                true,
                false,
                false,
                false
            ]
        },
        {
            "gain": -331.39999999999986,
            "fitness": -10.777424870043852,
            "fitness_balanced": -15.750449794099712,
            "gains": [
                100,
                -100,
                -70.0,
                -70.0,
                88.60000000000011,
                -100,
                -100,
                -80.0
            ],
            "wins": [
                true,
                false,
                false,
                false,
                true,
                false,
                false,
                false
            ]
        },
        {
            "gain": -331.39999999999986,
            "fitness": -10.777424870043852,
            "fitness_balanced": -15.750449794099712,
            "gains": [
                100,
                -100,
                -70.0,
                -70.0,
                88.60000000000011,
                -100,
                -100,
                -80.0
            ],
            "wins": [
                true,
                false,
                false,
                false,
                true,
                false,
                false,
                false
            ]
        },
        {
            "gain": -331.39999999999986,
            "fitness": -10.777424870043852,
            "fitness_balanced": -15.750449794099712,
            "gains": [
                100,
                -100,
                -70.0,
                -70.0,
                88.60000000000011,
                -100,
                -100,
                -80.0
            ],
            "wins": [
                true,
                false,
                false,
                false,
                true,
                false,
                false,
                false
            ]
        }
    ]
}