{
    "gen": 29,
    "enemies": [
        1,
        2,
        3,
        4,
        5,
        6,
        7,
        8
    ],
    "results": [
        {
            "gain": -462.5999999999999,
            "fitness": -8.276432383024247,
            "fitness_balanced": -0.45103845356570016,
            "gains": [
                -100,
                -30.0,
                -70.0,
                -70.0,
                87.40000000000012,
                -90.0,
                -100,
                -90.0
            ],
            "wins": [
                false,
                false,
                false,
                false,
                true,
                false,
                false,
                false
            ]
        },
        {
            "gain": -462.5999999999999,
            "fitness": -8.276432383024247,
            "fitness_balanced": -0.45103845356570016,
            "gains": [
                -100,
                -30.0,
                -70.0,
                -70.0,
                87.40000000000012,
                -90.0,
                -100,
                -90.0
            ],
            "wins": [
                false,
                false,
                false,
                false,
                true,
                false,
                false,
                false
            ]
        },
        {
            "gain": -462.5999999999999,
            "fitness": -8.276432383024247,
            "fitness_balanced": -0.45103845356570016,
            "gains": [
                -100,
                -30.0,
                -70.0,
                -70.0,
                87.40000000000012,
                -90.0,
                -100,
                -90.0
            ],
            "wins": [
                false,
                false,
                false,
                false,
                true,
                false,
                false,
                false
            ]
        },
        {
            "gain": -462.5999999999999,
            "fitness": -8.276432383024247,
            "fitness_balanced": -0.45103845356570016,
            "gains": [
                -100,
                -30.0,
                -70.0,
                -70.0,
                87.40000000000012,
                -90.0,
                -100,
                -90.0
            ],
            "wins": [
                false,
                false,
                false,
                false,
                true,
                false,
                false,
                false
            ]
        },
        {
            "gain": -462.5999999999999,
            "fitness": -8.276432383024247,
            "fitness_balanced": -0.45103845356570016,
            "gains": [
                -100,
                -30.0,
                -70.0,
                -70.0,
                87.40000000000012,
                -90.0,
                -100,
                -90.0
            ],
            "wins": [
                false,
                false,
                false,
                false,
                true,
                false,
                false,
                false
            ]
        }
    ]
}