{
    "gen": 29,
    "enemies": [
        3
    ],
    "results": [
        {
            "gain": 7.2,
            "fitness": 70.4134294059994,
            "fitness_balanced": 72.07041085661011,
            "wins": [
                0.4
            ]
        }
    ]
}