{
    "experiment_name": "[1, 2, 3, 4, 5, 6, 7, 8]_all_enemies_f-rank",
    "enemies": [
        1,
        2,
        3,
        4,
        5,
        6,
        7,
        8
    ],
    "n_hidden_neurons": 10,
    "domain_upper": 1,
    "domain_lower": -1,
    "pop_size": 100,
    "gens": 30,
    "mutation_rate": 0.2,
    "normalization_method": "default",
    "fitness_method": "rank",
    "pick_parent_method": "multinomial",
    "survivor_method": "multinomial",
    "randomini": "no",
    "headless": true,
    "multi_ini": false,
    "crossover_method": "none",
    "mutation_type": "stochastic_decaying",
    "start_new": true,
    "gen": 29,
    "best_default": 43.84832386227326,
    "mean_default": 29.5394245372014,
    "std_default": 6.372916876955538,
    "Q5_default": 18.47264446105287,
    "Q95_default": 42.58539905308135,
    "best_balanced": 39.63351621993624,
    "mean_balanced": 35.49398750110854,
    "std_balanced": 3.3304292954690276,
    "Q5_balanced": 30.19334879004216,
    "Q95_balanced": 41.23444866587818
}