{
    "gen": 299,
    "enemies": [
        1,
        2,
        3,
        4,
        5,
        6,
        7,
        8
    ],
    "results": [
        {
            "gain": -102.75999999999969,
            "fitness": 38.766324197012096,
            "fitness_balanced": 57.54779752022565,
            "wins": [
                0.0,
                0.8,
                0.0,
                0.0,
                0.75,
                0.2,
                0.0,
                0.4
            ]
        }
    ]
}