{
    "gen": 299,
    "enemies": [
        1,
        2,
        3,
        4,
        5,
        6,
        7,
        8
    ],
    "results": [
        {
            "gain": -61.599999999998886,
            "fitness": 23.027379766864108,
            "fitness_balanced": 12.159929251409295,
            "gains": [
                -90.0,
                34,
                -70.0,
                -80.0,
                44.200000000000294,
                16.60000000000023,
                25.60000000000025,
                58.00000000000033
            ],
            "wins": [
                false,
                true,
                false,
                false,
                true,
                true,
                true,
                true
            ]
        },
        {
            "gain": -61.599999999998886,
            "fitness": 23.027379766864108,
            "fitness_balanced": 12.159929251409295,
            "gains": [
                -90.0,
                34,
                -70.0,
                -80.0,
                44.200000000000294,
                16.60000000000023,
                25.60000000000025,
                58.00000000000033
            ],
            "wins": [
                false,
                true,
                false,
                false,
                true,
                true,
                true,
                true
            ]
        },
        {
            "gain": -61.599999999998886,
            "fitness": 23.027379766864108,
            "fitness_balanced": 12.159929251409295,
            "gains": [
                -90.0,
                34,
                -70.0,
                -80.0,
                44.200000000000294,
                16.60000000000023,
                25.60000000000025,
                58.00000000000033
            ],
            "wins": [
                false,
                true,
                false,
                false,
                true,
                true,
                true,
                true
            ]
        },
        {
            "gain": -61.599999999998886,
            "fitness": 23.027379766864108,
            "fitness_balanced": 12.159929251409295,
            "gains": [
                -90.0,
                34,
                -70.0,
                -80.0,
                44.200000000000294,
                16.60000000000023,
                25.60000000000025,
                58.00000000000033
            ],
            "wins": [
                false,
                true,
                false,
                false,
                true,
                true,
                true,
                true
            ]
        },
        {
            "gain": -61.599999999998886,
            "fitness": 23.027379766864108,
            "fitness_balanced": 12.159929251409295,
            "gains": [
                -90.0,
                34,
                -70.0,
                -80.0,
                44.200000000000294,
                16.60000000000023,
                25.60000000000025,
                58.00000000000033
            ],
            "wins": [
                false,
                true,
                false,
                false,
                true,
                true,
                true,
                true
            ]
        }
    ]
}