{
    "gen": 29,
    "enemies": [
        1,
        2,
        3,
        4,
        5,
        6,
        7,
        8
    ],
    "results": [
        {
            "gain": -101.9999999999994,
            "fitness": 24.650175830683718,
            "fitness_balanced": 4.557582289478207,
            "gains": [
                -70.0,
                70,
                -60.0,
                -50.0,
                64.60000000000034,
                33.40000000000027,
                -10.0,
                -80.0
            ],
            "wins": [
                false,
                true,
                false,
                false,
                true,
                true,
                false,
                false
            ]
        },
        {
            "gain": -101.9999999999994,
            "fitness": 24.650175830683718,
            "fitness_balanced": 4.557582289478207,
            "gains": [
                -70.0,
                70,
                -60.0,
                -50.0,
                64.60000000000034,
                33.40000000000027,
                -10.0,
                -80.0
            ],
            "wins": [
                false,
                true,
                false,
                false,
                true,
                true,
                false,
                false
            ]
        },
        {
            "gain": -101.9999999999994,
            "fitness": 24.650175830683718,
            "fitness_balanced": 4.557582289478207,
            "gains": [
                -70.0,
                70,
                -60.0,
                -50.0,
                64.60000000000034,
                33.40000000000027,
                -10.0,
                -80.0
            ],
            "wins": [
                false,
                true,
                false,
                false,
                true,
                true,
                false,
                false
            ]
        },
        {
            "gain": -101.9999999999994,
            "fitness": 24.650175830683718,
            "fitness_balanced": 4.557582289478207,
            "gains": [
                -70.0,
                70,
                -60.0,
                -50.0,
                64.60000000000034,
                33.40000000000027,
                -10.0,
                -80.0
            ],
            "wins": [
                false,
                true,
                false,
                false,
                true,
                true,
                false,
                false
            ]
        },
        {
            "gain": -101.9999999999994,
            "fitness": 24.650175830683718,
            "fitness_balanced": 4.557582289478207,
            "gains": [
                -70.0,
                70,
                -60.0,
                -50.0,
                64.60000000000034,
                33.40000000000027,
                -10.0,
                -80.0
            ],
            "wins": [
                false,
                true,
                false,
                false,
                true,
                true,
                false,
                false
            ]
        }
    ]
}