{
    "gen": 29,
    "enemies": [
        1,
        2,
        3,
        4,
        5,
        6,
        7,
        8
    ],
    "results": [
        {
            "gain": -240.3999999999996,
            "fitness": 13.144417807477701,
            "fitness_balanced": 0.8747789765530491,
            "gains": [
                -70.0,
                -20.0,
                -70.0,
                -90.0,
                32.200000000000266,
                -30.0,
                -80.0,
                87.40000000000012
            ],
            "wins": [
                false,
                false,
                false,
                false,
                true,
                false,
                false,
                true
            ]
        },
        {
            "gain": -240.3999999999996,
            "fitness": 13.144417807477701,
            "fitness_balanced": 0.8747789765530491,
            "gains": [
                -70.0,
                -20.0,
                -70.0,
                -90.0,
                32.200000000000266,
                -30.0,
                -80.0,
                87.40000000000012
            ],
            "wins": [
                false,
                false,
                false,
                false,
                true,
                false,
                false,
                true
            ]
        },
        {
            "gain": -240.3999999999996,
            "fitness": 13.144417807477701,
            "fitness_balanced": 0.8747789765530491,
            "gains": [
                -70.0,
                -20.0,
                -70.0,
                -90.0,
                32.200000000000266,
                -30.0,
                -80.0,
                87.40000000000012
            ],
            "wins": [
                false,
                false,
                false,
                false,
                true,
                false,
                false,
                true
            ]
        },
        {
            "gain": -240.3999999999996,
            "fitness": 13.144417807477701,
            "fitness_balanced": 0.8747789765530491,
            "gains": [
                -70.0,
                -20.0,
                -70.0,
                -90.0,
                32.200000000000266,
                -30.0,
                -80.0,
                87.40000000000012
            ],
            "wins": [
                false,
                false,
                false,
                false,
                true,
                false,
                false,
                true
            ]
        },
        {
            "gain": -240.3999999999996,
            "fitness": 13.144417807477701,
            "fitness_balanced": 0.8747789765530491,
            "gains": [
                -70.0,
                -20.0,
                -70.0,
                -90.0,
                32.200000000000266,
                -30.0,
                -80.0,
                87.40000000000012
            ],
            "wins": [
                false,
                false,
                false,
                false,
                true,
                false,
                false,
                true
            ]
        }
    ]
}