{
    "experiment_name": "[1, 2, 3, 4, 5, 6, 7, 8]_all_enemies_e_f-rank",
    "enemies": [
        1,
        2,
        3,
        4,
        5,
        6,
        7,
        8
    ],
    "n_hidden_neurons": 10,
    "domain_upper": 1,
    "domain_lower": -1,
    "pop_size": 100,
    "gens": 10000,
    "mutation_rate": 0.2,
    "normalization_method": "default",
    "fitness_method": "rank",
    "pick_parent_method": "multinomial",
    "survivor_method": "multinomial",
    "headless": true,
    "multi_ini": false,
    "randomini": "no",
    "crossover_method": "none",
    "mutation_type": "stochastic_decaying",
    "start_new": true,
    "exploration_island": true,
    "exploration_gens": 15,
    "gen": 1102,
    "best_default": 60.64274580144579,
    "mean_default": 45.31710417505611,
    "std_default": 8.417221536481813,
    "Q5_default": 32.51633388711833,
    "Q95_default": 60.64274580144579,
    "best_balanced": 52.88121225401709,
    "mean_balanced": 41.8275537208466,
    "std_balanced": 4.9467302525431,
    "Q5_balanced": 35.25771401272091,
    "Q95_balanced": 52.88121225401709,
    "best_default_explore": 44.70441441480653,
    "mean_default_explore": 30.014483178547124,
    "std_default_explore": 7.26273308000664,
    "Q5_default_explore": 20.163669509939538,
    "Q95_default_explore": 44.61993775169559,
    "best_balanced_explore": 48.921811431924475,
    "mean_balanced_explore": 41.663033478586605,
    "std_balanced_explore": 3.199485000037562,
    "Q5_balanced_explore": 37.26845586319177,
    "Q95_balanced_explore": 45.82730283449547
}