{
    "gen": 29,
    "enemies": [
        4
    ],
    "results": [
        {
            "gain": 29.80000000000026,
            "fitness": 86.0692492120381,
            "fitness_balanced": 57.98825269974846,
            "wins": [
                true
            ]
        }
    ]
}