{
    "gen": 19,
    "enemies": [
        4
    ],
    "results": [
        {
            "gain": -80.0,
            "fitness": 11.815851109062518,
            "fitness_balanced": 3.8137913760995064,
            "wins": [
                false
            ]
        }
    ]
}