{
    "gen": 29,
    "enemies": [
        1,
        2,
        3,
        4,
        5,
        6,
        7,
        8
    ],
    "results": [
        {
            "gain": -283.1999999999999,
            "fitness": 2.1235780629842154,
            "fitness_balanced": 9.091917061831069,
            "gains": [
                -50.0,
                -50.0,
                70,
                -80.0,
                86.80000000000013,
                -90.0,
                -100,
                -70.0
            ],
            "wins": [
                false,
                false,
                true,
                false,
                true,
                false,
                false,
                false
            ]
        },
        {
            "gain": -283.1999999999999,
            "fitness": 2.1235780629842154,
            "fitness_balanced": 9.091917061831069,
            "gains": [
                -50.0,
                -50.0,
                70,
                -80.0,
                86.80000000000013,
                -90.0,
                -100,
                -70.0
            ],
            "wins": [
                false,
                false,
                true,
                false,
                true,
                false,
                false,
                false
            ]
        },
        {
            "gain": -283.1999999999999,
            "fitness": 2.1235780629842154,
            "fitness_balanced": 9.091917061831069,
            "gains": [
                -50.0,
                -50.0,
                70,
                -80.0,
                86.80000000000013,
                -90.0,
                -100,
                -70.0
            ],
            "wins": [
                false,
                false,
                true,
                false,
                true,
                false,
                false,
                false
            ]
        },
        {
            "gain": -283.1999999999999,
            "fitness": 2.1235780629842154,
            "fitness_balanced": 9.091917061831069,
            "gains": [
                -50.0,
                -50.0,
                70,
                -80.0,
                86.80000000000013,
                -90.0,
                -100,
                -70.0
            ],
            "wins": [
                false,
                false,
                true,
                false,
                true,
                false,
                false,
                false
            ]
        },
        {
            "gain": -283.1999999999999,
            "fitness": 2.1235780629842154,
            "fitness_balanced": 9.091917061831069,
            "gains": [
                -50.0,
                -50.0,
                70,
                -80.0,
                86.80000000000013,
                -90.0,
                -100,
                -70.0
            ],
            "wins": [
                false,
                false,
                true,
                false,
                true,
                false,
                false,
                false
            ]
        }
    ]
}