{
    "gen": 29,
    "enemies": [
        6
    ],
    "results": [
        {
            "gain": -98.0,
            "fitness": -4.354718598276255,
            "fitness_balanced": -6.104793232414985,
            "wins": [
                0.0
            ]
        }
    ]
}