{
    "gen": 29,
    "enemies": [
        1,
        2,
        3,
        4,
        5,
        6,
        7,
        8
    ],
    "results": [
        {
            "gain": -266.1999999999996,
            "fitness": 3.774037854633967,
            "fitness_balanced": -5.34540324454548,
            "gains": [
                -50.0,
                -70.0,
                -30.0,
                -80.0,
                82.00000000000017,
                -90.0,
                -100,
                71.80000000000027
            ],
            "wins": [
                false,
                false,
                false,
                false,
                true,
                false,
                false,
                true
            ]
        },
        {
            "gain": -266.1999999999996,
            "fitness": 3.774037854633967,
            "fitness_balanced": -5.34540324454548,
            "gains": [
                -50.0,
                -70.0,
                -30.0,
                -80.0,
                82.00000000000017,
                -90.0,
                -100,
                71.80000000000027
            ],
            "wins": [
                false,
                false,
                false,
                false,
                true,
                false,
                false,
                true
            ]
        },
        {
            "gain": -266.1999999999996,
            "fitness": 3.774037854633967,
            "fitness_balanced": -5.34540324454548,
            "gains": [
                -50.0,
                -70.0,
                -30.0,
                -80.0,
                82.00000000000017,
                -90.0,
                -100,
                71.80000000000027
            ],
            "wins": [
                false,
                false,
                false,
                false,
                true,
                false,
                false,
                true
            ]
        },
        {
            "gain": -266.1999999999996,
            "fitness": 3.774037854633967,
            "fitness_balanced": -5.34540324454548,
            "gains": [
                -50.0,
                -70.0,
                -30.0,
                -80.0,
                82.00000000000017,
                -90.0,
                -100,
                71.80000000000027
            ],
            "wins": [
                false,
                false,
                false,
                false,
                true,
                false,
                false,
                true
            ]
        },
        {
            "gain": -266.1999999999996,
            "fitness": 3.774037854633967,
            "fitness_balanced": -5.34540324454548,
            "gains": [
                -50.0,
                -70.0,
                -30.0,
                -80.0,
                82.00000000000017,
                -90.0,
                -100,
                71.80000000000027
            ],
            "wins": [
                false,
                false,
                false,
                false,
                true,
                false,
                false,
                true
            ]
        }
    ]
}