{
    "gen": 29,
    "enemies": [
        3
    ],
    "results": [
        {
            "gain": -21.6,
            "fitness": 56.15602157473292,
            "fitness_balanced": 23.57351154254231,
            "wins": [
                0.2
            ]
        }
    ]
}