{
    "gen": 29,
    "enemies": [
        1,
        2,
        3,
        4,
        5,
        6,
        7,
        8
    ],
    "results": [
        {
            "gain": -248.1999999999999,
            "fitness": 10.658315600863649,
            "fitness_balanced": -2.085936719768945,
            "gains": [
                -50.0,
                -70.0,
                52,
                -80.0,
                89.8000000000001,
                -90.0,
                -40.0,
                -60.0
            ],
            "wins": [
                false,
                false,
                true,
                false,
                true,
                false,
                false,
                false
            ]
        },
        {
            "gain": -248.1999999999999,
            "fitness": 10.658315600863649,
            "fitness_balanced": -2.085936719768945,
            "gains": [
                -50.0,
                -70.0,
                52,
                -80.0,
                89.8000000000001,
                -90.0,
                -40.0,
                -60.0
            ],
            "wins": [
                false,
                false,
                true,
                false,
                true,
                false,
                false,
                false
            ]
        },
        {
            "gain": -248.1999999999999,
            "fitness": 10.658315600863649,
            "fitness_balanced": -2.085936719768945,
            "gains": [
                -50.0,
                -70.0,
                52,
                -80.0,
                89.8000000000001,
                -90.0,
                -40.0,
                -60.0
            ],
            "wins": [
                false,
                false,
                true,
                false,
                true,
                false,
                false,
                false
            ]
        },
        {
            "gain": -248.1999999999999,
            "fitness": 10.658315600863649,
            "fitness_balanced": -2.085936719768945,
            "gains": [
                -50.0,
                -70.0,
                52,
                -80.0,
                89.8000000000001,
                -90.0,
                -40.0,
                -60.0
            ],
            "wins": [
                false,
                false,
                true,
                false,
                true,
                false,
                false,
                false
            ]
        },
        {
            "gain": -248.1999999999999,
            "fitness": 10.658315600863649,
            "fitness_balanced": -2.085936719768945,
            "gains": [
                -50.0,
                -70.0,
                52,
                -80.0,
                89.8000000000001,
                -90.0,
                -40.0,
                -60.0
            ],
            "wins": [
                false,
                false,
                true,
                false,
                true,
                false,
                false,
                false
            ]
        }
    ]
}