{
    "gen": 29,
    "enemies": [
        1,
        2,
        3,
        4,
        5,
        6,
        7,
        8
    ],
    "results": [
        {
            "gain": -308.1999999999998,
            "fitness": -1.0697811688296,
            "fitness_balanced": 4.073073974029589,
            "gains": [
                -70.0,
                84,
                -80.0,
                -60.0,
                77.80000000000021,
                -90.0,
                -90.0,
                -80.0
            ],
            "wins": [
                false,
                true,
                false,
                false,
                true,
                false,
                false,
                false
            ]
        },
        {
            "gain": -308.1999999999998,
            "fitness": -1.0697811688296,
            "fitness_balanced": 4.073073974029589,
            "gains": [
                -70.0,
                84,
                -80.0,
                -60.0,
                77.80000000000021,
                -90.0,
                -90.0,
                -80.0
            ],
            "wins": [
                false,
                true,
                false,
                false,
                true,
                false,
                false,
                false
            ]
        },
        {
            "gain": -308.1999999999998,
            "fitness": -1.0697811688296,
            "fitness_balanced": 4.073073974029589,
            "gains": [
                -70.0,
                84,
                -80.0,
                -60.0,
                77.80000000000021,
                -90.0,
                -90.0,
                -80.0
            ],
            "wins": [
                false,
                true,
                false,
                false,
                true,
                false,
                false,
                false
            ]
        },
        {
            "gain": -308.1999999999998,
            "fitness": -1.0697811688296,
            "fitness_balanced": 4.073073974029589,
            "gains": [
                -70.0,
                84,
                -80.0,
                -60.0,
                77.80000000000021,
                -90.0,
                -90.0,
                -80.0
            ],
            "wins": [
                false,
                true,
                false,
                false,
                true,
                false,
                false,
                false
            ]
        },
        {
            "gain": -308.1999999999998,
            "fitness": -1.0697811688296,
            "fitness_balanced": 4.073073974029589,
            "gains": [
                -70.0,
                84,
                -80.0,
                -60.0,
                77.80000000000021,
                -90.0,
                -90.0,
                -80.0
            ],
            "wins": [
                false,
                true,
                false,
                false,
                true,
                false,
                false,
                false
            ]
        }
    ]
}