{
    "gen": 29,
    "enemies": [
        1,
        2,
        3,
        4,
        5,
        6,
        7,
        8
    ],
    "results": [
        {
            "gain": -82.1999999999992,
            "fitness": 24.127603934522057,
            "fitness_balanced": 9.860997372974197,
            "gains": [
                -90.0,
                86,
                -70.0,
                -60.0,
                48.400000000000304,
                -40.0,
                13.00000000000023,
                30.40000000000026
            ],
            "wins": [
                false,
                true,
                false,
                false,
                true,
                false,
                true,
                true
            ]
        },
        {
            "gain": -82.1999999999992,
            "fitness": 24.127603934522057,
            "fitness_balanced": 9.860997372974197,
            "gains": [
                -90.0,
                86,
                -70.0,
                -60.0,
                48.400000000000304,
                -40.0,
                13.00000000000023,
                30.40000000000026
            ],
            "wins": [
                false,
                true,
                false,
                false,
                true,
                false,
                true,
                true
            ]
        },
        {
            "gain": -82.1999999999992,
            "fitness": 24.127603934522057,
            "fitness_balanced": 9.860997372974197,
            "gains": [
                -90.0,
                86,
                -70.0,
                -60.0,
                48.400000000000304,
                -40.0,
                13.00000000000023,
                30.40000000000026
            ],
            "wins": [
                false,
                true,
                false,
                false,
                true,
                false,
                true,
                true
            ]
        },
        {
            "gain": -82.1999999999992,
            "fitness": 24.127603934522057,
            "fitness_balanced": 9.860997372974197,
            "gains": [
                -90.0,
                86,
                -70.0,
                -60.0,
                48.400000000000304,
                -40.0,
                13.00000000000023,
                30.40000000000026
            ],
            "wins": [
                false,
                true,
                false,
                false,
                true,
                false,
                true,
                true
            ]
        },
        {
            "gain": -82.1999999999992,
            "fitness": 24.127603934522057,
            "fitness_balanced": 9.860997372974197,
            "gains": [
                -90.0,
                86,
                -70.0,
                -60.0,
                48.400000000000304,
                -40.0,
                13.00000000000023,
                30.40000000000026
            ],
            "wins": [
                false,
                true,
                false,
                false,
                true,
                false,
                true,
                true
            ]
        }
    ]
}