{
    "gen": 29,
    "enemies": [
        8
    ],
    "results": [
        {
            "gain": 74.08000000000024,
            "fitness": 92.12403030402686,
            "fitness_balanced": 83.42385026742627,
            "wins": [
                1.0
            ]
        }
    ]
}