{
    "gen": 29,
    "enemies": [
        6
    ],
    "results": [
        {
            "gain": 14.960000000000178,
            "fitness": 76.72417908871633,
            "fitness_balanced": 70.99760523667584,
            "wins": [
                0.6
            ]
        }
    ]
}