{
    "gen": 29,
    "enemies": [
        3
    ],
    "results": [
        {
            "gain": -4.4,
            "fitness": 67.55434660222332,
            "fitness_balanced": 51.83248350911166,
            "wins": [
                0.4
            ]
        }
    ]
}