{
    "gen": 29,
    "enemies": [
        6
    ],
    "results": [
        {
            "gain": 88.00000000000011,
            "fitness": 91.5234435972813,
            "fitness_balanced": 86.72275227336857,
            "wins": [
                true
            ]
        }
    ]
}