{
    "gen": 29,
    "enemies": [
        2
    ],
    "results": [
        {
            "gain": 79.2,
            "fitness": 92.45005999575736,
            "fitness_balanced": 84.54041448585585,
            "wins": [
                1.0
            ]
        }
    ]
}