{
    "gen": 29,
    "enemies": [
        4
    ],
    "results": [
        {
            "gain": -18.319999999999887,
            "fitness": 52.44801253331129,
            "fitness_balanced": 65.555592819679,
            "wins": [
                0.4
            ]
        }
    ]
}