{
    "gen": 999,
    "enemies": [
        1,
        2,
        3,
        4,
        5,
        6,
        7,
        8
    ],
    "results": [
        {
            "gain": 84.20000000000071,
            "fitness": 73.26734224607819,
            "fitness_balanced": 34.8445199331811,
            "gains": [
                4,
                -20.0,
                14,
                1.6000000000002341,
                76.00000000000023,
                -10.0,
                -10.0,
                28.600000000000257
            ],
            "wins": [
                true,
                false,
                true,
                true,
                true,
                false,
                false,
                true
            ]
        },
        {
            "gain": 84.20000000000071,
            "fitness": 73.26734224607819,
            "fitness_balanced": 34.8445199331811,
            "gains": [
                4,
                -20.0,
                14,
                1.6000000000002341,
                76.00000000000023,
                -10.0,
                -10.0,
                28.600000000000257
            ],
            "wins": [
                true,
                false,
                true,
                true,
                true,
                false,
                false,
                true
            ]
        },
        {
            "gain": 84.20000000000071,
            "fitness": 73.26734224607819,
            "fitness_balanced": 34.8445199331811,
            "gains": [
                4,
                -20.0,
                14,
                1.6000000000002341,
                76.00000000000023,
                -10.0,
                -10.0,
                28.600000000000257
            ],
            "wins": [
                true,
                false,
                true,
                true,
                true,
                false,
                false,
                true
            ]
        },
        {
            "gain": 84.20000000000071,
            "fitness": 73.26734224607819,
            "fitness_balanced": 34.8445199331811,
            "gains": [
                4,
                -20.0,
                14,
                1.6000000000002341,
                76.00000000000023,
                -10.0,
                -10.0,
                28.600000000000257
            ],
            "wins": [
                true,
                false,
                true,
                true,
                true,
                false,
                false,
                true
            ]
        },
        {
            "gain": 84.20000000000071,
            "fitness": 73.26734224607819,
            "fitness_balanced": 34.8445199331811,
            "gains": [
                4,
                -20.0,
                14,
                1.6000000000002341,
                76.00000000000023,
                -10.0,
                -10.0,
                28.600000000000257
            ],
            "wins": [
                true,
                false,
                true,
                true,
                true,
                false,
                false,
                true
            ]
        }
    ]
}