{
    "gen": 29,
    "enemies": [
        1,
        2,
        3,
        4,
        5,
        6,
        7,
        8
    ],
    "results": [
        {
            "gain": -232.9999999999997,
            "fitness": 5.12533773174048,
            "fitness_balanced": -4.737527877871614,
            "gains": [
                -30.0,
                -50.0,
                -40.0,
                -90.0,
                84.40000000000015,
                -90.0,
                -100,
                82.60000000000016
            ],
            "wins": [
                false,
                false,
                false,
                false,
                true,
                false,
                false,
                true
            ]
        },
        {
            "gain": -232.9999999999997,
            "fitness": 5.12533773174048,
            "fitness_balanced": -4.737527877871614,
            "gains": [
                -30.0,
                -50.0,
                -40.0,
                -90.0,
                84.40000000000015,
                -90.0,
                -100,
                82.60000000000016
            ],
            "wins": [
                false,
                false,
                false,
                false,
                true,
                false,
                false,
                true
            ]
        },
        {
            "gain": -232.9999999999997,
            "fitness": 5.12533773174048,
            "fitness_balanced": -4.737527877871614,
            "gains": [
                -30.0,
                -50.0,
                -40.0,
                -90.0,
                84.40000000000015,
                -90.0,
                -100,
                82.60000000000016
            ],
            "wins": [
                false,
                false,
                false,
                false,
                true,
                false,
                false,
                true
            ]
        },
        {
            "gain": -232.9999999999997,
            "fitness": 5.12533773174048,
            "fitness_balanced": -4.737527877871614,
            "gains": [
                -30.0,
                -50.0,
                -40.0,
                -90.0,
                84.40000000000015,
                -90.0,
                -100,
                82.60000000000016
            ],
            "wins": [
                false,
                false,
                false,
                false,
                true,
                false,
                false,
                true
            ]
        },
        {
            "gain": -232.9999999999997,
            "fitness": 5.12533773174048,
            "fitness_balanced": -4.737527877871614,
            "gains": [
                -30.0,
                -50.0,
                -40.0,
                -90.0,
                84.40000000000015,
                -90.0,
                -100,
                82.60000000000016
            ],
            "wins": [
                false,
                false,
                false,
                false,
                true,
                false,
                false,
                true
            ]
        }
    ]
}