{
    "gen": 29,
    "enemies": [
        5
    ],
    "results": [
        {
            "gain": 89.8000000000001,
            "fitness": 93.60010264645955,
            "fitness_balanced": 89.51550493721096,
            "wins": [
                true
            ]
        }
    ]
}