{
    "gen": 29,
    "enemies": [
        1,
        2,
        3,
        4,
        5,
        6,
        7,
        8
    ],
    "results": [
        {
            "gain": -400.19999999999993,
            "fitness": 0.9234698716646292,
            "fitness_balanced": 9.091917061831069,
            "gains": [
                -50.0,
                -60.0,
                -40.0,
                -70.0,
                89.8000000000001,
                -100,
                -100,
                -70.0
            ],
            "wins": [
                false,
                false,
                false,
                false,
                true,
                false,
                false,
                false
            ]
        },
        {
            "gain": -400.19999999999993,
            "fitness": 0.9234698716646292,
            "fitness_balanced": 9.091917061831069,
            "gains": [
                -50.0,
                -60.0,
                -40.0,
                -70.0,
                89.8000000000001,
                -100,
                -100,
                -70.0
            ],
            "wins": [
                false,
                false,
                false,
                false,
                true,
                false,
                false,
                false
            ]
        },
        {
            "gain": -400.19999999999993,
            "fitness": 0.9234698716646292,
            "fitness_balanced": 9.091917061831069,
            "gains": [
                -50.0,
                -60.0,
                -40.0,
                -70.0,
                89.8000000000001,
                -100,
                -100,
                -70.0
            ],
            "wins": [
                false,
                false,
                false,
                false,
                true,
                false,
                false,
                false
            ]
        },
        {
            "gain": -400.19999999999993,
            "fitness": 0.9234698716646292,
            "fitness_balanced": 9.091917061831069,
            "gains": [
                -50.0,
                -60.0,
                -40.0,
                -70.0,
                89.8000000000001,
                -100,
                -100,
                -70.0
            ],
            "wins": [
                false,
                false,
                false,
                false,
                true,
                false,
                false,
                false
            ]
        },
        {
            "gain": -400.19999999999993,
            "fitness": 0.9234698716646292,
            "fitness_balanced": 9.091917061831069,
            "gains": [
                -50.0,
                -60.0,
                -40.0,
                -70.0,
                89.8000000000001,
                -100,
                -100,
                -70.0
            ],
            "wins": [
                false,
                false,
                false,
                false,
                true,
                false,
                false,
                false
            ]
        }
    ]
}