{
    "gen": 29,
    "enemies": [
        1,
        2,
        3,
        4,
        5,
        6,
        7,
        8
    ],
    "results": [
        {
            "gain": -311.79999999999984,
            "fitness": -2.096425245541461,
            "fitness_balanced": 9.11112204166712,
            "gains": [
                -50.0,
                -80.0,
                78,
                -80.0,
                80.20000000000019,
                -90.0,
                -100,
                -70.0
            ],
            "wins": [
                false,
                false,
                true,
                false,
                true,
                false,
                false,
                false
            ]
        },
        {
            "gain": -311.79999999999984,
            "fitness": -2.096425245541461,
            "fitness_balanced": 9.11112204166712,
            "gains": [
                -50.0,
                -80.0,
                78,
                -80.0,
                80.20000000000019,
                -90.0,
                -100,
                -70.0
            ],
            "wins": [
                false,
                false,
                true,
                false,
                true,
                false,
                false,
                false
            ]
        },
        {
            "gain": -311.79999999999984,
            "fitness": -2.096425245541461,
            "fitness_balanced": 9.11112204166712,
            "gains": [
                -50.0,
                -80.0,
                78,
                -80.0,
                80.20000000000019,
                -90.0,
                -100,
                -70.0
            ],
            "wins": [
                false,
                false,
                true,
                false,
                true,
                false,
                false,
                false
            ]
        },
        {
            "gain": -311.79999999999984,
            "fitness": -2.096425245541461,
            "fitness_balanced": 9.11112204166712,
            "gains": [
                -50.0,
                -80.0,
                78,
                -80.0,
                80.20000000000019,
                -90.0,
                -100,
                -70.0
            ],
            "wins": [
                false,
                false,
                true,
                false,
                true,
                false,
                false,
                false
            ]
        },
        {
            "gain": -311.79999999999984,
            "fitness": -2.096425245541461,
            "fitness_balanced": 9.11112204166712,
            "gains": [
                -50.0,
                -80.0,
                78,
                -80.0,
                80.20000000000019,
                -90.0,
                -100,
                -70.0
            ],
            "wins": [
                false,
                false,
                true,
                false,
                true,
                false,
                false,
                false
            ]
        }
    ]
}