{
    "gen": 1681,
    "enemies": [
        1,
        2,
        3,
        4,
        5,
        6,
        7,
        8
    ],
    "results": [
        {
            "gain": 544.8000000000011,
            "fitness": 88.21030330342028,
            "fitness_balanced": 65.16208948580417,
            "gains": [
                100,
                80,
                46,
                53.200000000000315,
                91.60000000000008,
                16.60000000000023,
                80.20000000000019,
                77.20000000000022
            ],
            "wins": [
                true,
                true,
                true,
                true,
                true,
                true,
                true,
                true
            ]
        },
        {
            "gain": 544.8000000000011,
            "fitness": 88.21030330342028,
            "fitness_balanced": 65.16208948580417,
            "gains": [
                100,
                80,
                46,
                53.200000000000315,
                91.60000000000008,
                16.60000000000023,
                80.20000000000019,
                77.20000000000022
            ],
            "wins": [
                true,
                true,
                true,
                true,
                true,
                true,
                true,
                true
            ]
        },
        {
            "gain": 544.8000000000011,
            "fitness": 88.21030330342028,
            "fitness_balanced": 65.16208948580417,
            "gains": [
                100,
                80,
                46,
                53.200000000000315,
                91.60000000000008,
                16.60000000000023,
                80.20000000000019,
                77.20000000000022
            ],
            "wins": [
                true,
                true,
                true,
                true,
                true,
                true,
                true,
                true
            ]
        },
        {
            "gain": 544.8000000000011,
            "fitness": 88.21030330342028,
            "fitness_balanced": 65.16208948580417,
            "gains": [
                100,
                80,
                46,
                53.200000000000315,
                91.60000000000008,
                16.60000000000023,
                80.20000000000019,
                77.20000000000022
            ],
            "wins": [
                true,
                true,
                true,
                true,
                true,
                true,
                true,
                true
            ]
        },
        {
            "gain": 544.8000000000011,
            "fitness": 88.21030330342028,
            "fitness_balanced": 65.16208948580417,
            "gains": [
                100,
                80,
                46,
                53.200000000000315,
                91.60000000000008,
                16.60000000000023,
                80.20000000000019,
                77.20000000000022
            ],
            "wins": [
                true,
                true,
                true,
                true,
                true,
                true,
                true,
                true
            ]
        }
    ]
}