{
    "gen": 29,
    "enemies": [
        7
    ],
    "results": [
        {
            "gain": 14.080000000000211,
            "fitness": 77.98287512431882,
            "fitness_balanced": 66.20168263345211,
            "wins": [
                0.8
            ]
        }
    ]
}