{
    "gen": 29,
    "enemies": [
        1,
        2,
        3,
        4,
        5,
        6,
        7,
        8
    ],
    "results": [
        {
            "gain": -349.7999999999996,
            "fitness": -1.7564819651866728,
            "fitness_balanced": 60.470206262487714,
            "gains": [
                -10.0,
                -80.0,
                -100,
                -30.0,
                -14.399999999999864,
                -50.0,
                -100,
                34.60000000000027
            ],
            "wins": [
                false,
                false,
                false,
                false,
                false,
                false,
                false,
                true
            ]
        },
        {
            "gain": -349.7999999999996,
            "fitness": -1.7564819651866728,
            "fitness_balanced": 60.470206262487714,
            "gains": [
                -10.0,
                -80.0,
                -100,
                -30.0,
                -14.399999999999864,
                -50.0,
                -100,
                34.60000000000027
            ],
            "wins": [
                false,
                false,
                false,
                false,
                false,
                false,
                false,
                true
            ]
        },
        {
            "gain": -349.7999999999996,
            "fitness": -1.7564819651866728,
            "fitness_balanced": 60.470206262487714,
            "gains": [
                -10.0,
                -80.0,
                -100,
                -30.0,
                -14.399999999999864,
                -50.0,
                -100,
                34.60000000000027
            ],
            "wins": [
                false,
                false,
                false,
                false,
                false,
                false,
                false,
                true
            ]
        },
        {
            "gain": -349.7999999999996,
            "fitness": -1.7564819651866728,
            "fitness_balanced": 60.470206262487714,
            "gains": [
                -10.0,
                -80.0,
                -100,
                -30.0,
                -14.399999999999864,
                -50.0,
                -100,
                34.60000000000027
            ],
            "wins": [
                false,
                false,
                false,
                false,
                false,
                false,
                false,
                true
            ]
        },
        {
            "gain": -349.7999999999996,
            "fitness": -1.7564819651866728,
            "fitness_balanced": 60.470206262487714,
            "gains": [
                -10.0,
                -80.0,
                -100,
                -30.0,
                -14.399999999999864,
                -50.0,
                -100,
                34.60000000000027
            ],
            "wins": [
                false,
                false,
                false,
                false,
                false,
                false,
                false,
                true
            ]
        }
    ]
}