{
    "gen": 29,
    "enemies": [
        1,
        2,
        3,
        4,
        5,
        6,
        7,
        8
    ],
    "results": [
        {
            "gain": -146.79999999999995,
            "fitness": 8.429299695910544,
            "fitness_balanced": -1.43802061039586,
            "gains": [
                -70.0,
                70,
                58,
                -60.0,
                95.20000000000005,
                -100,
                -70.0,
                -70.0
            ],
            "wins": [
                false,
                true,
                true,
                false,
                true,
                false,
                false,
                false
            ]
        },
        {
            "gain": -146.79999999999995,
            "fitness": 8.429299695910544,
            "fitness_balanced": -1.43802061039586,
            "gains": [
                -70.0,
                70,
                58,
                -60.0,
                95.20000000000005,
                -100,
                -70.0,
                -70.0
            ],
            "wins": [
                false,
                true,
                true,
                false,
                true,
                false,
                false,
                false
            ]
        },
        {
            "gain": -146.79999999999995,
            "fitness": 8.429299695910544,
            "fitness_balanced": -1.43802061039586,
            "gains": [
                -70.0,
                70,
                58,
                -60.0,
                95.20000000000005,
                -100,
                -70.0,
                -70.0
            ],
            "wins": [
                false,
                true,
                true,
                false,
                true,
                false,
                false,
                false
            ]
        },
        {
            "gain": -146.79999999999995,
            "fitness": 8.429299695910544,
            "fitness_balanced": -1.43802061039586,
            "gains": [
                -70.0,
                70,
                58,
                -60.0,
                95.20000000000005,
                -100,
                -70.0,
                -70.0
            ],
            "wins": [
                false,
                true,
                true,
                false,
                true,
                false,
                false,
                false
            ]
        },
        {
            "gain": -146.79999999999995,
            "fitness": 8.429299695910544,
            "fitness_balanced": -1.43802061039586,
            "gains": [
                -70.0,
                70,
                58,
                -60.0,
                95.20000000000005,
                -100,
                -70.0,
                -70.0
            ],
            "wins": [
                false,
                true,
                true,
                false,
                true,
                false,
                false,
                false
            ]
        }
    ]
}