{
    "gen": 29,
    "enemies": [
        1,
        2,
        3,
        4,
        5,
        6,
        7,
        8
    ],
    "results": [
        {
            "gain": -373.59999999999945,
            "fitness": 0.877807356289253,
            "fitness_balanced": -4.301660688040553,
            "gains": [
                -100,
                -70.0,
                -70.0,
                -70.0,
                28.000000000000256,
                48.400000000000304,
                -100,
                -40.0
            ],
            "wins": [
                false,
                false,
                false,
                false,
                true,
                true,
                false,
                false
            ]
        },
        {
            "gain": -373.59999999999945,
            "fitness": 0.877807356289253,
            "fitness_balanced": -4.301660688040553,
            "gains": [
                -100,
                -70.0,
                -70.0,
                -70.0,
                28.000000000000256,
                48.400000000000304,
                -100,
                -40.0
            ],
            "wins": [
                false,
                false,
                false,
                false,
                true,
                true,
                false,
                false
            ]
        },
        {
            "gain": -373.59999999999945,
            "fitness": 0.877807356289253,
            "fitness_balanced": -4.301660688040553,
            "gains": [
                -100,
                -70.0,
                -70.0,
                -70.0,
                28.000000000000256,
                48.400000000000304,
                -100,
                -40.0
            ],
            "wins": [
                false,
                false,
                false,
                false,
                true,
                true,
                false,
                false
            ]
        },
        {
            "gain": -373.59999999999945,
            "fitness": 0.877807356289253,
            "fitness_balanced": -4.301660688040553,
            "gains": [
                -100,
                -70.0,
                -70.0,
                -70.0,
                28.000000000000256,
                48.400000000000304,
                -100,
                -40.0
            ],
            "wins": [
                false,
                false,
                false,
                false,
                true,
                true,
                false,
                false
            ]
        },
        {
            "gain": -373.59999999999945,
            "fitness": 0.877807356289253,
            "fitness_balanced": -4.301660688040553,
            "gains": [
                -100,
                -70.0,
                -70.0,
                -70.0,
                28.000000000000256,
                48.400000000000304,
                -100,
                -40.0
            ],
            "wins": [
                false,
                false,
                false,
                false,
                true,
                true,
                false,
                false
            ]
        }
    ]
}