{
    "gen": 29,
    "enemies": [
        1
    ],
    "results": [
        {
            "gain": -30.0,
            "fitness": 57.49466012328748,
            "fitness_balanced": 34.182888840036796,
            "wins": [
                0.0
            ]
        }
    ]
}