{
    "gen": 29,
    "enemies": [
        3
    ],
    "results": [
        {
            "gain": 44,
            "fitness": 88.26660195700336,
            "fitness_balanced": 65.86443510891826,
            "wins": [
                true
            ]
        }
    ]
}