{
    "gen": 29,
    "enemies": [
        1,
        2,
        3,
        4,
        5,
        6,
        7,
        8
    ],
    "results": [
        {
            "gain": -103.19999999999965,
            "fitness": 19.32630175693297,
            "fitness_balanced": 5.015449662615723,
            "gains": [
                100,
                -30.0,
                44,
                -60.0,
                62.80000000000034,
                -70.0,
                -90.0,
                -60.0
            ],
            "wins": [
                true,
                false,
                true,
                false,
                true,
                false,
                false,
                false
            ]
        },
        {
            "gain": -103.19999999999965,
            "fitness": 19.32630175693297,
            "fitness_balanced": 5.015449662615723,
            "gains": [
                100,
                -30.0,
                44,
                -60.0,
                62.80000000000034,
                -70.0,
                -90.0,
                -60.0
            ],
            "wins": [
                true,
                false,
                true,
                false,
                true,
                false,
                false,
                false
            ]
        },
        {
            "gain": -103.19999999999965,
            "fitness": 19.32630175693297,
            "fitness_balanced": 5.015449662615723,
            "gains": [
                100,
                -30.0,
                44,
                -60.0,
                62.80000000000034,
                -70.0,
                -90.0,
                -60.0
            ],
            "wins": [
                true,
                false,
                true,
                false,
                true,
                false,
                false,
                false
            ]
        },
        {
            "gain": -103.19999999999965,
            "fitness": 19.32630175693297,
            "fitness_balanced": 5.015449662615723,
            "gains": [
                100,
                -30.0,
                44,
                -60.0,
                62.80000000000034,
                -70.0,
                -90.0,
                -60.0
            ],
            "wins": [
                true,
                false,
                true,
                false,
                true,
                false,
                false,
                false
            ]
        },
        {
            "gain": -103.19999999999965,
            "fitness": 19.32630175693297,
            "fitness_balanced": 5.015449662615723,
            "gains": [
                100,
                -30.0,
                44,
                -60.0,
                62.80000000000034,
                -70.0,
                -90.0,
                -60.0
            ],
            "wins": [
                true,
                false,
                true,
                false,
                true,
                false,
                false,
                false
            ]
        }
    ]
}