{
    "gen": 29,
    "enemies": [
        7
    ],
    "results": [
        {
            "gain": 46.360000000000284,
            "fitness": 89.24326311894701,
            "fitness_balanced": 77.16627799644593,
            "wins": [
                1.0
            ]
        }
    ]
}