{
    "gen": 29,
    "enemies": [
        1,
        2,
        3,
        4,
        5,
        6,
        7,
        8
    ],
    "results": [
        {
            "gain": -101.59999999999991,
            "fitness": 9.686641450054822,
            "fitness_balanced": -0.6631618310000391,
            "gains": [
                100,
                -50.0,
                68,
                -60.0,
                90.40000000000009,
                -90.0,
                -100,
                -60.0
            ],
            "wins": [
                true,
                false,
                true,
                false,
                true,
                false,
                false,
                false
            ]
        },
        {
            "gain": -101.59999999999991,
            "fitness": 9.686641450054822,
            "fitness_balanced": -0.6631618310000391,
            "gains": [
                100,
                -50.0,
                68,
                -60.0,
                90.40000000000009,
                -90.0,
                -100,
                -60.0
            ],
            "wins": [
                true,
                false,
                true,
                false,
                true,
                false,
                false,
                false
            ]
        },
        {
            "gain": -101.59999999999991,
            "fitness": 9.686641450054822,
            "fitness_balanced": -0.6631618310000391,
            "gains": [
                100,
                -50.0,
                68,
                -60.0,
                90.40000000000009,
                -90.0,
                -100,
                -60.0
            ],
            "wins": [
                true,
                false,
                true,
                false,
                true,
                false,
                false,
                false
            ]
        },
        {
            "gain": -101.59999999999991,
            "fitness": 9.686641450054822,
            "fitness_balanced": -0.6631618310000391,
            "gains": [
                100,
                -50.0,
                68,
                -60.0,
                90.40000000000009,
                -90.0,
                -100,
                -60.0
            ],
            "wins": [
                true,
                false,
                true,
                false,
                true,
                false,
                false,
                false
            ]
        },
        {
            "gain": -101.59999999999991,
            "fitness": 9.686641450054822,
            "fitness_balanced": -0.6631618310000391,
            "gains": [
                100,
                -50.0,
                68,
                -60.0,
                90.40000000000009,
                -90.0,
                -100,
                -60.0
            ],
            "wins": [
                true,
                false,
                true,
                false,
                true,
                false,
                false,
                false
            ]
        }
    ]
}