{
    "gen": 29,
    "enemies": [
        3
    ],
    "results": [
        {
            "gain": -40.8,
            "fitness": 43.38975953612099,
            "fitness_balanced": 9.168117522716482,
            "wins": [
                0.2
            ]
        }
    ]
}