{
    "gen": 29,
    "enemies": [
        4
    ],
    "results": [
        {
            "gain": -10.319999999999892,
            "fitness": 64.48873306475213,
            "fitness_balanced": 42.08611316836666,
            "wins": [
                0.2
            ]
        }
    ]
}