{
    "gen": 29,
    "enemies": [
        1,
        2,
        3,
        4,
        5,
        6,
        7,
        8
    ],
    "results": [
        {
            "gain": -245.9999999999995,
            "fitness": 12.010028839872085,
            "fitness_balanced": 9.296217525343799,
            "gains": [
                -50.0,
                -70.0,
                -30.0,
                79.6000000000002,
                54.40000000000032,
                -60.0,
                -100,
                -70.0
            ],
            "wins": [
                false,
                false,
                false,
                true,
                true,
                false,
                false,
                false
            ]
        },
        {
            "gain": -245.9999999999995,
            "fitness": 12.010028839872085,
            "fitness_balanced": 9.296217525343799,
            "gains": [
                -50.0,
                -70.0,
                -30.0,
                79.6000000000002,
                54.40000000000032,
                -60.0,
                -100,
                -70.0
            ],
            "wins": [
                false,
                false,
                false,
                true,
                true,
                false,
                false,
                false
            ]
        },
        {
            "gain": -245.9999999999995,
            "fitness": 12.010028839872085,
            "fitness_balanced": 9.296217525343799,
            "gains": [
                -50.0,
                -70.0,
                -30.0,
                79.6000000000002,
                54.40000000000032,
                -60.0,
                -100,
                -70.0
            ],
            "wins": [
                false,
                false,
                false,
                true,
                true,
                false,
                false,
                false
            ]
        },
        {
            "gain": -245.9999999999995,
            "fitness": 12.010028839872085,
            "fitness_balanced": 9.296217525343799,
            "gains": [
                -50.0,
                -70.0,
                -30.0,
                79.6000000000002,
                54.40000000000032,
                -60.0,
                -100,
                -70.0
            ],
            "wins": [
                false,
                false,
                false,
                true,
                true,
                false,
                false,
                false
            ]
        },
        {
            "gain": -245.9999999999995,
            "fitness": 12.010028839872085,
            "fitness_balanced": 9.296217525343799,
            "gains": [
                -50.0,
                -70.0,
                -30.0,
                79.6000000000002,
                54.40000000000032,
                -60.0,
                -100,
                -70.0
            ],
            "wins": [
                false,
                false,
                false,
                true,
                true,
                false,
                false,
                false
            ]
        }
    ]
}