{
    "gen": 29,
    "enemies": [
        6
    ],
    "results": [
        {
            "gain": -40.0,
            "fitness": 47.89744140538643,
            "fitness_balanced": 23.895206767585016,
            "wins": [
                false
            ]
        }
    ]
}