{
    "gen": 29,
    "enemies": [
        1,
        2,
        3,
        4,
        5,
        6,
        7,
        8
    ],
    "results": [
        {
            "gain": -177.99999999999972,
            "fitness": 21.700185464791385,
            "fitness_balanced": 4.99436564256132,
            "gains": [
                -50.0,
                72,
                -30.0,
                -70.0,
                70.00000000000028,
                -40.0,
                -90.0,
                -40.0
            ],
            "wins": [
                false,
                true,
                false,
                false,
                true,
                false,
                false,
                false
            ]
        },
        {
            "gain": -177.99999999999972,
            "fitness": 21.700185464791385,
            "fitness_balanced": 4.99436564256132,
            "gains": [
                -50.0,
                72,
                -30.0,
                -70.0,
                70.00000000000028,
                -40.0,
                -90.0,
                -40.0
            ],
            "wins": [
                false,
                true,
                false,
                false,
                true,
                false,
                false,
                false
            ]
        },
        {
            "gain": -177.99999999999972,
            "fitness": 21.700185464791385,
            "fitness_balanced": 4.99436564256132,
            "gains": [
                -50.0,
                72,
                -30.0,
                -70.0,
                70.00000000000028,
                -40.0,
                -90.0,
                -40.0
            ],
            "wins": [
                false,
                true,
                false,
                false,
                true,
                false,
                false,
                false
            ]
        },
        {
            "gain": -177.99999999999972,
            "fitness": 21.700185464791385,
            "fitness_balanced": 4.99436564256132,
            "gains": [
                -50.0,
                72,
                -30.0,
                -70.0,
                70.00000000000028,
                -40.0,
                -90.0,
                -40.0
            ],
            "wins": [
                false,
                true,
                false,
                false,
                true,
                false,
                false,
                false
            ]
        },
        {
            "gain": -177.99999999999972,
            "fitness": 21.700185464791385,
            "fitness_balanced": 4.99436564256132,
            "gains": [
                -50.0,
                72,
                -30.0,
                -70.0,
                70.00000000000028,
                -40.0,
                -90.0,
                -40.0
            ],
            "wins": [
                false,
                true,
                false,
                false,
                true,
                false,
                false,
                false
            ]
        }
    ]
}