{
    "gen": 29,
    "enemies": [
        1,
        2,
        3,
        4,
        5,
        6,
        7,
        8
    ],
    "results": [
        {
            "gain": -199.39999999999944,
            "fitness": 9.955932700711891,
            "fitness_balanced": 59.09486503108364,
            "gains": [
                -100,
                70,
                -70.0,
                -90.0,
                -30.0,
                -60.0,
                50.80000000000031,
                29.80000000000026
            ],
            "wins": [
                false,
                true,
                false,
                false,
                false,
                false,
                true,
                true
            ]
        },
        {
            "gain": -199.39999999999944,
            "fitness": 9.955932700711891,
            "fitness_balanced": 59.09486503108364,
            "gains": [
                -100,
                70,
                -70.0,
                -90.0,
                -30.0,
                -60.0,
                50.80000000000031,
                29.80000000000026
            ],
            "wins": [
                false,
                true,
                false,
                false,
                false,
                false,
                true,
                true
            ]
        },
        {
            "gain": -199.39999999999944,
            "fitness": 9.955932700711891,
            "fitness_balanced": 59.09486503108364,
            "gains": [
                -100,
                70,
                -70.0,
                -90.0,
                -30.0,
                -60.0,
                50.80000000000031,
                29.80000000000026
            ],
            "wins": [
                false,
                true,
                false,
                false,
                false,
                false,
                true,
                true
            ]
        },
        {
            "gain": -199.39999999999944,
            "fitness": 9.955932700711891,
            "fitness_balanced": 59.09486503108364,
            "gains": [
                -100,
                70,
                -70.0,
                -90.0,
                -30.0,
                -60.0,
                50.80000000000031,
                29.80000000000026
            ],
            "wins": [
                false,
                true,
                false,
                false,
                false,
                false,
                true,
                true
            ]
        },
        {
            "gain": -199.39999999999944,
            "fitness": 9.955932700711891,
            "fitness_balanced": 59.09486503108364,
            "gains": [
                -100,
                70,
                -70.0,
                -90.0,
                -30.0,
                -60.0,
                50.80000000000031,
                29.80000000000026
            ],
            "wins": [
                false,
                true,
                false,
                false,
                false,
                false,
                true,
                true
            ]
        }
    ]
}