{
    "gen": 29,
    "enemies": [
        5
    ],
    "results": [
        {
            "gain": 68.95000000000013,
            "fitness": 91.22866535586121,
            "fitness_balanced": 88.89282822853994,
            "wins": [
                1.0
            ]
        }
    ]
}