{
    "gen": 29,
    "enemies": [
        6
    ],
    "results": [
        {
            "gain": 43.00000000000029,
            "fitness": 89.01679627126204,
            "fitness_balanced": 66.2117329693056,
            "wins": [
                true
            ]
        }
    ]
}