{
    "gen": 29,
    "enemies": [
        1
    ],
    "results": [
        {
            "gain": -10.0,
            "fitness": 75.04157530697022,
            "fitness_balanced": 39.03899466037673,
            "wins": [
                false
            ]
        }
    ]
}