{
    "gen": 29,
    "enemies": [
        5
    ],
    "results": [
        {
            "gain": 51.90000000000008,
            "fitness": 77.56209643169737,
            "fitness_balanced": 86.37853908213783,
            "wins": [
                0.75
            ]
        }
    ]
}