{
    "gen": 29,
    "enemies": [
        1,
        2,
        3,
        4,
        5,
        6,
        7,
        8
    ],
    "results": [
        {
            "gain": -62.199999999999676,
            "fitness": 20.03399452394612,
            "fitness_balanced": 6.890485196709527,
            "gains": [
                -60.0,
                68,
                2,
                -70.0,
                98.20000000000002,
                -50.0,
                -100,
                49.60000000000031
            ],
            "wins": [
                false,
                true,
                true,
                false,
                true,
                false,
                false,
                true
            ]
        },
        {
            "gain": -62.199999999999676,
            "fitness": 20.03399452394612,
            "fitness_balanced": 6.890485196709527,
            "gains": [
                -60.0,
                68,
                2,
                -70.0,
                98.20000000000002,
                -50.0,
                -100,
                49.60000000000031
            ],
            "wins": [
                false,
                true,
                true,
                false,
                true,
                false,
                false,
                true
            ]
        },
        {
            "gain": -62.199999999999676,
            "fitness": 20.03399452394612,
            "fitness_balanced": 6.890485196709527,
            "gains": [
                -60.0,
                68,
                2,
                -70.0,
                98.20000000000002,
                -50.0,
                -100,
                49.60000000000031
            ],
            "wins": [
                false,
                true,
                true,
                false,
                true,
                false,
                false,
                true
            ]
        },
        {
            "gain": -62.199999999999676,
            "fitness": 20.03399452394612,
            "fitness_balanced": 6.890485196709527,
            "gains": [
                -60.0,
                68,
                2,
                -70.0,
                98.20000000000002,
                -50.0,
                -100,
                49.60000000000031
            ],
            "wins": [
                false,
                true,
                true,
                false,
                true,
                false,
                false,
                true
            ]
        },
        {
            "gain": -62.199999999999676,
            "fitness": 20.03399452394612,
            "fitness_balanced": 6.890485196709527,
            "gains": [
                -60.0,
                68,
                2,
                -70.0,
                98.20000000000002,
                -50.0,
                -100,
                49.60000000000031
            ],
            "wins": [
                false,
                true,
                true,
                false,
                true,
                false,
                false,
                true
            ]
        }
    ]
}