{
    "experiment_name": "[7, 8]_2_enemies_e_f-rank",
    "enemies": [
        7,
        8
    ],
    "n_hidden_neurons": 10,
    "domain_upper": 1,
    "domain_lower": -1,
    "pop_size": 100,
    "gens": 1000,
    "mutation_rate": 0.2,
    "normalization_method": "default",
    "fitness_method": "rank",
    "pick_parent_method": "multinomial",
    "survivor_method": "multinomial",
    "headless": true,
    "multi_ini": false,
    "randomini": "no",
    "crossover_method": "none",
    "mutation_type": "stochastic_decaying",
    "start_new": true,
    "exploration_island": true,
    "exploration_gens": 15,
    "gen": 999,
    "best_default": 91.77289246928257,
    "mean_default": 90.26553883773055,
    "std_default": 7.677052077816523,
    "Q5_default": 89.60037669716189,
    "Q95_default": 91.77289246928257,
    "best_balanced": 80.24814186652407,
    "mean_balanced": 78.2742895019907,
    "std_balanced": 7.248794000478725,
    "Q5_balanced": 69.01516696037767,
    "Q95_balanced": 80.24814186652407,
    "best_default_explore": 87.13935834262665,
    "mean_default_explore": 87.13720997295142,
    "std_default_explore": 0.015038587726644518,
    "Q5_default_explore": 87.13935834262664,
    "Q95_default_explore": 87.13935834262665,
    "best_balanced_explore": 59.586794020958344,
    "mean_balanced_explore": 58.50671143411888,
    "std_balanced_explore": 0.6240459147232087,
    "Q5_balanced_explore": 57.62772932632865,
    "Q95_balanced_explore": 59.431939858865
}