{
    "gen": 29,
    "enemies": [
        6
    ],
    "results": [
        {
            "gain": -27.07999999999995,
            "fitness": 59.41612533279071,
            "fitness_balanced": 24.358092929061886,
            "wins": [
                0.2
            ]
        }
    ]
}