{
    "gen": 29,
    "enemies": [
        3
    ],
    "results": [
        {
            "gain": 4.0,
            "fitness": 68.44630155256316,
            "fitness_balanced": 57.78739390424848,
            "wins": [
                0.6
            ]
        }
    ]
}