{
    "gen": 29,
    "enemies": [
        4
    ],
    "results": [
        {
            "gain": 60.5200000000003,
            "fitness": 89.24060374167263,
            "fitness_balanced": 70.96374072272309,
            "wins": [
                1.0
            ]
        }
    ]
}