{
    "gen": 29,
    "enemies": [
        6
    ],
    "results": [
        {
            "gain": 41.20000000000029,
            "fitness": 87.27838452352245,
            "fitness_balanced": 63.75731671776171,
            "wins": [
                true
            ]
        }
    ]
}