{
    "gen": 29,
    "enemies": [
        1,
        2,
        3,
        4,
        5,
        6,
        7,
        8
    ],
    "results": [
        {
            "gain": -438.7999999999993,
            "fitness": -4.021490232282005,
            "fitness_balanced": -5.668419627734838,
            "gains": [
                -100,
                -60.0,
                -90.0,
                -3.599999999999767,
                -66.39999999999978,
                41.20000000000029,
                -100,
                -60.0
            ],
            "wins": [
                false,
                false,
                false,
                false,
                false,
                true,
                false,
                false
            ]
        },
        {
            "gain": -438.7999999999993,
            "fitness": -4.021490232282005,
            "fitness_balanced": -5.668419627734838,
            "gains": [
                -100,
                -60.0,
                -90.0,
                -3.599999999999767,
                -66.39999999999978,
                41.20000000000029,
                -100,
                -60.0
            ],
            "wins": [
                false,
                false,
                false,
                false,
                false,
                true,
                false,
                false
            ]
        },
        {
            "gain": -438.7999999999993,
            "fitness": -4.021490232282005,
            "fitness_balanced": -5.668419627734838,
            "gains": [
                -100,
                -60.0,
                -90.0,
                -3.599999999999767,
                -66.39999999999978,
                41.20000000000029,
                -100,
                -60.0
            ],
            "wins": [
                false,
                false,
                false,
                false,
                false,
                true,
                false,
                false
            ]
        },
        {
            "gain": -438.7999999999993,
            "fitness": -4.021490232282005,
            "fitness_balanced": -5.668419627734838,
            "gains": [
                -100,
                -60.0,
                -90.0,
                -3.599999999999767,
                -66.39999999999978,
                41.20000000000029,
                -100,
                -60.0
            ],
            "wins": [
                false,
                false,
                false,
                false,
                false,
                true,
                false,
                false
            ]
        },
        {
            "gain": -438.7999999999993,
            "fitness": -4.021490232282005,
            "fitness_balanced": -5.668419627734838,
            "gains": [
                -100,
                -60.0,
                -90.0,
                -3.599999999999767,
                -66.39999999999978,
                41.20000000000029,
                -100,
                -60.0
            ],
            "wins": [
                false,
                false,
                false,
                false,
                false,
                true,
                false,
                false
            ]
        }
    ]
}