{
    "gen": 29,
    "enemies": [
        3
    ],
    "results": [
        {
            "gain": -26.8,
            "fitness": 56.00395997989468,
            "fitness_balanced": 24.17105438238979,
            "wins": [
                0.2
            ]
        }
    ]
}