{
    "gen": 29,
    "enemies": [
        1,
        2,
        3,
        4,
        5,
        6,
        7,
        8
    ],
    "results": [
        {
            "gain": -228.99999999999963,
            "fitness": 4.9969737060202775,
            "fitness_balanced": -3.833013167043063,
            "gains": [
                -60.0,
                -80.0,
                -40.0,
                92.20000000000007,
                68.8000000000003,
                -100,
                -100,
                -10.0
            ],
            "wins": [
                false,
                false,
                false,
                true,
                true,
                false,
                false,
                false
            ]
        },
        {
            "gain": -228.99999999999963,
            "fitness": 4.9969737060202775,
            "fitness_balanced": -3.833013167043063,
            "gains": [
                -60.0,
                -80.0,
                -40.0,
                92.20000000000007,
                68.8000000000003,
                -100,
                -100,
                -10.0
            ],
            "wins": [
                false,
                false,
                false,
                true,
                true,
                false,
                false,
                false
            ]
        },
        {
            "gain": -228.99999999999963,
            "fitness": 4.9969737060202775,
            "fitness_balanced": -3.833013167043063,
            "gains": [
                -60.0,
                -80.0,
                -40.0,
                92.20000000000007,
                68.8000000000003,
                -100,
                -100,
                -10.0
            ],
            "wins": [
                false,
                false,
                false,
                true,
                true,
                false,
                false,
                false
            ]
        },
        {
            "gain": -228.99999999999963,
            "fitness": 4.9969737060202775,
            "fitness_balanced": -3.833013167043063,
            "gains": [
                -60.0,
                -80.0,
                -40.0,
                92.20000000000007,
                68.8000000000003,
                -100,
                -100,
                -10.0
            ],
            "wins": [
                false,
                false,
                false,
                true,
                true,
                false,
                false,
                false
            ]
        },
        {
            "gain": -228.99999999999963,
            "fitness": 4.9969737060202775,
            "fitness_balanced": -3.833013167043063,
            "gains": [
                -60.0,
                -80.0,
                -40.0,
                92.20000000000007,
                68.8000000000003,
                -100,
                -100,
                -10.0
            ],
            "wins": [
                false,
                false,
                false,
                true,
                true,
                false,
                false,
                false
            ]
        }
    ]
}