{
    "gen": 29,
    "enemies": [
        8
    ],
    "results": [
        {
            "gain": 74.80000000000024,
            "fitness": 91.69003982910276,
            "fitness_balanced": 81.60698639161598,
            "wins": [
                true
            ]
        }
    ]
}