{
    "gen": 29,
    "enemies": [
        1,
        2,
        3,
        4,
        5,
        6,
        7,
        8
    ],
    "results": [
        {
            "gain": -314.79999999999967,
            "fitness": 2.6471868456409027,
            "fitness_balanced": -2.1844777397431088,
            "gains": [
                -90.0,
                -50.0,
                -70.0,
                -20.0,
                10.400000000000091,
                -70.0,
                -100,
                74.80000000000024
            ],
            "wins": [
                false,
                false,
                false,
                false,
                false,
                false,
                false,
                true
            ]
        },
        {
            "gain": -314.79999999999967,
            "fitness": 2.6471868456409027,
            "fitness_balanced": -2.1844777397431088,
            "gains": [
                -90.0,
                -50.0,
                -70.0,
                -20.0,
                10.400000000000091,
                -70.0,
                -100,
                74.80000000000024
            ],
            "wins": [
                false,
                false,
                false,
                false,
                false,
                false,
                false,
                true
            ]
        },
        {
            "gain": -314.79999999999967,
            "fitness": 2.6471868456409027,
            "fitness_balanced": -2.1844777397431088,
            "gains": [
                -90.0,
                -50.0,
                -70.0,
                -20.0,
                10.400000000000091,
                -70.0,
                -100,
                74.80000000000024
            ],
            "wins": [
                false,
                false,
                false,
                false,
                false,
                false,
                false,
                true
            ]
        },
        {
            "gain": -314.79999999999967,
            "fitness": 2.6471868456409027,
            "fitness_balanced": -2.1844777397431088,
            "gains": [
                -90.0,
                -50.0,
                -70.0,
                -20.0,
                10.400000000000091,
                -70.0,
                -100,
                74.80000000000024
            ],
            "wins": [
                false,
                false,
                false,
                false,
                false,
                false,
                false,
                true
            ]
        },
        {
            "gain": -314.79999999999967,
            "fitness": 2.6471868456409027,
            "fitness_balanced": -2.1844777397431088,
            "gains": [
                -90.0,
                -50.0,
                -70.0,
                -20.0,
                10.400000000000091,
                -70.0,
                -100,
                74.80000000000024
            ],
            "wins": [
                false,
                false,
                false,
                false,
                false,
                false,
                false,
                true
            ]
        }
    ]
}