{
    "gen": 29,
    "enemies": [
        1,
        2,
        3,
        4,
        5,
        6,
        7,
        8
    ],
    "results": [
        {
            "gain": -348.59999999999934,
            "fitness": -1.8039419334500977,
            "fitness_balanced": -7.643431386865682,
            "gains": [
                -80.0,
                -60.0,
                -60.0,
                59.80000000000033,
                61.600000000000335,
                -100,
                -100,
                -70.0
            ],
            "wins": [
                false,
                false,
                false,
                true,
                true,
                false,
                false,
                false
            ]
        },
        {
            "gain": -348.59999999999934,
            "fitness": -1.8039419334500977,
            "fitness_balanced": -7.643431386865682,
            "gains": [
                -80.0,
                -60.0,
                -60.0,
                59.80000000000033,
                61.600000000000335,
                -100,
                -100,
                -70.0
            ],
            "wins": [
                false,
                false,
                false,
                true,
                true,
                false,
                false,
                false
            ]
        },
        {
            "gain": -348.59999999999934,
            "fitness": -1.8039419334500977,
            "fitness_balanced": -7.643431386865682,
            "gains": [
                -80.0,
                -60.0,
                -60.0,
                59.80000000000033,
                61.600000000000335,
                -100,
                -100,
                -70.0
            ],
            "wins": [
                false,
                false,
                false,
                true,
                true,
                false,
                false,
                false
            ]
        },
        {
            "gain": -348.59999999999934,
            "fitness": -1.8039419334500977,
            "fitness_balanced": -7.643431386865682,
            "gains": [
                -80.0,
                -60.0,
                -60.0,
                59.80000000000033,
                61.600000000000335,
                -100,
                -100,
                -70.0
            ],
            "wins": [
                false,
                false,
                false,
                true,
                true,
                false,
                false,
                false
            ]
        },
        {
            "gain": -348.59999999999934,
            "fitness": -1.8039419334500977,
            "fitness_balanced": -7.643431386865682,
            "gains": [
                -80.0,
                -60.0,
                -60.0,
                59.80000000000033,
                61.600000000000335,
                -100,
                -100,
                -70.0
            ],
            "wins": [
                false,
                false,
                false,
                true,
                true,
                false,
                false,
                false
            ]
        }
    ]
}