{
    "gen": 999,
    "enemies": [
        1,
        2,
        3,
        4,
        5,
        6,
        7,
        8
    ],
    "results": [
        {
            "gain": 170.00000000000114,
            "fitness": 54.861041648601244,
            "fitness_balanced": 33.52608802767958,
            "gains": [
                -70.0,
                70,
                24,
                47.2000000000003,
                52.00000000000031,
                -20.0,
                23.800000000000246,
                43.00000000000029
            ],
            "wins": [
                false,
                true,
                true,
                true,
                true,
                false,
                true,
                true
            ]
        },
        {
            "gain": 170.00000000000114,
            "fitness": 54.861041648601244,
            "fitness_balanced": 33.52608802767958,
            "gains": [
                -70.0,
                70,
                24,
                47.2000000000003,
                52.00000000000031,
                -20.0,
                23.800000000000246,
                43.00000000000029
            ],
            "wins": [
                false,
                true,
                true,
                true,
                true,
                false,
                true,
                true
            ]
        },
        {
            "gain": 170.00000000000114,
            "fitness": 54.861041648601244,
            "fitness_balanced": 33.52608802767958,
            "gains": [
                -70.0,
                70,
                24,
                47.2000000000003,
                52.00000000000031,
                -20.0,
                23.800000000000246,
                43.00000000000029
            ],
            "wins": [
                false,
                true,
                true,
                true,
                true,
                false,
                true,
                true
            ]
        },
        {
            "gain": 170.00000000000114,
            "fitness": 54.861041648601244,
            "fitness_balanced": 33.52608802767958,
            "gains": [
                -70.0,
                70,
                24,
                47.2000000000003,
                52.00000000000031,
                -20.0,
                23.800000000000246,
                43.00000000000029
            ],
            "wins": [
                false,
                true,
                true,
                true,
                true,
                false,
                true,
                true
            ]
        },
        {
            "gain": 170.00000000000114,
            "fitness": 54.861041648601244,
            "fitness_balanced": 33.52608802767958,
            "gains": [
                -70.0,
                70,
                24,
                47.2000000000003,
                52.00000000000031,
                -20.0,
                23.800000000000246,
                43.00000000000029
            ],
            "wins": [
                false,
                true,
                true,
                true,
                true,
                false,
                true,
                true
            ]
        }
    ]
}