{
    "gen": 29,
    "enemies": [
        6
    ],
    "results": [
        {
            "gain": -20.0,
            "fitness": 65.55269413745879,
            "fitness_balanced": 33.55111060585314,
            "wins": [
                false
            ]
        }
    ]
}