{
    "gen": 29,
    "enemies": [
        1,
        2,
        3,
        4,
        5,
        6,
        7,
        8
    ],
    "results": [
        {
            "gain": -292.5999999999999,
            "fitness": 13.403889971952005,
            "fitness_balanced": 18.506246160148315,
            "gains": [
                -50.0,
                -90.0,
                -20.0,
                -60.0,
                87.40000000000012,
                -20.0,
                -90.0,
                -50.0
            ],
            "wins": [
                false,
                false,
                false,
                false,
                true,
                false,
                false,
                false
            ]
        },
        {
            "gain": -292.5999999999999,
            "fitness": 13.403889971952005,
            "fitness_balanced": 18.506246160148315,
            "gains": [
                -50.0,
                -90.0,
                -20.0,
                -60.0,
                87.40000000000012,
                -20.0,
                -90.0,
                -50.0
            ],
            "wins": [
                false,
                false,
                false,
                false,
                true,
                false,
                false,
                false
            ]
        },
        {
            "gain": -292.5999999999999,
            "fitness": 13.403889971952005,
            "fitness_balanced": 18.506246160148315,
            "gains": [
                -50.0,
                -90.0,
                -20.0,
                -60.0,
                87.40000000000012,
                -20.0,
                -90.0,
                -50.0
            ],
            "wins": [
                false,
                false,
                false,
                false,
                true,
                false,
                false,
                false
            ]
        },
        {
            "gain": -292.5999999999999,
            "fitness": 13.403889971952005,
            "fitness_balanced": 18.506246160148315,
            "gains": [
                -50.0,
                -90.0,
                -20.0,
                -60.0,
                87.40000000000012,
                -20.0,
                -90.0,
                -50.0
            ],
            "wins": [
                false,
                false,
                false,
                false,
                true,
                false,
                false,
                false
            ]
        },
        {
            "gain": -292.5999999999999,
            "fitness": 13.403889971952005,
            "fitness_balanced": 18.506246160148315,
            "gains": [
                -50.0,
                -90.0,
                -20.0,
                -60.0,
                87.40000000000012,
                -20.0,
                -90.0,
                -50.0
            ],
            "wins": [
                false,
                false,
                false,
                false,
                true,
                false,
                false,
                false
            ]
        }
    ]
}