{
    "gen": 29,
    "enemies": [
        1,
        2,
        3,
        4,
        5,
        6,
        7,
        8
    ],
    "results": [
        {
            "gain": -374.99999999999966,
            "fitness": -6.299554749779979,
            "fitness_balanced": -9.053171299893894,
            "gains": [
                -100,
                28,
                -70.0,
                -90.0,
                -90.0,
                -100,
                -20.0,
                67.00000000000031
            ],
            "wins": [
                false,
                true,
                false,
                false,
                false,
                false,
                false,
                true
            ]
        },
        {
            "gain": -374.99999999999966,
            "fitness": -6.299554749779979,
            "fitness_balanced": -9.053171299893894,
            "gains": [
                -100,
                28,
                -70.0,
                -90.0,
                -90.0,
                -100,
                -20.0,
                67.00000000000031
            ],
            "wins": [
                false,
                true,
                false,
                false,
                false,
                false,
                false,
                true
            ]
        },
        {
            "gain": -374.99999999999966,
            "fitness": -6.299554749779979,
            "fitness_balanced": -9.053171299893894,
            "gains": [
                -100,
                28,
                -70.0,
                -90.0,
                -90.0,
                -100,
                -20.0,
                67.00000000000031
            ],
            "wins": [
                false,
                true,
                false,
                false,
                false,
                false,
                false,
                true
            ]
        },
        {
            "gain": -374.99999999999966,
            "fitness": -6.299554749779979,
            "fitness_balanced": -9.053171299893894,
            "gains": [
                -100,
                28,
                -70.0,
                -90.0,
                -90.0,
                -100,
                -20.0,
                67.00000000000031
            ],
            "wins": [
                false,
                true,
                false,
                false,
                false,
                false,
                false,
                true
            ]
        },
        {
            "gain": -374.99999999999966,
            "fitness": -6.299554749779979,
            "fitness_balanced": -9.053171299893894,
            "gains": [
                -100,
                28,
                -70.0,
                -90.0,
                -90.0,
                -100,
                -20.0,
                67.00000000000031
            ],
            "wins": [
                false,
                true,
                false,
                false,
                false,
                false,
                false,
                true
            ]
        }
    ]
}