{
    "gen": 29,
    "enemies": [
        8
    ],
    "results": [
        {
            "gain": 47.68000000000018,
            "fitness": 85.73115579647143,
            "fitness_balanced": 86.848141866524,
            "wins": [
                0.8
            ]
        }
    ]
}