{
    "gen": 29,
    "enemies": [
        7
    ],
    "results": [
        {
            "gain": 40.600000000000286,
            "fitness": 88.71289246928256,
            "fitness_balanced": 64.94814186652407,
            "wins": [
                true
            ]
        }
    ]
}