{
    "gen": 29,
    "enemies": [
        1,
        2,
        3,
        4,
        5,
        6,
        7,
        8
    ],
    "results": [
        {
            "gain": -309.39999999999975,
            "fitness": 6.787540640481723,
            "fitness_balanced": 19.531939858864867,
            "gains": [
                -100,
                70,
                -70.0,
                -70.0,
                -60.0,
                -70.0,
                40.600000000000286,
                -50.0
            ],
            "wins": [
                false,
                true,
                false,
                false,
                false,
                false,
                true,
                false
            ]
        },
        {
            "gain": -309.39999999999975,
            "fitness": 6.787540640481723,
            "fitness_balanced": 19.531939858864867,
            "gains": [
                -100,
                70,
                -70.0,
                -70.0,
                -60.0,
                -70.0,
                40.600000000000286,
                -50.0
            ],
            "wins": [
                false,
                true,
                false,
                false,
                false,
                false,
                true,
                false
            ]
        },
        {
            "gain": -309.39999999999975,
            "fitness": 6.787540640481723,
            "fitness_balanced": 19.531939858864867,
            "gains": [
                -100,
                70,
                -70.0,
                -70.0,
                -60.0,
                -70.0,
                40.600000000000286,
                -50.0
            ],
            "wins": [
                false,
                true,
                false,
                false,
                false,
                false,
                true,
                false
            ]
        },
        {
            "gain": -309.39999999999975,
            "fitness": 6.787540640481723,
            "fitness_balanced": 19.531939858864867,
            "gains": [
                -100,
                70,
                -70.0,
                -70.0,
                -60.0,
                -70.0,
                40.600000000000286,
                -50.0
            ],
            "wins": [
                false,
                true,
                false,
                false,
                false,
                false,
                true,
                false
            ]
        },
        {
            "gain": -309.39999999999975,
            "fitness": 6.787540640481723,
            "fitness_balanced": 19.531939858864867,
            "gains": [
                -100,
                70,
                -70.0,
                -70.0,
                -60.0,
                -70.0,
                40.600000000000286,
                -50.0
            ],
            "wins": [
                false,
                true,
                false,
                false,
                false,
                false,
                true,
                false
            ]
        }
    ]
}