{
    "gen": 29,
    "enemies": [
        1,
        2,
        3,
        4,
        5,
        6,
        7,
        8
    ],
    "results": [
        {
            "gain": -617.5999999999998,
            "fitness": -2.2689160117101785,
            "fitness_balanced": 9.657665748035189,
            "gains": [
                -80.0,
                -70.0,
                -90.0,
                -80.0,
                -27.59999999999977,
                -100,
                -100,
                -70.0
            ],
            "wins": [
                false,
                false,
                false,
                false,
                false,
                false,
                false,
                false
            ]
        },
        {
            "gain": -617.5999999999998,
            "fitness": -2.2689160117101785,
            "fitness_balanced": 9.657665748035189,
            "gains": [
                -80.0,
                -70.0,
                -90.0,
                -80.0,
                -27.59999999999977,
                -100,
                -100,
                -70.0
            ],
            "wins": [
                false,
                false,
                false,
                false,
                false,
                false,
                false,
                false
            ]
        },
        {
            "gain": -617.5999999999998,
            "fitness": -2.2689160117101785,
            "fitness_balanced": 9.657665748035189,
            "gains": [
                -80.0,
                -70.0,
                -90.0,
                -80.0,
                -27.59999999999977,
                -100,
                -100,
                -70.0
            ],
            "wins": [
                false,
                false,
                false,
                false,
                false,
                false,
                false,
                false
            ]
        },
        {
            "gain": -617.5999999999998,
            "fitness": -2.2689160117101785,
            "fitness_balanced": 9.657665748035189,
            "gains": [
                -80.0,
                -70.0,
                -90.0,
                -80.0,
                -27.59999999999977,
                -100,
                -100,
                -70.0
            ],
            "wins": [
                false,
                false,
                false,
                false,
                false,
                false,
                false,
                false
            ]
        },
        {
            "gain": -617.5999999999998,
            "fitness": -2.2689160117101785,
            "fitness_balanced": 9.657665748035189,
            "gains": [
                -80.0,
                -70.0,
                -90.0,
                -80.0,
                -27.59999999999977,
                -100,
                -100,
                -70.0
            ],
            "wins": [
                false,
                false,
                false,
                false,
                false,
                false,
                false,
                false
            ]
        }
    ]
}