{
    "gen": 29,
    "enemies": [
        1,
        2,
        3,
        4,
        5,
        6,
        7,
        8
    ],
    "results": [
        {
            "gain": -261.9999999999996,
            "fitness": -2.158650861922517,
            "fitness_balanced": -7.495425526293598,
            "gains": [
                -80.0,
                -100,
                -30.0,
                -10.0,
                77.20000000000022,
                -100,
                -100,
                80.80000000000018
            ],
            "wins": [
                false,
                false,
                false,
                false,
                true,
                false,
                false,
                true
            ]
        },
        {
            "gain": -261.9999999999996,
            "fitness": -2.158650861922517,
            "fitness_balanced": -7.495425526293598,
            "gains": [
                -80.0,
                -100,
                -30.0,
                -10.0,
                77.20000000000022,
                -100,
                -100,
                80.80000000000018
            ],
            "wins": [
                false,
                false,
                false,
                false,
                true,
                false,
                false,
                true
            ]
        },
        {
            "gain": -261.9999999999996,
            "fitness": -2.158650861922517,
            "fitness_balanced": -7.495425526293598,
            "gains": [
                -80.0,
                -100,
                -30.0,
                -10.0,
                77.20000000000022,
                -100,
                -100,
                80.80000000000018
            ],
            "wins": [
                false,
                false,
                false,
                false,
                true,
                false,
                false,
                true
            ]
        },
        {
            "gain": -261.9999999999996,
            "fitness": -2.158650861922517,
            "fitness_balanced": -7.495425526293598,
            "gains": [
                -80.0,
                -100,
                -30.0,
                -10.0,
                77.20000000000022,
                -100,
                -100,
                80.80000000000018
            ],
            "wins": [
                false,
                false,
                false,
                false,
                true,
                false,
                false,
                true
            ]
        },
        {
            "gain": -261.9999999999996,
            "fitness": -2.158650861922517,
            "fitness_balanced": -7.495425526293598,
            "gains": [
                -80.0,
                -100,
                -30.0,
                -10.0,
                77.20000000000022,
                -100,
                -100,
                80.80000000000018
            ],
            "wins": [
                false,
                false,
                false,
                false,
                true,
                false,
                false,
                true
            ]
        }
    ]
}