{
    "gen": 29,
    "enemies": [
        4
    ],
    "results": [
        {
            "gain": 51.52000000000025,
            "fitness": 88.36183591280958,
            "fitness_balanced": 53.52064419553968,
            "wins": [
                1.0
            ]
        }
    ]
}