{
    "gen": 29,
    "enemies": [
        1,
        2,
        3,
        4,
        5,
        6,
        7,
        8
    ],
    "results": [
        {
            "gain": -272.7999999999996,
            "fitness": 6.462683176613858,
            "fitness_balanced": -4.774961481164446,
            "gains": [
                -50.0,
                -50.0,
                -70.0,
                -80.0,
                94.60000000000005,
                -80.0,
                -90.0,
                52.600000000000314
            ],
            "wins": [
                false,
                false,
                false,
                false,
                true,
                false,
                false,
                true
            ]
        },
        {
            "gain": -272.7999999999996,
            "fitness": 6.462683176613858,
            "fitness_balanced": -4.774961481164446,
            "gains": [
                -50.0,
                -50.0,
                -70.0,
                -80.0,
                94.60000000000005,
                -80.0,
                -90.0,
                52.600000000000314
            ],
            "wins": [
                false,
                false,
                false,
                false,
                true,
                false,
                false,
                true
            ]
        },
        {
            "gain": -272.7999999999996,
            "fitness": 6.462683176613858,
            "fitness_balanced": -4.774961481164446,
            "gains": [
                -50.0,
                -50.0,
                -70.0,
                -80.0,
                94.60000000000005,
                -80.0,
                -90.0,
                52.600000000000314
            ],
            "wins": [
                false,
                false,
                false,
                false,
                true,
                false,
                false,
                true
            ]
        },
        {
            "gain": -272.7999999999996,
            "fitness": 6.462683176613858,
            "fitness_balanced": -4.774961481164446,
            "gains": [
                -50.0,
                -50.0,
                -70.0,
                -80.0,
                94.60000000000005,
                -80.0,
                -90.0,
                52.600000000000314
            ],
            "wins": [
                false,
                false,
                false,
                false,
                true,
                false,
                false,
                true
            ]
        },
        {
            "gain": -272.7999999999996,
            "fitness": 6.462683176613858,
            "fitness_balanced": -4.774961481164446,
            "gains": [
                -50.0,
                -50.0,
                -70.0,
                -80.0,
                94.60000000000005,
                -80.0,
                -90.0,
                52.600000000000314
            ],
            "wins": [
                false,
                false,
                false,
                false,
                true,
                false,
                false,
                true
            ]
        }
    ]
}