{
    "gen": 29,
    "enemies": [
        1,
        2,
        3,
        4,
        5,
        6,
        7,
        8
    ],
    "results": [
        {
            "gain": -230.1999999999997,
            "fitness": 16.056149040334052,
            "fitness_balanced": 2.392769695565132,
            "gains": [
                -100,
                -40.0,
                78,
                41.80000000000029,
                -40.0,
                -40.0,
                -70.0,
                -60.0
            ],
            "wins": [
                false,
                false,
                true,
                true,
                false,
                false,
                false,
                false
            ]
        },
        {
            "gain": -230.1999999999997,
            "fitness": 16.056149040334052,
            "fitness_balanced": 2.392769695565132,
            "gains": [
                -100,
                -40.0,
                78,
                41.80000000000029,
                -40.0,
                -40.0,
                -70.0,
                -60.0
            ],
            "wins": [
                false,
                false,
                true,
                true,
                false,
                false,
                false,
                false
            ]
        },
        {
            "gain": -230.1999999999997,
            "fitness": 16.056149040334052,
            "fitness_balanced": 2.392769695565132,
            "gains": [
                -100,
                -40.0,
                78,
                41.80000000000029,
                -40.0,
                -40.0,
                -70.0,
                -60.0
            ],
            "wins": [
                false,
                false,
                true,
                true,
                false,
                false,
                false,
                false
            ]
        },
        {
            "gain": -230.1999999999997,
            "fitness": 16.056149040334052,
            "fitness_balanced": 2.392769695565132,
            "gains": [
                -100,
                -40.0,
                78,
                41.80000000000029,
                -40.0,
                -40.0,
                -70.0,
                -60.0
            ],
            "wins": [
                false,
                false,
                true,
                true,
                false,
                false,
                false,
                false
            ]
        },
        {
            "gain": -230.1999999999997,
            "fitness": 16.056149040334052,
            "fitness_balanced": 2.392769695565132,
            "gains": [
                -100,
                -40.0,
                78,
                41.80000000000029,
                -40.0,
                -40.0,
                -70.0,
                -60.0
            ],
            "wins": [
                false,
                false,
                true,
                true,
                false,
                false,
                false,
                false
            ]
        }
    ]
}