{
    "gen": 29,
    "enemies": [
        1,
        2,
        3,
        4,
        5,
        6,
        7,
        8
    ],
    "results": [
        {
            "gain": -433.59999999999997,
            "fitness": -6.006829071424683,
            "fitness_balanced": 4.5319398588648685,
            "gains": [
                -40.0,
                -80.0,
                -40.0,
                -90.0,
                96.40000000000003,
                -100,
                -100,
                -80.0
            ],
            "wins": [
                false,
                false,
                false,
                false,
                true,
                false,
                false,
                false
            ]
        },
        {
            "gain": -433.59999999999997,
            "fitness": -6.006829071424683,
            "fitness_balanced": 4.5319398588648685,
            "gains": [
                -40.0,
                -80.0,
                -40.0,
                -90.0,
                96.40000000000003,
                -100,
                -100,
                -80.0
            ],
            "wins": [
                false,
                false,
                false,
                false,
                true,
                false,
                false,
                false
            ]
        },
        {
            "gain": -433.59999999999997,
            "fitness": -6.006829071424683,
            "fitness_balanced": 4.5319398588648685,
            "gains": [
                -40.0,
                -80.0,
                -40.0,
                -90.0,
                96.40000000000003,
                -100,
                -100,
                -80.0
            ],
            "wins": [
                false,
                false,
                false,
                false,
                true,
                false,
                false,
                false
            ]
        },
        {
            "gain": -433.59999999999997,
            "fitness": -6.006829071424683,
            "fitness_balanced": 4.5319398588648685,
            "gains": [
                -40.0,
                -80.0,
                -40.0,
                -90.0,
                96.40000000000003,
                -100,
                -100,
                -80.0
            ],
            "wins": [
                false,
                false,
                false,
                false,
                true,
                false,
                false,
                false
            ]
        },
        {
            "gain": -433.59999999999997,
            "fitness": -6.006829071424683,
            "fitness_balanced": 4.5319398588648685,
            "gains": [
                -40.0,
                -80.0,
                -40.0,
                -90.0,
                96.40000000000003,
                -100,
                -100,
                -80.0
            ],
            "wins": [
                false,
                false,
                false,
                false,
                true,
                false,
                false,
                false
            ]
        }
    ]
}