{
    "gen": 29,
    "enemies": [
        7
    ],
    "results": [
        {
            "gain": -13.799999999999983,
            "fitness": 57.46600563973526,
            "fitness_balanced": 39.222347676777346,
            "wins": [
                0.2
            ]
        }
    ]
}