{
    "gen": 29,
    "enemies": [
        1,
        2,
        3,
        4,
        5,
        6,
        7,
        8
    ],
    "results": [
        {
            "gain": -188.39999999999964,
            "fitness": 14.305295037643205,
            "fitness_balanced": 0.5354432253881285,
            "gains": [
                -40.0,
                -10.0,
                -70.0,
                -70.0,
                70.60000000000028,
                -80.0,
                91.00000000000009,
                -80.0
            ],
            "wins": [
                false,
                false,
                false,
                false,
                true,
                false,
                true,
                false
            ]
        },
        {
            "gain": -188.39999999999964,
            "fitness": 14.305295037643205,
            "fitness_balanced": 0.5354432253881285,
            "gains": [
                -40.0,
                -10.0,
                -70.0,
                -70.0,
                70.60000000000028,
                -80.0,
                91.00000000000009,
                -80.0
            ],
            "wins": [
                false,
                false,
                false,
                false,
                true,
                false,
                true,
                false
            ]
        },
        {
            "gain": -188.39999999999964,
            "fitness": 14.305295037643205,
            "fitness_balanced": 0.5354432253881285,
            "gains": [
                -40.0,
                -10.0,
                -70.0,
                -70.0,
                70.60000000000028,
                -80.0,
                91.00000000000009,
                -80.0
            ],
            "wins": [
                false,
                false,
                false,
                false,
                true,
                false,
                true,
                false
            ]
        },
        {
            "gain": -188.39999999999964,
            "fitness": 14.305295037643205,
            "fitness_balanced": 0.5354432253881285,
            "gains": [
                -40.0,
                -10.0,
                -70.0,
                -70.0,
                70.60000000000028,
                -80.0,
                91.00000000000009,
                -80.0
            ],
            "wins": [
                false,
                false,
                false,
                false,
                true,
                false,
                true,
                false
            ]
        },
        {
            "gain": -188.39999999999964,
            "fitness": 14.305295037643205,
            "fitness_balanced": 0.5354432253881285,
            "gains": [
                -40.0,
                -10.0,
                -70.0,
                -70.0,
                70.60000000000028,
                -80.0,
                91.00000000000009,
                -80.0
            ],
            "wins": [
                false,
                false,
                false,
                false,
                true,
                false,
                true,
                false
            ]
        }
    ]
}