{
    "gen": 29,
    "enemies": [
        1
    ],
    "results": [
        {
            "gain": -4.5,
            "fitness": 62.28349946187973,
            "fitness_balanced": 34.19486503108351,
            "wins": [
                0.25
            ]
        }
    ]
}