{
    "gen": 29,
    "enemies": [
        8
    ],
    "results": [
        {
            "gain": 91.00000000000009,
            "fitness": 93.75289246928254,
            "fitness_balanced": 90.14814186652397,
            "wins": [
                true
            ]
        }
    ]
}