{
    "gen": 29,
    "enemies": [
        7
    ],
    "results": [
        {
            "gain": 19.040000000000163,
            "fitness": 78.37423242785374,
            "fitness_balanced": 54.98835394814508,
            "wins": [
                0.6
            ]
        }
    ]
}