{
    "gen": 29,
    "enemies": [
        1,
        2,
        3,
        4,
        5,
        6,
        7,
        8
    ],
    "results": [
        {
            "gain": -302.59999999999957,
            "fitness": 1.5655769594174629,
            "fitness_balanced": -6.022059102668095,
            "gains": [
                -90.0,
                -30.0,
                -70.0,
                -50.0,
                -90.0,
                -100,
                87.40000000000012,
                40.000000000000284
            ],
            "wins": [
                false,
                false,
                false,
                false,
                false,
                false,
                true,
                true
            ]
        },
        {
            "gain": -302.59999999999957,
            "fitness": 1.5655769594174629,
            "fitness_balanced": -6.022059102668095,
            "gains": [
                -90.0,
                -30.0,
                -70.0,
                -50.0,
                -90.0,
                -100,
                87.40000000000012,
                40.000000000000284
            ],
            "wins": [
                false,
                false,
                false,
                false,
                false,
                false,
                true,
                true
            ]
        },
        {
            "gain": -302.59999999999957,
            "fitness": 1.5655769594174629,
            "fitness_balanced": -6.022059102668095,
            "gains": [
                -90.0,
                -30.0,
                -70.0,
                -50.0,
                -90.0,
                -100,
                87.40000000000012,
                40.000000000000284
            ],
            "wins": [
                false,
                false,
                false,
                false,
                false,
                false,
                true,
                true
            ]
        },
        {
            "gain": -302.59999999999957,
            "fitness": 1.5655769594174629,
            "fitness_balanced": -6.022059102668095,
            "gains": [
                -90.0,
                -30.0,
                -70.0,
                -50.0,
                -90.0,
                -100,
                87.40000000000012,
                40.000000000000284
            ],
            "wins": [
                false,
                false,
                false,
                false,
                false,
                false,
                true,
                true
            ]
        },
        {
            "gain": -302.59999999999957,
            "fitness": 1.5655769594174629,
            "fitness_balanced": -6.022059102668095,
            "gains": [
                -90.0,
                -30.0,
                -70.0,
                -50.0,
                -90.0,
                -100,
                87.40000000000012,
                40.000000000000284
            ],
            "wins": [
                false,
                false,
                false,
                false,
                false,
                false,
                true,
                true
            ]
        }
    ]
}