{
    "gen": 29,
    "enemies": [
        7
    ],
    "results": [
        {
            "gain": 10.84000000000005,
            "fitness": 66.20283184479713,
            "fitness_balanced": 87.719827390983,
            "wins": [
                0.4
            ]
        }
    ]
}