{
    "gen": 29,
    "enemies": [
        4
    ],
    "results": [
        {
            "gain": 57.400000000000325,
            "fitness": 88.80462955398492,
            "fitness_balanced": 71.76365726416611,
            "wins": [
                true
            ]
        }
    ]
}