{
    "gen": 29,
    "enemies": [
        1,
        2,
        3,
        4,
        5,
        6,
        7,
        8
    ],
    "results": [
        {
            "gain": -343.19999999999936,
            "fitness": 0.9991437072566143,
            "fitness_balanced": -5.178064925716836,
            "gains": [
                -100,
                -40.0,
                -90.0,
                -70.0,
                35.20000000000027,
                61.600000000000335,
                -50.0,
                -90.0
            ],
            "wins": [
                false,
                false,
                false,
                false,
                true,
                true,
                false,
                false
            ]
        },
        {
            "gain": -343.19999999999936,
            "fitness": 0.9991437072566143,
            "fitness_balanced": -5.178064925716836,
            "gains": [
                -100,
                -40.0,
                -90.0,
                -70.0,
                35.20000000000027,
                61.600000000000335,
                -50.0,
                -90.0
            ],
            "wins": [
                false,
                false,
                false,
                false,
                true,
                true,
                false,
                false
            ]
        },
        {
            "gain": -343.19999999999936,
            "fitness": 0.9991437072566143,
            "fitness_balanced": -5.178064925716836,
            "gains": [
                -100,
                -40.0,
                -90.0,
                -70.0,
                35.20000000000027,
                61.600000000000335,
                -50.0,
                -90.0
            ],
            "wins": [
                false,
                false,
                false,
                false,
                true,
                true,
                false,
                false
            ]
        },
        {
            "gain": -343.19999999999936,
            "fitness": 0.9991437072566143,
            "fitness_balanced": -5.178064925716836,
            "gains": [
                -100,
                -40.0,
                -90.0,
                -70.0,
                35.20000000000027,
                61.600000000000335,
                -50.0,
                -90.0
            ],
            "wins": [
                false,
                false,
                false,
                false,
                true,
                true,
                false,
                false
            ]
        },
        {
            "gain": -343.19999999999936,
            "fitness": 0.9991437072566143,
            "fitness_balanced": -5.178064925716836,
            "gains": [
                -100,
                -40.0,
                -90.0,
                -70.0,
                35.20000000000027,
                61.600000000000335,
                -50.0,
                -90.0
            ],
            "wins": [
                false,
                false,
                false,
                false,
                true,
                true,
                false,
                false
            ]
        }
    ]
}